date,temp_max,temp_min,precipitation,destination
2022-01-01,26.9,8.0,0.0,Marrakech
2022-01-02,25.1,6.5,0.0,Marrakech
2022-01-03,24.2,6.5,0.0,Marrakech
2022-01-04,21.8,6.1,0.0,Marrakech
2022-01-05,19.3,7.7,0.6,Marrakech
2022-01-06,19.5,4.9,0.0,Marrakech
2022-01-07,18.9,7.3,0.0,Marrakech
2022-01-08,22.4,4.6,0.0,Marrakech
2022-01-09,23.1,4.7,0.0,Marrakech
2022-01-10,20.8,4.7,0.0,Marrakech
2022-01-11,17.0,7.1,0.0,Marrakech
2022-01-12,21.8,3.9,0.0,Marrakech
2022-01-13,22.6,3.5,0.0,Marrakech
2022-01-14,22.4,6.6,0.0,Marrakech
2022-01-15,21.9,5.8,0.0,Marrakech
2022-01-16,22.3,4.6,0.0,Marrakech
2022-01-17,20.8,5.1,0.0,Marrakech
2022-01-18,20.3,6.0,0.0,Marrakech
2022-01-19,21.9,4.2,0.0,Marrakech
2022-01-20,21.4,4.6,0.0,Marrakech
2022-01-21,23.7,5.7,0.0,Marrakech
2022-01-22,27.7,10.2,0.2,Marrakech
2022-01-23,23.4,10.3,0.0,Marrakech
2022-01-24,20.5,8.1,0.1,Marrakech
2022-01-25,18.2,8.9,14.8,Marrakech
2022-01-26,16.6,7.1,4.7,Marrakech
2022-01-27,20.2,5.0,0.0,Marrakech
2022-01-28,20.1,8.9,0.9,Marrakech
2022-01-29,23.1,9.7,0.0,Marrakech
2022-01-30,26.0,8.1,0.0,Marrakech
2022-01-31,25.5,10.6,0.8,Marrakech
2022-02-01,25.6,9.1,0.0,Marrakech
2022-02-02,26.3,5.3,0.0,Marrakech
2022-02-03,26.4,8.7,0.0,Marrakech
2022-02-04,25.6,10.1,0.1,Marrakech
2022-02-05,25.3,10.6,0.0,Marrakech
2022-02-06,23.1,10.9,0.9,Marrakech
2022-02-07,26.1,9.3,0.0,Marrakech
2022-02-08,26.7,7.7,0.0,Marrakech
2022-02-09,26.5,8.0,0.0,Marrakech
2022-02-10,25.9,12.3,0.0,Marrakech
2022-02-11,18.7,7.6,1.1,Marrakech
2022-02-12,21.1,4.8,0.0,Marrakech
2022-02-13,22.0,5.0,0.0,Marrakech
2022-02-14,21.2,5.9,0.0,Marrakech
2022-02-15,20.7,7.4,0.0,Marrakech
2022-02-16,24.4,5.0,0.0,Marrakech
2022-02-17,25.3,5.4,0.0,Marrakech
2022-02-18,21.8,6.1,0.0,Marrakech
2022-02-19,20.1,10.7,0.1,Marrakech
2022-02-20,22.4,10.4,0.0,Marrakech
2022-02-21,25.7,8.9,0.0,Marrakech
2022-02-22,29.1,8.2,0.0,Marrakech
2022-02-23,28.5,13.3,3.3,Marrakech
2022-02-24,26.6,12.0,1.3,Marrakech
2022-02-25,24.8,11.3,0.6,Marrakech
2022-02-26,21.4,10.6,9.3,Marrakech
2022-02-27,17.9,11.2,6.9,Marrakech
2022-02-28,22.1,10.3,0.0,Marrakech
2022-03-01,24.6,9.7,0.0,Marrakech
2022-03-02,22.2,7.8,0.0,Marrakech
2022-03-03,21.3,6.8,0.0,Marrakech
2022-03-04,18.1,10.0,1.1,Marrakech
2022-03-05,18.2,6.0,0.0,Marrakech
2022-03-06,14.0,7.6,30.3,Marrakech
2022-03-07,17.6,5.9,0.0,Marrakech
2022-03-08,19.6,6.1,0.0,Marrakech
2022-03-09,22.4,5.5,0.0,Marrakech
2022-03-10,22.0,8.1,0.0,Marrakech
2022-03-11,23.2,5.8,0.0,Marrakech
2022-03-12,21.4,9.3,0.0,Marrakech
2022-03-13,22.1,8.9,0.0,Marrakech
2022-03-14,14.8,7.1,9.0,Marrakech
2022-03-15,17.7,3.3,8.6,Marrakech
2022-03-16,14.8,6.5,4.3,Marrakech
2022-03-17,16.9,9.3,0.5,Marrakech
2022-03-18,20.4,6.8,0.2,Marrakech
2022-03-19,23.5,7.5,0.0,Marrakech
2022-03-20,19.4,10.7,0.0,Marrakech
2022-03-21,20.8,11.2,0.0,Marrakech
2022-03-22,20.1,10.7,0.0,Marrakech
2022-03-23,18.5,8.9,9.6,Marrakech
2022-03-24,17.2,6.3,12.1,Marrakech
2022-03-25,18.0,7.0,3.8,Marrakech
2022-03-26,20.2,6.7,0.1,Marrakech
2022-03-27,25.5,7.4,0.0,Marrakech
2022-03-28,23.1,11.0,0.3,Marrakech
2022-03-29,19.9,11.3,4.8,Marrakech
2022-03-30,17.5,10.6,12.1,Marrakech
2022-03-31,19.9,9.0,0.0,Marrakech
2022-04-01,22.3,10.6,0.0,Marrakech
2022-04-02,25.0,8.6,0.0,Marrakech
2022-04-03,21.7,11.9,0.1,Marrakech
2022-04-04,15.9,9.7,8.5,Marrakech
2022-04-05,16.1,6.8,0.1,Marrakech
2022-04-06,18.1,7.9,1.5,Marrakech
2022-04-07,21.9,7.3,0.0,Marrakech
2022-04-08,25.6,8.7,0.0,Marrakech
2022-04-09,29.0,8.8,0.0,Marrakech
2022-04-10,32.3,11.6,0.0,Marrakech
2022-04-11,22.4,11.0,0.0,Marrakech
2022-04-12,22.3,12.4,1.4,Marrakech
2022-04-13,22.7,12.5,0.0,Marrakech
2022-04-14,26.3,8.4,0.0,Marrakech
2022-04-15,29.0,8.7,0.0,Marrakech
2022-04-16,33.0,10.8,0.0,Marrakech
2022-04-17,33.4,14.2,0.0,Marrakech
2022-04-18,32.4,14.5,0.0,Marrakech
2022-04-19,25.3,12.2,0.0,Marrakech
2022-04-20,21.5,9.3,0.0,Marrakech
2022-04-21,22.6,9.5,0.0,Marrakech
2022-04-22,22.6,7.8,0.0,Marrakech
2022-04-23,22.6,11.6,0.4,Marrakech
2022-04-24,21.9,11.9,0.0,Marrakech
2022-04-25,25.5,11.3,0.0,Marrakech
2022-04-26,25.9,13.1,0.0,Marrakech
2022-04-27,25.3,12.1,0.0,Marrakech
2022-04-28,26.1,12.1,0.0,Marrakech
2022-04-29,28.3,11.0,0.0,Marrakech
2022-04-30,30.8,11.8,0.0,Marrakech
2022-05-01,31.4,14.4,0.0,Marrakech
2022-05-02,27.6,13.8,0.0,Marrakech
2022-05-03,23.2,12.7,0.4,Marrakech
2022-05-04,24.8,11.0,0.0,Marrakech
2022-05-05,29.0,11.4,0.0,Marrakech
2022-05-06,33.8,12.2,0.0,Marrakech
2022-05-07,34.5,13.9,0.0,Marrakech
2022-05-08,37.3,15.0,0.0,Marrakech
2022-05-09,39.5,16.2,0.0,Marrakech
2022-05-10,37.2,19.1,0.0,Marrakech
2022-05-11,34.3,19.0,0.0,Marrakech
2022-05-12,33.4,19.9,2.7,Marrakech
2022-05-13,35.1,16.7,0.0,Marrakech
2022-05-14,31.3,18.9,0.0,Marrakech
2022-05-15,30.4,15.3,0.0,Marrakech
2022-05-16,33.1,16.2,0.0,Marrakech
2022-05-17,35.0,17.1,0.0,Marrakech
2022-05-18,36.2,17.1,0.0,Marrakech
2022-05-19,43.1,17.6,0.0,Marrakech
2022-05-20,39.0,22.1,0.0,Marrakech
2022-05-21,34.7,17.8,0.0,Marrakech
2022-05-22,34.5,17.0,0.0,Marrakech
2022-05-23,34.8,18.3,1.0,Marrakech
2022-05-24,30.0,16.7,0.0,Marrakech
2022-05-25,30.8,14.0,0.0,Marrakech
2022-05-26,35.3,16.7,0.0,Marrakech
2022-05-27,35.5,18.3,0.2,Marrakech
2022-05-28,33.1,19.6,0.1,Marrakech
2022-05-29,27.5,16.2,0.0,Marrakech
2022-05-30,29.9,14.2,0.0,Marrakech
2022-05-31,33.2,15.2,0.0,Marrakech
2022-06-01,32.2,16.2,0.0,Marrakech
2022-06-02,29.2,17.8,0.0,Marrakech
2022-06-03,29.3,17.0,0.0,Marrakech
2022-06-04,29.8,17.1,0.2,Marrakech
2022-06-05,33.5,15.8,0.0,Marrakech
2022-06-06,35.9,17.3,0.0,Marrakech
2022-06-07,35.9,19.6,0.0,Marrakech
2022-06-08,37.0,18.7,0.0,Marrakech
2022-06-09,38.8,19.4,0.0,Marrakech
2022-06-10,38.5,20.3,0.0,Marrakech
2022-06-11,42.2,21.2,0.0,Marrakech
2022-06-12,41.9,22.4,0.0,Marrakech
2022-06-13,37.7,25.2,0.0,Marrakech
2022-06-14,37.5,22.0,0.3,Marrakech
2022-06-15,32.9,24.3,0.1,Marrakech
2022-06-16,32.9,18.6,0.0,Marrakech
2022-06-17,38.9,19.6,0.2,Marrakech
2022-06-18,39.1,18.9,0.0,Marrakech
2022-06-19,38.3,20.8,0.0,Marrakech
2022-06-20,33.7,19.2,0.6,Marrakech
2022-06-21,30.8,19.4,0.0,Marrakech
2022-06-22,30.5,16.0,0.0,Marrakech
2022-06-23,30.8,16.0,0.0,Marrakech
2022-06-24,30.4,16.4,0.0,Marrakech
2022-06-25,31.2,16.7,0.0,Marrakech
2022-06-26,30.7,16.5,0.0,Marrakech
2022-06-27,29.7,15.0,0.0,Marrakech
2022-06-28,32.5,15.2,0.0,Marrakech
2022-06-29,31.5,16.4,0.0,Marrakech
2022-06-30,30.9,16.2,0.0,Marrakech
2022-07-01,31.5,15.7,0.0,Marrakech
2022-07-02,32.7,16.9,0.0,Marrakech
2022-07-03,33.7,17.9,0.0,Marrakech
2022-07-04,36.4,19.1,0.0,Marrakech
2022-07-05,35.7,19.5,0.0,Marrakech
2022-07-06,39.6,20.3,0.1,Marrakech
2022-07-07,44.1,22.1,0.0,Marrakech
2022-07-08,45.5,25.6,0.0,Marrakech
2022-07-09,45.1,25.3,0.0,Marrakech
2022-07-10,45.0,24.5,0.0,Marrakech
2022-07-11,44.2,23.9,0.0,Marrakech
2022-07-12,40.4,23.3,0.0,Marrakech
2022-07-13,45.5,23.1,0.0,Marrakech
2022-07-14,44.9,24.3,0.0,Marrakech
2022-07-15,42.4,24.2,0.0,Marrakech
2022-07-16,42.3,22.8,0.0,Marrakech
2022-07-17,41.3,23.2,0.0,Marrakech
2022-07-18,38.6,21.9,0.6,Marrakech
2022-07-19,41.6,25.2,0.1,Marrakech
2022-07-20,40.7,26.6,0.0,Marrakech
2022-07-21,43.8,24.8,0.0,Marrakech
2022-07-22,43.7,27.5,0.0,Marrakech
2022-07-23,43.3,26.1,0.0,Marrakech
2022-07-24,46.3,26.9,0.0,Marrakech
2022-07-25,45.0,31.0,0.0,Marrakech
2022-07-26,43.0,26.0,0.0,Marrakech
2022-07-27,39.2,24.0,0.0,Marrakech
2022-07-28,35.8,20.0,0.0,Marrakech
2022-07-29,37.4,20.7,0.0,Marrakech
2022-07-30,47.1,21.8,0.0,Marrakech
2022-07-31,46.4,24.6,0.0,Marrakech
2022-08-01,45.6,26.9,0.0,Marrakech
2022-08-02,45.1,31.5,0.0,Marrakech
2022-08-03,41.6,25.5,0.0,Marrakech
2022-08-04,42.3,22.3,0.0,Marrakech
2022-08-05,42.2,21.9,0.0,Marrakech
2022-08-06,41.7,22.6,0.0,Marrakech
2022-08-07,37.5,21.3,0.0,Marrakech
2022-08-08,36.4,19.2,0.0,Marrakech
2022-08-09,34.6,18.8,0.0,Marrakech
2022-08-10,34.9,19.3,0.0,Marrakech
2022-08-11,38.5,19.4,0.0,Marrakech
2022-08-12,41.9,23.1,0.0,Marrakech
2022-08-13,40.5,23.5,0.0,Marrakech
2022-08-14,35.6,22.5,0.0,Marrakech
2022-08-15,34.5,21.5,0.0,Marrakech
2022-08-16,33.0,19.2,0.0,Marrakech
2022-08-17,33.0,17.5,0.0,Marrakech
2022-08-18,37.7,17.7,0.0,Marrakech
2022-08-19,41.6,20.2,0.0,Marrakech
2022-08-20,42.9,23.9,0.0,Marrakech
2022-08-21,44.0,26.6,0.0,Marrakech
2022-08-22,43.0,24.4,0.0,Marrakech
2022-08-23,39.4,22.0,0.0,Marrakech
2022-08-24,35.6,21.3,0.0,Marrakech
2022-08-25,37.2,20.8,0.0,Marrakech
2022-08-26,35.9,20.3,0.0,Marrakech
2022-08-27,33.0,19.4,0.0,Marrakech
2022-08-28,33.9,18.7,0.0,Marrakech
2022-08-29,40.0,18.6,0.5,Marrakech
2022-08-30,32.0,25.1,0.0,Marrakech
2022-08-31,38.7,20.5,0.0,Marrakech
2022-09-01,38.0,23.7,0.1,Marrakech
2022-09-02,36.5,21.6,0.3,Marrakech
2022-09-03,33.2,20.5,0.0,Marrakech
2022-09-04,34.1,18.4,0.0,Marrakech
2022-09-05,35.0,18.7,0.0,Marrakech
2022-09-06,32.0,18.9,0.0,Marrakech
2022-09-07,33.9,18.0,0.0,Marrakech
2022-09-08,35.5,19.0,0.0,Marrakech
2022-09-09,37.3,18.9,0.0,Marrakech
2022-09-10,38.1,20.7,0.2,Marrakech
2022-09-11,41.9,24.4,0.4,Marrakech
2022-09-12,32.9,19.5,0.0,Marrakech
2022-09-13,30.5,19.4,0.0,Marrakech
2022-09-14,30.0,18.4,0.0,Marrakech
2022-09-15,29.7,19.8,0.0,Marrakech
2022-09-16,30.2,17.8,0.0,Marrakech
2022-09-17,31.3,17.7,0.0,Marrakech
2022-09-18,29.9,18.6,0.0,Marrakech
2022-09-19,29.8,20.0,0.0,Marrakech
2022-09-20,30.3,18.4,2.7,Marrakech
2022-09-21,32.8,17.1,0.1,Marrakech
2022-09-22,31.8,18.8,0.0,Marrakech
2022-09-23,31.7,17.7,0.0,Marrakech
2022-09-24,30.8,19.0,0.5,Marrakech
2022-09-25,22.0,17.4,12.8,Marrakech
2022-09-26,23.5,16.0,0.9,Marrakech
2022-09-27,27.1,15.3,0.0,Marrakech
2022-09-28,26.4,12.8,0.0,Marrakech
2022-09-29,25.8,13.8,0.0,Marrakech
2022-09-30,25.5,12.7,0.0,Marrakech
2022-10-01,28.8,12.5,0.0,Marrakech
2022-10-02,33.4,16.7,0.0,Marrakech
2022-10-03,34.3,15.3,0.0,Marrakech
2022-10-04,33.2,15.9,0.0,Marrakech
2022-10-05,31.3,16.7,0.0,Marrakech
2022-10-06,34.1,16.2,0.0,Marrakech
2022-10-07,35.8,17.2,0.0,Marrakech
2022-10-08,35.5,19.6,0.0,Marrakech
2022-10-09,30.2,19.8,0.6,Marrakech
2022-10-10,27.7,16.9,0.0,Marrakech
2022-10-11,25.3,15.5,4.4,Marrakech
2022-10-12,20.6,13.7,25.3,Marrakech
2022-10-13,23.9,11.6,0.0,Marrakech
2022-10-14,29.5,12.2,0.0,Marrakech
2022-10-15,31.9,16.3,0.0,Marrakech
2022-10-16,25.5,16.8,0.3,Marrakech
2022-10-17,33.7,15.6,0.0,Marrakech
2022-10-18,35.1,18.9,0.0,Marrakech
2022-10-19,34.3,15.4,0.0,Marrakech
2022-10-20,33.2,17.1,0.0,Marrakech
2022-10-21,35.6,15.6,0.0,Marrakech
2022-10-22,35.5,18.9,0.0,Marrakech
2022-10-23,34.2,14.2,0.0,Marrakech
2022-10-24,35.6,13.0,0.0,Marrakech
2022-10-25,35.7,19.4,0.0,Marrakech
2022-10-26,35.3,16.7,0.0,Marrakech
2022-10-27,35.0,16.8,0.0,Marrakech
2022-10-28,34.1,13.1,0.0,Marrakech
2022-10-29,34.5,15.6,0.0,Marrakech
2022-10-30,33.7,17.0,0.0,Marrakech
2022-10-31,33.0,15.3,0.0,Marrakech
2022-11-01,30.9,16.6,0.0,Marrakech
2022-11-02,30.5,17.2,0.0,Marrakech
2022-11-03,29.2,14.4,0.0,Marrakech
2022-11-04,28.9,14.6,0.0,Marrakech
2022-11-05,28.6,13.6,0.0,Marrakech
2022-11-06,29.0,13.9,0.0,Marrakech
2022-11-07,29.6,13.1,0.0,Marrakech
2022-11-08,29.1,13.3,0.0,Marrakech
2022-11-09,27.7,11.9,0.0,Marrakech
2022-11-10,26.9,11.2,0.0,Marrakech
2022-11-11,28.0,10.7,0.0,Marrakech
2022-11-12,31.7,12.0,0.0,Marrakech
2022-11-13,30.3,13.9,0.0,Marrakech
2022-11-14,30.0,12.1,0.0,Marrakech
2022-11-15,29.6,11.4,0.0,Marrakech
2022-11-16,27.4,11.2,0.0,Marrakech
2022-11-17,26.4,11.4,0.0,Marrakech
2022-11-18,23.2,12.5,0.5,Marrakech
2022-11-19,21.2,10.9,0.0,Marrakech
2022-11-20,23.0,7.7,0.0,Marrakech
2022-11-21,25.9,10.0,0.0,Marrakech
2022-11-22,25.1,8.3,0.0,Marrakech
2022-11-23,25.5,10.3,0.0,Marrakech
2022-11-24,27.4,10.1,0.0,Marrakech
2022-11-25,28.4,11.9,0.0,Marrakech
2022-11-26,28.8,9.7,0.0,Marrakech
2022-11-27,28.9,10.4,0.0,Marrakech
2022-11-28,26.6,9.1,0.0,Marrakech
2022-11-29,25.2,8.4,0.0,Marrakech
2022-11-30,23.8,6.4,0.0,Marrakech
2022-12-01,19.5,7.9,7.8,Marrakech
2022-12-02,18.7,11.1,9.1,Marrakech
2022-12-03,19.4,12.1,0.4,Marrakech
2022-12-04,22.4,11.6,0.0,Marrakech
2022-12-05,19.4,9.6,0.2,Marrakech
2022-12-06,20.4,10.3,0.0,Marrakech
2022-12-07,22.0,10.3,0.2,Marrakech
2022-12-08,19.4,13.0,7.9,Marrakech
2022-12-09,20.3,11.6,0.8,Marrakech
2022-12-10,20.8,10.0,0.0,Marrakech
2022-12-11,23.1,10.8,0.3,Marrakech
2022-12-12,23.4,12.2,0.0,Marrakech
2022-12-13,26.8,12.2,0.0,Marrakech
2022-12-14,26.0,12.0,23.8,Marrakech
2022-12-15,18.9,9.5,1.0,Marrakech
2022-12-16,19.3,11.3,0.8,Marrakech
2022-12-17,19.4,9.2,0.0,Marrakech
2022-12-18,22.0,7.3,0.0,Marrakech
2022-12-19,23.0,8.1,0.0,Marrakech
2022-12-20,22.9,7.9,0.0,Marrakech
2022-12-21,21.9,6.9,0.0,Marrakech
2022-12-22,22.6,7.0,0.0,Marrakech
2022-12-23,23.6,8.2,0.0,Marrakech
2022-12-24,23.8,8.3,0.0,Marrakech
2022-12-25,23.8,8.5,0.0,Marrakech
2022-12-26,23.8,5.9,0.0,Marrakech
2022-12-27,23.2,4.1,0.0,Marrakech
2022-12-28,22.9,4.4,0.0,Marrakech
2022-12-29,23.3,5.8,0.0,Marrakech
2022-12-30,23.7,6.2,0.0,Marrakech
2022-12-31,22.9,8.4,0.0,Marrakech
2023-01-01,22.4,7.3,0.0,Marrakech
2023-01-02,22.0,6.8,0.0,Marrakech
2023-01-03,22.1,6.6,0.0,Marrakech
2023-01-04,21.8,6.2,0.0,Marrakech
2023-01-05,21.7,4.7,0.0,Marrakech
2023-01-06,21.4,5.1,0.0,Marrakech
2023-01-07,21.0,6.4,0.0,Marrakech
2023-01-08,21.5,5.2,0.0,Marrakech
2023-01-09,22.2,5.9,0.0,Marrakech
2023-01-10,23.1,6.5,0.0,Marrakech
2023-01-11,18.9,7.7,0.0,Marrakech
2023-01-12,20.0,6.6,0.0,Marrakech
2023-01-13,22.0,5.1,0.0,Marrakech
2023-01-14,22.7,7.8,0.0,Marrakech
2023-01-15,23.2,8.1,0.0,Marrakech
2023-01-16,19.9,6.2,0.0,Marrakech
2023-01-17,17.3,6.4,0.0,Marrakech
2023-01-18,16.9,8.7,0.1,Marrakech
2023-01-19,17.5,6.3,0.0,Marrakech
2023-01-20,18.4,2.4,0.0,Marrakech
2023-01-21,19.3,3.4,0.0,Marrakech
2023-01-22,19.6,6.9,0.0,Marrakech
2023-01-23,18.1,4.6,0.0,Marrakech
2023-01-24,16.8,1.9,0.0,Marrakech
2023-01-25,15.7,1.3,0.0,Marrakech
2023-01-26,15.8,0.2,0.0,Marrakech
2023-01-27,13.5,4.4,10.4,Marrakech
2023-01-28,14.6,2.8,0.0,Marrakech
2023-01-29,14.7,1.2,0.0,Marrakech
2023-01-30,16.9,1.2,0.4,Marrakech
2023-01-31,17.8,3.1,1.0,Marrakech
2023-02-01,16.3,4.8,0.0,Marrakech
2023-02-02,17.5,2.0,0.0,Marrakech
2023-02-03,18.6,1.0,0.0,Marrakech
2023-02-04,19.3,4.2,0.0,Marrakech
2023-02-05,20.4,2.2,0.0,Marrakech
2023-02-06,20.3,3.5,0.0,Marrakech
2023-02-07,16.9,5.7,0.2,Marrakech
2023-02-08,18.5,5.2,0.0,Marrakech
2023-02-09,21.6,6.5,0.1,Marrakech
2023-02-10,20.1,9.4,0.0,Marrakech
2023-02-11,22.8,5.8,0.0,Marrakech
2023-02-12,24.4,7.4,0.0,Marrakech
2023-02-13,25.0,7.0,0.1,Marrakech
2023-02-14,18.3,12.2,0.7,Marrakech
2023-02-15,13.9,6.6,8.7,Marrakech
2023-02-16,15.7,5.6,5.3,Marrakech
2023-02-17,18.2,12.2,0.2,Marrakech
2023-02-18,24.4,10.7,0.9,Marrakech
2023-02-19,23.6,7.6,0.0,Marrakech
2023-02-20,25.9,8.6,0.0,Marrakech
2023-02-21,28.0,9.3,0.0,Marrakech
2023-02-22,25.1,9.2,0.0,Marrakech
2023-02-23,22.4,8.7,3.8,Marrakech
2023-02-24,14.2,8.7,15.4,Marrakech
2023-02-25,16.1,5.5,0.0,Marrakech
2023-02-26,13.2,7.8,24.5,Marrakech
2023-02-27,17.2,8.8,10.5,Marrakech
2023-02-28,19.6,6.4,0.2,Marrakech
2023-03-01,18.4,10.1,0.9,Marrakech
2023-03-02,20.0,7.4,0.7,Marrakech
2023-03-03,19.8,11.5,1.2,Marrakech
2023-03-04,21.3,8.8,0.0,Marrakech
2023-03-05,23.7,9.8,0.0,Marrakech
2023-03-06,23.5,8.5,0.0,Marrakech
2023-03-07,25.3,10.2,0.0,Marrakech
2023-03-08,25.7,11.8,0.0,Marrakech
2023-03-09,26.2,11.4,0.0,Marrakech
2023-03-10,30.2,10.9,0.0,Marrakech
2023-03-11,32.7,11.1,0.0,Marrakech
2023-03-12,32.6,10.5,0.0,Marrakech
2023-03-13,30.5,12.3,0.0,Marrakech
2023-03-14,29.4,10.4,0.0,Marrakech
2023-03-15,33.0,11.3,0.0,Marrakech
2023-03-16,29.0,12.6,0.0,Marrakech
2023-03-17,25.6,11.6,0.4,Marrakech
2023-03-18,21.9,11.5,0.0,Marrakech
2023-03-19,22.8,7.7,0.0,Marrakech
2023-03-20,25.7,8.5,0.0,Marrakech
2023-03-21,27.8,10.5,0.0,Marrakech
2023-03-22,29.4,10.6,0.0,Marrakech
2023-03-23,31.2,11.2,0.0,Marrakech
2023-03-24,30.6,10.2,0.0,Marrakech
2023-03-25,32.4,10.9,0.0,Marrakech
2023-03-26,34.2,12.5,0.0,Marrakech
2023-03-27,34.2,14.2,0.0,Marrakech
2023-03-28,34.4,14.6,0.0,Marrakech
2023-03-29,36.2,15.5,0.0,Marrakech
2023-03-30,35.0,14.9,0.0,Marrakech
2023-03-31,32.6,13.8,0.0,Marrakech
2023-04-01,31.3,13.6,0.0,Marrakech
2023-04-02,29.6,12.8,0.0,Marrakech
2023-04-03,29.6,13.7,0.0,Marrakech
2023-04-04,22.1,10.7,4.2,Marrakech
2023-04-05,16.9,7.3,24.8,Marrakech
2023-04-06,24.6,9.6,0.0,Marrakech
2023-04-07,27.6,10.8,0.0,Marrakech
2023-04-08,27.7,14.2,1.0,Marrakech
2023-04-09,29.8,10.6,0.8,Marrakech
2023-04-10,30.8,11.9,0.0,Marrakech
2023-04-11,32.2,11.6,0.0,Marrakech
2023-04-12,31.5,13.2,0.0,Marrakech
2023-04-13,27.4,11.9,0.0,Marrakech
2023-04-14,29.7,10.6,0.0,Marrakech
2023-04-15,33.2,11.1,0.0,Marrakech
2023-04-16,34.9,12.1,0.0,Marrakech
2023-04-17,36.0,15.7,0.0,Marrakech
2023-04-18,31.1,15.7,0.4,Marrakech
2023-04-19,25.2,14.9,6.6,Marrakech
2023-04-20,27.0,14.0,0.0,Marrakech
2023-04-21,25.9,12.8,0.0,Marrakech
2023-04-22,27.8,11.8,0.0,Marrakech
2023-04-23,31.5,14.0,0.0,Marrakech
2023-04-24,35.8,14.2,0.0,Marrakech
2023-04-25,38.7,15.8,0.0,Marrakech
2023-04-26,39.7,21.0,0.1,Marrakech
2023-04-27,41.0,20.0,0.0,Marrakech
2023-04-28,35.6,21.0,0.0,Marrakech
2023-04-29,34.4,17.5,0.0,Marrakech
2023-04-30,32.8,18.7,0.0,Marrakech
2023-05-01,33.3,15.2,0.0,Marrakech
2023-05-02,37.9,16.1,0.0,Marrakech
2023-05-03,34.2,18.5,0.0,Marrakech
2023-05-04,32.1,16.7,0.0,Marrakech
2023-05-05,30.2,16.4,0.0,Marrakech
2023-05-06,28.9,14.4,0.0,Marrakech
2023-05-07,31.2,13.8,0.0,Marrakech
2023-05-08,35.6,15.4,0.0,Marrakech
2023-05-09,37.5,17.4,0.0,Marrakech
2023-05-10,37.6,17.7,0.0,Marrakech
2023-05-11,34.4,17.8,0.0,Marrakech
2023-05-12,32.0,15.6,0.0,Marrakech
2023-05-13,28.6,15.1,0.0,Marrakech
2023-05-14,29.2,12.8,0.0,Marrakech
2023-05-15,31.8,13.6,0.0,Marrakech
2023-05-16,28.4,14.2,0.2,Marrakech
2023-05-17,24.6,13.7,5.4,Marrakech
2023-05-18,22.5,12.3,1.8,Marrakech
2023-05-19,26.0,10.7,0.0,Marrakech
2023-05-20,26.8,12.3,0.0,Marrakech
2023-05-21,19.3,14.1,14.4,Marrakech
2023-05-22,24.0,11.7,0.4,Marrakech
2023-05-23,24.1,13.7,0.3,Marrakech
2023-05-24,27.6,12.8,0.0,Marrakech
2023-05-25,30.8,15.3,0.0,Marrakech
2023-05-26,26.6,16.9,1.5,Marrakech
2023-05-27,24.6,14.8,6.5,Marrakech
2023-05-28,25.4,15.1,4.2,Marrakech
2023-05-29,25.9,15.0,2.3,Marrakech
2023-05-30,27.9,13.6,0.5,Marrakech
2023-05-31,30.7,14.6,0.1,Marrakech
2023-06-01,29.5,15.7,0.0,Marrakech
2023-06-02,29.2,17.4,0.0,Marrakech
2023-06-03,29.6,17.3,0.0,Marrakech
2023-06-04,31.0,17.7,0.0,Marrakech
2023-06-05,31.7,17.4,0.0,Marrakech
2023-06-06,31.6,19.8,0.0,Marrakech
2023-06-07,33.9,18.5,0.0,Marrakech
2023-06-08,28.2,20.5,0.5,Marrakech
2023-06-09,29.4,16.2,0.0,Marrakech
2023-06-10,30.3,18.6,0.9,Marrakech
2023-06-11,32.6,17.1,0.0,Marrakech
2023-06-12,32.1,18.3,0.0,Marrakech
2023-06-13,29.8,17.1,0.0,Marrakech
2023-06-14,33.5,16.2,0.0,Marrakech
2023-06-15,38.1,18.2,0.0,Marrakech
2023-06-16,38.7,21.2,0.0,Marrakech
2023-06-17,35.0,19.5,0.0,Marrakech
2023-06-18,33.3,18.9,0.0,Marrakech
2023-06-19,31.9,17.7,0.0,Marrakech
2023-06-20,31.4,19.8,0.4,Marrakech
2023-06-21,32.3,19.1,0.0,Marrakech
2023-06-22,35.4,18.9,0.0,Marrakech
2023-06-23,38.1,20.6,0.0,Marrakech
2023-06-24,41.5,20.2,0.0,Marrakech
2023-06-25,45.4,22.6,0.0,Marrakech
2023-06-26,44.4,24.4,0.0,Marrakech
2023-06-27,45.1,26.3,0.0,Marrakech
2023-06-28,42.3,24.1,0.0,Marrakech
2023-06-29,39.1,21.4,0.0,Marrakech
2023-06-30,39.6,21.2,0.0,Marrakech
2023-07-01,38.7,19.8,0.0,Marrakech
2023-07-02,41.1,21.5,0.0,Marrakech
2023-07-03,40.0,22.2,0.0,Marrakech
2023-07-04,39.2,22.4,0.0,Marrakech
2023-07-05,39.5,22.0,0.0,Marrakech
2023-07-06,39.0,22.4,0.0,Marrakech
2023-07-07,34.0,19.2,0.0,Marrakech
2023-07-08,34.8,18.6,0.0,Marrakech
2023-07-09,36.9,19.8,0.0,Marrakech
2023-07-10,43.3,21.0,0.0,Marrakech
2023-07-11,45.9,24.1,0.0,Marrakech
2023-07-12,45.7,25.8,0.0,Marrakech
2023-07-13,46.0,24.6,0.0,Marrakech
2023-07-14,41.2,22.8,0.0,Marrakech
2023-07-15,35.8,20.8,0.0,Marrakech
2023-07-16,37.0,19.8,0.0,Marrakech
2023-07-17,40.4,20.3,0.0,Marrakech
2023-07-18,43.4,25.8,1.0,Marrakech
2023-07-19,40.5,25.1,0.0,Marrakech
2023-07-20,38.8,22.4,0.0,Marrakech
2023-07-21,37.5,21.1,0.0,Marrakech
2023-07-22,36.0,19.8,0.0,Marrakech
2023-07-23,37.5,20.3,0.0,Marrakech
2023-07-24,36.1,21.0,0.0,Marrakech
2023-07-25,35.4,18.9,0.0,Marrakech
2023-07-26,35.7,18.7,0.0,Marrakech
2023-07-27,33.5,17.3,0.0,Marrakech
2023-07-28,35.5,18.2,0.0,Marrakech
2023-07-29,37.2,20.3,0.0,Marrakech
2023-07-30,42.0,21.2,0.0,Marrakech
2023-07-31,42.9,22.3,0.0,Marrakech
2023-08-01,39.9,21.9,0.0,Marrakech
2023-08-02,36.6,19.6,0.0,Marrakech
2023-08-03,35.9,19.3,0.0,Marrakech
2023-08-04,36.9,18.8,0.0,Marrakech
2023-08-05,40.4,19.8,0.0,Marrakech
2023-08-06,38.0,20.6,0.0,Marrakech
2023-08-07,40.7,22.3,0.0,Marrakech
2023-08-08,39.4,21.1,0.0,Marrakech
2023-08-09,41.9,22.6,0.0,Marrakech
2023-08-10,46.6,27.4,0.0,Marrakech
2023-08-11,47.1,27.2,0.0,Marrakech
2023-08-12,46.0,28.0,0.0,Marrakech
2023-08-13,45.2,27.7,0.0,Marrakech
2023-08-14,41.0,25.1,0.0,Marrakech
2023-08-15,42.2,22.3,0.0,Marrakech
2023-08-16,40.1,22.7,0.0,Marrakech
2023-08-17,40.9,22.2,0.0,Marrakech
2023-08-18,43.0,22.6,0.0,Marrakech
2023-08-19,45.0,24.2,0.0,Marrakech
2023-08-20,45.2,27.2,0.0,Marrakech
2023-08-21,43.7,24.1,0.0,Marrakech
2023-08-22,43.6,24.0,0.0,Marrakech
2023-08-23,44.2,24.0,0.0,Marrakech
2023-08-24,44.5,25.7,0.0,Marrakech
2023-08-25,44.3,26.4,0.0,Marrakech
2023-08-26,40.8,25.8,0.0,Marrakech
2023-08-27,35.9,23.3,0.0,Marrakech
2023-08-28,35.7,18.5,0.0,Marrakech
2023-08-29,36.3,19.1,0.0,Marrakech
2023-08-30,34.3,19.2,0.0,Marrakech
2023-08-31,34.3,18.4,0.0,Marrakech
2023-09-01,31.9,18.4,0.0,Marrakech
2023-09-02,28.2,18.5,0.0,Marrakech
2023-09-03,26.8,16.9,1.2,Marrakech
2023-09-04,29.0,14.9,0.0,Marrakech
2023-09-05,30.6,15.5,0.0,Marrakech
2023-09-06,35.9,18.1,0.0,Marrakech
2023-09-07,34.7,19.6,0.0,Marrakech
2023-09-08,33.5,19.4,0.0,Marrakech
2023-09-09,32.6,17.7,0.0,Marrakech
2023-09-10,31.5,18.0,0.0,Marrakech
2023-09-11,31.4,17.3,0.0,Marrakech
2023-09-12,31.1,20.1,0.0,Marrakech
2023-09-13,31.3,18.2,0.0,Marrakech
2023-09-14,31.2,18.0,0.0,Marrakech
2023-09-15,30.3,17.6,0.0,Marrakech
2023-09-16,29.5,18.2,0.0,Marrakech
2023-09-17,28.7,15.7,0.0,Marrakech
2023-09-18,29.7,19.3,0.2,Marrakech
2023-09-19,30.6,16.9,0.0,Marrakech
2023-09-20,30.5,15.9,0.0,Marrakech
2023-09-21,31.0,14.9,0.0,Marrakech
2023-09-22,30.6,16.2,0.0,Marrakech
2023-09-23,31.2,17.1,0.0,Marrakech
2023-09-24,33.2,16.4,0.0,Marrakech
2023-09-25,34.1,16.6,0.0,Marrakech
2023-09-26,32.8,16.6,0.0,Marrakech
2023-09-27,32.2,17.8,0.0,Marrakech
2023-09-28,36.4,19.2,0.0,Marrakech
2023-09-29,39.6,21.2,0.0,Marrakech
2023-09-30,39.4,19.7,0.0,Marrakech
2023-10-01,38.9,18.1,0.0,Marrakech
2023-10-02,37.7,19.4,0.0,Marrakech
2023-10-03,37.9,18.2,0.0,Marrakech
2023-10-04,37.2,18.5,0.0,Marrakech
2023-10-05,36.2,18.9,0.0,Marrakech
2023-10-06,37.0,19.0,0.0,Marrakech
2023-10-07,37.0,17.6,0.0,Marrakech
2023-10-08,36.6,18.3,0.0,Marrakech
2023-10-09,37.0,16.8,0.0,Marrakech
2023-10-10,34.5,18.2,0.0,Marrakech
2023-10-11,33.1,16.5,0.0,Marrakech
2023-10-12,34.2,15.8,0.0,Marrakech
2023-10-13,34.6,17.9,0.0,Marrakech
2023-10-14,30.2,16.8,0.2,Marrakech
2023-10-15,31.5,19.2,0.3,Marrakech
2023-10-16,33.3,17.9,0.0,Marrakech
2023-10-17,33.4,20.7,0.0,Marrakech
2023-10-18,29.7,16.5,0.0,Marrakech
2023-10-19,28.6,14.8,0.0,Marrakech
2023-10-20,24.1,16.4,11.4,Marrakech
2023-10-21,24.6,15.5,0.0,Marrakech
2023-10-22,27.7,13.5,0.4,Marrakech
2023-10-23,19.4,13.4,4.8,Marrakech
2023-10-24,22.8,12.4,0.0,Marrakech
2023-10-25,25.4,10.2,0.0,Marrakech
2023-10-26,27.5,11.9,0.0,Marrakech
2023-10-27,25.3,14.6,0.0,Marrakech
2023-10-28,25.2,16.6,0.1,Marrakech
2023-10-29,26.4,12.9,0.1,Marrakech
2023-10-30,27.0,13.7,0.4,Marrakech
2023-10-31,28.8,14.8,0.0,Marrakech
2023-11-01,29.0,13.7,0.0,Marrakech
2023-11-02,27.3,15.2,0.0,Marrakech
2023-11-03,24.3,15.6,0.0,Marrakech
2023-11-04,26.6,12.6,0.0,Marrakech
2023-11-05,25.0,13.0,0.0,Marrakech
2023-11-06,20.8,15.1,4.4,Marrakech
2023-11-07,21.0,11.3,0.1,Marrakech
2023-11-08,22.7,5.8,0.0,Marrakech
2023-11-09,27.0,8.0,0.0,Marrakech
2023-11-10,28.2,10.9,0.0,Marrakech
2023-11-11,29.4,12.4,0.0,Marrakech
2023-11-12,30.9,11.3,0.0,Marrakech
2023-11-13,31.1,13.6,0.0,Marrakech
2023-11-14,32.4,13.6,0.0,Marrakech
2023-11-15,31.6,12.9,0.0,Marrakech
2023-11-16,31.2,11.7,0.0,Marrakech
2023-11-17,30.7,10.9,0.0,Marrakech
2023-11-18,30.0,10.9,0.0,Marrakech
2023-11-19,29.3,10.6,0.0,Marrakech
2023-11-20,28.1,10.2,0.0,Marrakech
2023-11-21,27.1,9.5,0.0,Marrakech
2023-11-22,21.5,10.2,0.0,Marrakech
2023-11-23,21.6,6.4,0.0,Marrakech
2023-11-24,20.6,6.3,0.0,Marrakech
2023-11-25,19.3,7.3,0.0,Marrakech
2023-11-26,22.3,5.0,0.0,Marrakech
2023-11-27,23.9,5.8,0.0,Marrakech
2023-11-28,22.8,7.5,0.0,Marrakech
2023-11-29,22.2,6.7,0.0,Marrakech
2023-11-30,22.9,6.6,0.0,Marrakech
2023-12-01,22.6,8.7,0.2,Marrakech
2023-12-02,18.5,10.3,6.4,Marrakech
2023-12-03,21.1,6.4,0.0,Marrakech
2023-12-04,23.7,8.4,0.0,Marrakech
2023-12-05,21.1,10.2,0.0,Marrakech
2023-12-06,19.5,11.6,0.2,Marrakech
2023-12-07,20.3,8.2,0.0,Marrakech
2023-12-08,23.8,8.6,0.0,Marrakech
2023-12-09,27.7,9.8,0.0,Marrakech
2023-12-10,27.9,10.4,0.0,Marrakech
2023-12-11,27.8,10.9,0.0,Marrakech
2023-12-12,25.6,11.2,0.0,Marrakech
2023-12-13,23.9,10.4,0.0,Marrakech
2023-12-14,21.0,11.2,0.0,Marrakech
2023-12-15,24.2,7.6,0.0,Marrakech
2023-12-16,23.8,8.7,0.0,Marrakech
2023-12-17,22.4,5.2,0.0,Marrakech
2023-12-18,19.0,5.7,0.0,Marrakech
2023-12-19,18.1,5.0,0.0,Marrakech
2023-12-20,18.5,3.7,0.0,Marrakech
2023-12-21,19.1,3.5,0.0,Marrakech
2023-12-22,20.0,2.7,0.0,Marrakech
2023-12-23,21.4,4.0,0.0,Marrakech
2023-12-24,22.2,3.7,0.0,Marrakech
2023-12-25,20.8,4.0,0.0,Marrakech
2023-12-26,19.9,4.0,0.0,Marrakech
2023-12-27,22.9,4.2,0.0,Marrakech
2023-12-28,23.5,4.6,0.0,Marrakech
2023-12-29,23.9,6.0,0.0,Marrakech
2023-12-30,23.7,4.8,0.0,Marrakech
2023-12-31,22.7,5.1,0.0,Marrakech
2024-01-01,22.7,9.6,0.0,Marrakech
2024-01-02,25.0,7.6,0.0,Marrakech
2024-01-03,25.3,8.3,0.0,Marrakech
2024-01-04,24.8,8.3,0.0,Marrakech
2024-01-05,17.3,10.8,2.5,Marrakech
2024-01-06,20.5,8.2,0.0,Marrakech
2024-01-07,22.2,6.9,0.0,Marrakech
2024-01-08,23.5,7.6,0.0,Marrakech
2024-01-09,22.6,7.5,0.0,Marrakech
2024-01-10,23.1,5.9,0.0,Marrakech
2024-01-11,25.0,6.6,0.0,Marrakech
2024-01-12,26.8,6.4,0.0,Marrakech
2024-01-13,28.5,6.8,0.0,Marrakech
2024-01-14,25.2,10.6,0.0,Marrakech
2024-01-15,25.7,7.4,0.0,Marrakech
2024-01-16,23.4,10.1,2.2,Marrakech
2024-01-17,24.6,8.9,0.0,Marrakech
2024-01-18,25.3,9.5,0.0,Marrakech
2024-01-19,20.3,10.5,1.0,Marrakech
2024-01-20,17.4,6.8,0.0,Marrakech
2024-01-21,19.3,5.5,0.0,Marrakech
2024-01-22,23.5,6.4,0.0,Marrakech
2024-01-23,25.8,6.1,0.0,Marrakech
2024-01-24,26.9,6.6,0.0,Marrakech
2024-01-25,28.0,7.7,0.0,Marrakech
2024-01-26,26.8,8.3,0.0,Marrakech
2024-01-27,26.8,8.1,0.0,Marrakech
2024-01-28,26.0,6.9,0.0,Marrakech
2024-01-29,25.6,7.4,0.0,Marrakech
2024-01-30,26.6,7.7,0.0,Marrakech
2024-01-31,26.6,7.8,0.0,Marrakech
2024-02-01,25.2,7.6,0.0,Marrakech
2024-02-02,26.0,7.8,0.0,Marrakech
2024-02-03,25.1,6.7,0.0,Marrakech
2024-02-04,24.7,7.8,0.0,Marrakech
2024-02-05,23.3,9.3,0.0,Marrakech
2024-02-06,24.4,6.0,0.0,Marrakech
2024-02-07,25.3,6.3,0.0,Marrakech
2024-02-08,25.0,7.0,0.2,Marrakech
2024-02-09,18.7,13.4,29.3,Marrakech
2024-02-10,19.7,10.3,0.9,Marrakech
2024-02-11,21.5,10.6,0.0,Marrakech
2024-02-12,26.2,9.2,0.0,Marrakech
2024-02-13,29.3,11.6,0.0,Marrakech
2024-02-14,32.0,11.7,0.0,Marrakech
2024-02-15,24.0,14.2,0.0,Marrakech
2024-02-16,22.7,12.3,0.0,Marrakech
2024-02-17,24.9,9.4,0.0,Marrakech
2024-02-18,27.3,8.8,0.0,Marrakech
2024-02-19,26.4,11.0,0.0,Marrakech
2024-02-20,25.9,9.4,0.0,Marrakech
2024-02-21,28.7,9.4,0.0,Marrakech
2024-02-22,27.2,9.1,0.0,Marrakech
2024-02-23,21.9,11.4,0.0,Marrakech
2024-02-24,20.3,8.7,0.1,Marrakech
2024-02-25,24.2,6.9,0.0,Marrakech
2024-02-26,21.5,7.3,0.6,Marrakech
2024-02-27,18.1,9.4,1.5,Marrakech
2024-02-28,20.3,3.9,0.0,Marrakech
2024-02-29,22.4,4.3,0.0,Marrakech
2024-03-01,20.9,6.9,0.0,Marrakech
2024-03-02,20.8,8.7,0.3,Marrakech
2024-03-03,21.4,6.2,0.0,Marrakech
2024-03-04,23.2,6.6,0.0,Marrakech
2024-03-05,23.4,8.3,0.0,Marrakech
2024-03-06,26.0,7.7,0.0,Marrakech
2024-03-07,23.1,10.6,2.5,Marrakech
2024-03-08,19.2,8.8,0.9,Marrakech
2024-03-09,23.1,9.1,0.2,Marrakech
2024-03-10,20.7,11.1,4.6,Marrakech
2024-03-11,22.1,12.5,0.1,Marrakech
2024-03-12,27.3,9.0,0.0,Marrakech
2024-03-13,17.2,11.6,3.2,Marrakech
2024-03-14,24.9,10.8,0.0,Marrakech
2024-03-15,30.2,9.9,0.0,Marrakech
2024-03-16,34.7,11.5,0.0,Marrakech
2024-03-17,34.6,14.4,0.0,Marrakech
2024-03-18,35.1,15.2,0.0,Marrakech
2024-03-19,33.2,14.9,0.0,Marrakech
2024-03-20,22.4,14.4,0.0,Marrakech
2024-03-21,21.9,12.5,0.5,Marrakech
2024-03-22,20.6,11.3,2.4,Marrakech
2024-03-23,25.5,9.6,2.6,Marrakech
2024-03-24,21.6,9.9,1.6,Marrakech
2024-03-25,18.4,9.4,14.6,Marrakech
2024-03-26,14.6,8.4,12.3,Marrakech
2024-03-27,19.5,5.1,0.0,Marrakech
2024-03-28,21.4,7.1,0.0,Marrakech
2024-03-29,15.9,8.5,14.7,Marrakech
2024-03-30,22.5,8.1,0.3,Marrakech
2024-03-31,24.2,10.2,0.0,Marrakech
2024-04-01,20.9,12.1,0.0,Marrakech
2024-04-02,23.7,10.7,0.0,Marrakech
2024-04-03,26.6,10.4,0.0,Marrakech
2024-04-04,34.2,13.1,0.0,Marrakech
2024-04-05,34.9,13.6,0.0,Marrakech
2024-04-06,33.8,15.7,0.0,Marrakech
2024-04-07,26.9,15.8,0.0,Marrakech
2024-04-08,22.8,14.9,0.0,Marrakech
2024-04-09,29.8,13.5,0.0,Marrakech
2024-04-10,35.0,12.0,0.0,Marrakech
2024-04-11,36.5,13.3,0.0,Marrakech
2024-04-12,35.9,14.6,0.0,Marrakech
2024-04-13,32.9,15.8,0.0,Marrakech
2024-04-14,33.7,13.4,0.0,Marrakech
2024-04-15,34.5,14.8,0.0,Marrakech
2024-04-16,34.7,14.1,0.0,Marrakech
2024-04-17,33.3,15.2,0.0,Marrakech
2024-04-18,31.7,14.1,0.0,Marrakech
2024-04-19,25.2,13.9,0.0,Marrakech
2024-04-20,23.8,13.8,1.1,Marrakech
2024-04-21,25.6,12.4,0.0,Marrakech
2024-04-22,29.5,13.1,0.0,Marrakech
2024-04-23,30.5,13.2,0.0,Marrakech
2024-04-24,31.1,13.7,0.0,Marrakech
2024-04-25,26.9,11.9,0.0,Marrakech
2024-04-26,25.2,10.9,0.0,Marrakech
2024-04-27,23.7,11.3,0.3,Marrakech
2024-04-28,20.5,10.9,3.2,Marrakech
2024-04-29,20.3,9.9,4.3,Marrakech
2024-04-30,23.0,8.1,0.0,Marrakech
2024-05-01,26.3,10.7,0.0,Marrakech
2024-05-02,27.3,11.1,0.0,Marrakech
2024-05-03,31.9,10.7,0.0,Marrakech
2024-05-04,33.7,17.1,0.0,Marrakech
2024-05-05,33.5,14.1,0.0,Marrakech
2024-05-06,31.6,16.5,0.0,Marrakech
2024-05-07,34.8,15.5,0.0,Marrakech
2024-05-08,36.4,16.5,0.0,Marrakech
2024-05-09,36.9,18.7,0.0,Marrakech
2024-05-10,33.7,20.4,0.0,Marrakech
2024-05-11,33.0,18.4,0.0,Marrakech
2024-05-12,31.9,15.8,0.0,Marrakech
2024-05-13,32.4,15.6,0.0,Marrakech
2024-05-14,29.4,14.9,0.0,Marrakech
2024-05-15,26.8,14.1,0.0,Marrakech
2024-05-16,28.6,11.7,0.0,Marrakech
2024-05-17,28.4,12.6,0.0,Marrakech
2024-05-18,24.5,16.5,0.0,Marrakech
2024-05-19,22.4,14.5,0.3,Marrakech
2024-05-20,25.8,12.1,0.0,Marrakech
2024-05-21,27.8,11.5,0.0,Marrakech
2024-05-22,28.8,12.0,0.0,Marrakech
2024-05-23,29.4,13.5,0.0,Marrakech
2024-05-24,28.5,13.8,0.0,Marrakech
2024-05-25,29.1,14.7,0.0,Marrakech
2024-05-26,32.8,16.0,0.0,Marrakech
2024-05-27,34.6,16.5,0.0,Marrakech
2024-05-28,37.6,17.7,0.0,Marrakech
2024-05-29,40.6,18.2,0.0,Marrakech
2024-05-30,35.3,18.8,0.1,Marrakech
2024-05-31,34.8,17.8,0.0,Marrakech
2024-06-01,36.5,19.2,0.0,Marrakech
2024-06-02,35.9,18.7,0.0,Marrakech
2024-06-03,31.2,17.2,0.0,Marrakech
2024-06-04,31.5,17.0,0.0,Marrakech
2024-06-05,33.6,18.3,0.0,Marrakech
2024-06-06,30.3,18.7,0.0,Marrakech
2024-06-07,25.0,16.4,0.0,Marrakech
2024-06-08,29.0,15.3,0.0,Marrakech
2024-06-09,29.2,17.1,0.0,Marrakech
2024-06-10,27.1,17.0,0.0,Marrakech
2024-06-11,29.3,17.4,0.4,Marrakech
2024-06-12,29.2,17.1,0.0,Marrakech
2024-06-13,31.2,15.8,0.0,Marrakech
2024-06-14,32.8,18.0,0.5,Marrakech
2024-06-15,32.5,16.2,0.3,Marrakech
2024-06-16,34.0,16.0,0.0,Marrakech
2024-06-17,33.5,16.7,0.0,Marrakech
2024-06-18,30.2,16.6,0.0,Marrakech
2024-06-19,28.4,18.5,0.4,Marrakech
2024-06-20,29.8,15.2,0.0,Marrakech
2024-06-21,33.6,14.7,0.0,Marrakech
2024-06-22,38.1,17.8,0.0,Marrakech
2024-06-23,41.2,21.0,0.0,Marrakech
2024-06-24,39.1,20.9,0.0,Marrakech
2024-06-25,33.2,18.8,0.0,Marrakech
2024-06-26,26.8,18.0,0.0,Marrakech
2024-06-27,28.0,17.5,0.0,Marrakech
2024-06-28,30.0,16.5,0.0,Marrakech
2024-06-29,33.0,17.0,0.0,Marrakech
2024-06-30,34.4,17.6,0.0,Marrakech
2024-07-01,34.9,17.2,0.0,Marrakech
2024-07-02,37.0,17.9,0.0,Marrakech
2024-07-03,36.9,19.4,0.0,Marrakech
2024-07-04,36.0,19.5,0.0,Marrakech
2024-07-05,33.4,18.3,0.0,Marrakech
2024-07-06,33.4,17.8,0.0,Marrakech
2024-07-07,32.5,17.3,0.0,Marrakech
2024-07-08,32.5,16.0,0.0,Marrakech
2024-07-09,36.0,17.7,0.0,Marrakech
2024-07-10,41.8,19.9,0.0,Marrakech
2024-07-11,44.2,20.3,0.0,Marrakech
2024-07-12,44.1,21.7,0.0,Marrakech
2024-07-13,40.1,22.7,0.0,Marrakech
2024-07-14,41.6,21.1,0.0,Marrakech
2024-07-15,38.6,21.7,0.0,Marrakech
2024-07-16,37.6,19.9,0.0,Marrakech
2024-07-17,39.7,21.1,0.0,Marrakech
2024-07-18,42.9,24.4,0.0,Marrakech
2024-07-19,44.4,26.1,0.0,Marrakech
2024-07-20,41.2,27.0,0.0,Marrakech
2024-07-21,40.7,23.1,0.0,Marrakech
2024-07-22,43.3,22.4,0.0,Marrakech
2024-07-23,47.2,24.3,0.0,Marrakech
2024-07-24,48.0,27.3,0.0,Marrakech
2024-07-25,45.4,27.4,0.0,Marrakech
2024-07-26,40.1,23.2,0.0,Marrakech
2024-07-27,35.8,20.4,0.0,Marrakech
2024-07-28,36.0,20.2,0.0,Marrakech
2024-07-29,35.8,19.3,0.0,Marrakech
2024-07-30,39.6,19.8,0.0,Marrakech
2024-07-31,43.1,23.5,0.0,Marrakech
2024-08-01,43.0,25.6,0.0,Marrakech
2024-08-02,42.1,24.9,0.0,Marrakech
2024-08-03,42.5,22.7,0.0,Marrakech
2024-08-04,43.2,22.9,0.0,Marrakech
2024-08-05,38.9,22.5,0.0,Marrakech
2024-08-06,37.7,20.4,0.0,Marrakech
2024-08-07,37.8,20.1,0.0,Marrakech
2024-08-08,38.6,20.4,0.0,Marrakech
2024-08-09,41.2,22.0,0.0,Marrakech
2024-08-10,43.5,22.2,0.0,Marrakech
2024-08-11,42.8,26.2,0.0,Marrakech
2024-08-12,43.4,24.0,0.0,Marrakech
2024-08-13,38.5,22.8,0.0,Marrakech
2024-08-14,35.7,19.5,0.0,Marrakech
2024-08-15,39.6,19.4,0.0,Marrakech
2024-08-16,42.1,22.2,0.0,Marrakech
2024-08-17,45.4,23.2,0.0,Marrakech
2024-08-18,46.1,24.6,0.0,Marrakech
2024-08-19,40.6,24.9,0.0,Marrakech
2024-08-20,39.1,26.1,0.0,Marrakech
2024-08-21,40.0,23.9,0.0,Marrakech
2024-08-22,35.8,21.0,0.0,Marrakech
2024-08-23,32.6,17.5,0.0,Marrakech
2024-08-24,34.6,19.7,0.0,Marrakech
2024-08-25,38.7,21.8,0.0,Marrakech
2024-08-26,38.5,22.6,0.0,Marrakech
2024-08-27,37.1,20.6,0.0,Marrakech
2024-08-28,33.0,18.5,0.0,Marrakech
2024-08-29,32.2,19.4,0.0,Marrakech
2024-08-30,32.4,19.1,0.0,Marrakech
2024-08-31,33.6,19.8,0.0,Marrakech
2024-09-01,34.1,19.9,0.0,Marrakech
2024-09-02,39.2,20.3,0.1,Marrakech
2024-09-03,37.2,20.6,0.9,Marrakech
2024-09-04,36.2,19.5,0.0,Marrakech
2024-09-05,40.5,21.5,0.0,Marrakech
2024-09-06,38.8,23.4,0.0,Marrakech
2024-09-07,39.8,23.0,0.0,Marrakech
2024-09-08,31.2,21.9,0.0,Marrakech
2024-09-09,33.0,19.3,0.0,Marrakech
2024-09-10,32.2,17.1,0.0,Marrakech
2024-09-11,27.9,16.2,0.0,Marrakech
2024-09-12,33.1,15.3,0.0,Marrakech
2024-09-13,35.4,18.3,0.0,Marrakech
2024-09-14,38.2,19.0,0.0,Marrakech
2024-09-15,37.9,20.7,0.0,Marrakech
2024-09-16,30.3,18.3,0.0,Marrakech
2024-09-17,31.4,16.9,0.0,Marrakech
2024-09-18,30.0,16.4,0.0,Marrakech
2024-09-19,29.9,15.9,0.0,Marrakech
2024-09-20,29.5,19.0,0.3,Marrakech
2024-09-21,29.1,17.7,0.0,Marrakech
2024-09-22,30.6,19.7,0.0,Marrakech
2024-09-23,32.0,17.5,0.0,Marrakech
2024-09-24,29.7,17.3,0.0,Marrakech
2024-09-25,33.1,15.8,0.0,Marrakech
2024-09-26,33.2,17.4,0.0,Marrakech
2024-09-27,31.9,18.4,0.0,Marrakech
2024-09-28,31.2,19.6,0.0,Marrakech
2024-09-29,34.4,16.5,0.0,Marrakech
2024-09-30,39.0,18.8,0.0,Marrakech
2024-10-01,38.6,20.6,0.0,Marrakech
2024-10-02,38.5,21.8,0.0,Marrakech
2024-10-03,33.7,18.4,0.0,Marrakech
2024-10-04,31.3,18.6,0.0,Marrakech
2024-10-05,33.3,18.8,0.0,Marrakech
2024-10-06,33.9,20.0,0.0,Marrakech
2024-10-07,28.1,19.5,0.0,Marrakech
2024-10-08,29.7,17.6,0.0,Marrakech
2024-10-09,28.3,17.9,0.0,Marrakech
2024-10-10,29.7,15.7,0.0,Marrakech
2024-10-11,31.6,16.8,0.0,Marrakech
2024-10-12,29.8,16.8,9.7,Marrakech
2024-10-13,25.1,16.2,4.2,Marrakech
2024-10-14,24.4,14.1,1.6,Marrakech
2024-10-15,27.2,15.2,3.5,Marrakech
2024-10-16,25.3,16.7,11.5,Marrakech
2024-10-17,24.2,16.1,0.4,Marrakech
2024-10-18,26.2,11.9,0.0,Marrakech
2024-10-19,29.2,11.6,0.0,Marrakech
2024-10-20,29.1,11.7,0.0,Marrakech
2024-10-21,27.5,13.1,0.0,Marrakech
2024-10-22,30.4,13.8,0.0,Marrakech
2024-10-23,29.6,18.1,1.5,Marrakech
2024-10-24,31.3,18.5,0.1,Marrakech
2024-10-25,25.6,15.0,0.0,Marrakech
2024-10-26,20.9,14.8,2.8,Marrakech
2024-10-27,22.6,9.6,0.0,Marrakech
2024-10-28,19.0,11.2,2.1,Marrakech
2024-10-29,20.5,9.4,2.9,Marrakech
2024-10-30,23.8,12.5,0.0,Marrakech
2024-10-31,23.1,9.9,0.0,Marrakech
2024-11-01,23.0,10.9,0.0,Marrakech
2024-11-02,23.6,12.8,0.0,Marrakech
2024-11-03,26.8,12.1,0.0,Marrakech
2024-11-04,28.5,12.2,0.0,Marrakech
2024-11-05,32.9,11.6,0.0,Marrakech
2024-11-06,34.3,12.3,0.0,Marrakech
2024-11-07,34.7,15.6,0.0,Marrakech
2024-11-08,33.3,14.4,0.0,Marrakech
2024-11-09,32.9,15.8,0.0,Marrakech
2024-11-10,30.1,16.3,0.0,Marrakech
2024-11-11,25.3,12.5,0.0,Marrakech
2024-11-12,24.6,11.3,0.0,Marrakech
2024-11-13,21.5,12.7,0.4,Marrakech
2024-11-14,24.2,13.9,0.8,Marrakech
2024-11-15,25.5,12.3,0.2,Marrakech
2024-11-16,26.0,13.9,1.2,Marrakech
2024-11-17,24.8,12.2,0.0,Marrakech
2024-11-18,30.2,14.2,0.0,Marrakech
2024-11-19,20.8,16.0,3.7,Marrakech
2024-11-20,26.4,13.0,0.0,Marrakech
2024-11-21,27.0,12.3,0.0,Marrakech
2024-11-22,27.1,12.3,0.0,Marrakech
2024-11-23,30.2,11.0,0.0,Marrakech
2024-11-24,29.1,17.2,0.0,Marrakech
2024-11-25,29.6,17.8,0.0,Marrakech
2024-11-26,29.0,12.7,0.0,Marrakech
2024-11-27,29.7,14.0,0.0,Marrakech
2024-11-28,30.0,13.3,0.0,Marrakech
2024-11-29,29.0,13.2,0.0,Marrakech
2024-11-30,28.7,15.3,0.0,Marrakech
2024-12-01,26.3,14.3,0.0,Marrakech
2024-12-02,26.6,10.6,0.0,Marrakech
2024-12-03,25.0,10.4,0.0,Marrakech
2024-12-04,23.3,10.5,0.0,Marrakech
2024-12-05,24.1,9.6,0.0,Marrakech
2024-12-06,24.5,9.1,0.0,Marrakech
2024-12-07,25.0,10.0,0.0,Marrakech
2024-12-08,22.1,9.9,0.0,Marrakech
2024-12-09,18.1,9.2,0.0,Marrakech
2024-12-10,16.4,6.1,0.0,Marrakech
2024-12-11,17.6,5.3,0.0,Marrakech
2024-12-12,18.0,8.5,0.0,Marrakech
2024-12-13,18.6,10.6,0.0,Marrakech
2024-12-14,23.4,8.2,0.0,Marrakech
2024-12-15,23.3,10.4,0.0,Marrakech
2024-12-16,25.8,10.8,0.0,Marrakech
2024-12-17,24.9,13.5,0.0,Marrakech
2024-12-18,24.5,11.4,0.0,Marrakech
2024-12-19,23.8,9.7,0.0,Marrakech
2024-12-20,21.9,10.4,0.0,Marrakech
2024-12-21,16.3,10.4,7.5,Marrakech
2024-12-22,18.3,9.0,0.0,Marrakech
2024-12-23,19.4,6.9,0.0,Marrakech
2024-12-24,21.9,6.2,0.0,Marrakech
2024-12-25,24.5,7.8,0.0,Marrakech
2024-12-26,24.5,8.4,0.0,Marrakech
2024-12-27,21.2,11.5,0.0,Marrakech
2024-12-28,21.0,9.2,1.9,Marrakech
2024-12-29,18.9,10.7,2.5,Marrakech
2024-12-30,16.9,8.1,5.5,Marrakech
2024-12-31,16.7,5.7,0.4,Marrakech
2025-01-01,17.6,6.2,0.0,Marrakech
2025-01-02,18.5,4.7,0.0,Marrakech
2025-01-03,19.6,5.6,0.0,Marrakech
2025-01-04,19.1,5.5,0.0,Marrakech
2025-01-05,19.4,7.6,0.0,Marrakech
2025-01-06,19.6,10.4,0.3,Marrakech
2025-01-07,21.6,9.3,0.0,Marrakech
2025-01-08,21.4,9.0,0.0,Marrakech
2025-01-09,23.2,8.2,0.0,Marrakech
2025-01-10,23.4,8.2,0.0,Marrakech
2025-01-11,24.3,9.1,0.0,Marrakech
2025-01-12,22.7,9.3,0.0,Marrakech
2025-01-13,22.0,8.5,0.0,Marrakech
2025-01-14,19.6,5.5,0.0,Marrakech
2025-01-15,18.3,4.7,0.0,Marrakech
2025-01-16,18.2,4.0,0.0,Marrakech
2025-01-17,16.9,4.8,0.0,Marrakech
2025-01-18,18.4,7.0,0.0,Marrakech
2025-01-19,18.6,5.3,0.0,Marrakech
2025-01-20,21.5,6.9,0.0,Marrakech
2025-01-21,26.4,9.9,0.0,Marrakech
2025-01-22,26.4,8.6,0.0,Marrakech
2025-01-23,23.1,8.6,0.0,Marrakech
2025-01-24,23.1,7.7,0.0,Marrakech
2025-01-25,22.9,8.3,0.0,Marrakech
2025-01-26,22.8,9.6,0.0,Marrakech
2025-01-27,24.6,9.1,0.0,Marrakech
2025-01-28,21.5,12.5,0.0,Marrakech
2025-01-29,23.6,8.5,0.0,Marrakech
2025-01-30,14.2,8.9,3.7,Marrakech
2025-01-31,15.5,4.9,0.0,Marrakech
2025-02-01,17.6,4.5,0.0,Marrakech
2025-02-02,18.4,5.2,0.0,Marrakech
2025-02-03,18.9,6.9,0.0,Marrakech
2025-02-04,17.8,7.8,0.0,Marrakech
2025-02-05,20.8,6.2,0.0,Marrakech
2025-02-06,22.2,6.7,0.0,Marrakech
2025-02-07,21.6,6.6,0.0,Marrakech
2025-02-08,22.3,6.2,0.0,Marrakech
2025-02-09,23.0,7.5,0.0,Marrakech
2025-02-10,23.2,7.1,0.0,Marrakech
2025-02-11,23.0,7.6,0.0,Marrakech
2025-02-12,23.1,9.1,0.0,Marrakech
2025-02-13,24.0,8.7,0.0,Marrakech
2025-02-14,25.1,8.5,0.0,Marrakech
2025-02-15,27.6,9.5,0.6,Marrakech
2025-02-16,16.5,9.2,7.1,Marrakech
2025-02-17,19.8,9.8,0.0,Marrakech
2025-02-18,19.6,9.6,5.1,Marrakech
2025-02-19,17.5,9.7,2.4,Marrakech
2025-02-20,21.6,8.0,0.0,Marrakech
2025-02-21,23.9,10.2,0.0,Marrakech
2025-02-22,22.0,13.1,0.0,Marrakech
2025-02-23,21.6,11.2,0.0,Marrakech
2025-02-24,24.3,7.8,0.0,Marrakech
2025-02-25,24.5,8.8,0.0,Marrakech
2025-02-26,24.4,9.1,0.0,Marrakech
2025-02-27,20.2,10.5,0.0,Marrakech
2025-02-28,17.1,9.8,13.5,Marrakech
2025-03-01,17.4,8.4,6.1,Marrakech
2025-03-02,18.2,8.7,0.0,Marrakech
2025-03-03,20.1,9.3,3.9,Marrakech
2025-03-04,18.8,10.8,12.8,Marrakech
2025-03-05,16.8,11.1,7.1,Marrakech
2025-03-06,17.4,8.3,9.0,Marrakech
2025-03-07,20.3,9.5,0.0,Marrakech
2025-03-08,18.9,9.0,5.9,Marrakech
2025-03-09,18.1,9.8,0.0,Marrakech
2025-03-10,19.2,10.4,1.4,Marrakech
2025-03-11,20.1,10.4,2.1,Marrakech
2025-03-12,22.4,10.0,0.3,Marrakech
2025-03-13,19.8,12.1,0.0,Marrakech
2025-03-14,17.1,10.1,7.3,Marrakech
2025-03-15,18.2,9.0,0.8,Marrakech
2025-03-16,19.6,9.1,0.0,Marrakech
2025-03-17,23.9,9.3,0.0,Marrakech
2025-03-18,21.4,11.2,3.9,Marrakech
2025-03-19,24.5,9.8,0.0,Marrakech
2025-03-20,27.1,11.4,0.0,Marrakech
2025-03-21,20.3,12.6,0.7,Marrakech
2025-03-22,21.1,13.0,0.0,Marrakech
2025-03-23,19.7,11.2,0.0,Marrakech
2025-03-24,21.1,11.3,0.0,Marrakech
2025-03-25,21.1,8.6,0.0,Marrakech
2025-03-26,24.5,8.3,0.0,Marrakech
2025-03-27,27.3,10.1,0.0,Marrakech
2025-03-28,30.6,13.9,0.0,Marrakech
2025-03-29,32.3,14.3,0.0,Marrakech
2025-03-30,32.3,14.7,0.0,Marrakech
2025-03-31,27.7,15.7,0.0,Marrakech
2025-04-01,24.4,13.2,0.0,Marrakech
2025-04-02,24.0,12.9,0.0,Marrakech
2025-04-03,28.3,14.0,0.0,Marrakech
2025-04-04,25.3,13.7,0.0,Marrakech
2025-04-05,24.4,13.7,0.1,Marrakech
2025-04-06,26.1,13.5,0.0,Marrakech
2025-04-07,30.0,13.2,0.0,Marrakech
2025-04-08,36.2,16.4,0.0,Marrakech
2025-04-09,33.4,18.2,2.1,Marrakech
2025-04-10,28.6,16.9,0.0,Marrakech
2025-04-11,28.5,14.7,0.0,Marrakech
2025-04-12,25.2,14.5,18.3,Marrakech
2025-04-13,21.1,12.7,24.4,Marrakech
2025-04-14,21.8,13.8,2.4,Marrakech
2025-04-15,19.4,13.0,1.3,Marrakech
2025-04-16,20.1,11.7,0.0,Marrakech
2025-04-17,25.7,9.6,0.0,Marrakech
2025-04-18,30.2,12.2,0.0,Marrakech
2025-04-19,22.6,13.7,0.1,Marrakech
2025-04-20,22.2,12.8,0.0,Marrakech
2025-04-21,27.0,10.3,0.0,Marrakech
2025-04-22,27.5,11.8,0.0,Marrakech
2025-04-23,31.8,13.7,0.1,Marrakech
2025-04-24,30.6,17.2,0.2,Marrakech
2025-04-25,27.2,16.3,10.2,Marrakech
2025-04-26,28.2,14.2,0.0,Marrakech
2025-04-27,33.7,15.5,0.0,Marrakech
2025-04-28,29.9,16.8,0.0,Marrakech
2025-04-29,25.2,13.7,0.0,Marrakech
2025-04-30,20.1,13.7,1.0,Marrakech
2025-05-01,26.9,10.3,0.0,Marrakech
2025-05-02,26.0,12.7,0.0,Marrakech
2025-05-03,25.3,15.7,0.0,Marrakech
2025-05-04,27.0,15.4,0.0,Marrakech
2025-05-05,27.0,14.8,0.0,Marrakech
2025-05-06,27.4,14.2,0.2,Marrakech
2025-05-07,28.2,15.4,0.0,Marrakech
2025-05-08,26.8,15.0,0.0,Marrakech
2025-05-09,26.3,14.7,0.0,Marrakech
2025-05-10,26.7,15.1,0.0,Marrakech
2025-05-11,25.9,15.1,1.2,Marrakech
2025-05-12,28.7,15.9,0.0,Marrakech
2025-05-13,23.6,15.0,2.4,Marrakech
2025-05-14,23.5,12.4,3.1,Marrakech
2025-05-15,27.9,12.2,0.0,Marrakech
2025-05-16,32.3,13.4,0.0,Marrakech
2025-05-17,35.0,15.7,0.0,Marrakech
2025-05-18,29.7,16.6,0.0,Marrakech
2025-05-19,31.3,16.2,0.0,Marrakech
2025-05-20,32.0,15.9,0.0,Marrakech
2025-05-21,32.2,16.7,0.0,Marrakech
2025-05-22,31.1,17.6,0.0,Marrakech
2025-05-23,30.8,17.1,0.0,Marrakech
2025-05-24,33.1,16.3,0.0,Marrakech
2025-05-25,37.2,20.0,0.0,Marrakech
2025-05-26,37.6,20.7,0.1,Marrakech
2025-05-27,34.2,21.1,0.0,Marrakech
2025-05-28,38.3,22.1,0.4,Marrakech
2025-05-29,39.0,21.7,0.4,Marrakech
2025-05-30,40.2,21.9,0.0,Marrakech
2025-05-31,35.2,19.1,0.0,Marrakech
2025-06-01,35.6,18.6,0.0,Marrakech
2025-06-02,30.7,15.9,0.0,Marrakech
2025-06-03,28.7,17.1,0.0,Marrakech
2025-06-04,29.2,14.8,0.0,Marrakech
2025-06-05,33.4,16.6,0.0,Marrakech
2025-06-06,37.0,19.7,0.0,Marrakech
2025-06-07,41.4,20.3,0.0,Marrakech
2025-06-08,39.0,22.0,0.0,Marrakech
2025-06-09,36.8,20.5,0.0,Marrakech
2025-06-10,29.5,18.6,0.0,Marrakech
2025-06-11,33.1,17.6,0.0,Marrakech
2025-06-12,32.9,17.8,0.0,Marrakech
2025-06-13,32.2,17.7,0.0,Marrakech
2025-06-14,32.2,18.8,0.0,Marrakech
2025-06-15,37.5,19.5,0.0,Marrakech
2025-06-16,37.4,20.5,0.3,Marrakech
2025-06-17,38.9,23.2,0.0,Marrakech
2025-06-18,40.4,27.9,0.0,Marrakech
2025-06-19,42.6,25.6,0.0,Marrakech
2025-06-20,41.2,26.1,0.0,Marrakech
2025-06-21,36.7,22.3,0.0,Marrakech
2025-06-22,36.6,20.7,0.0,Marrakech
2025-06-23,33.3,20.2,0.0,Marrakech
2025-06-24,33.4,18.6,0.0,Marrakech
2025-06-25,37.0,20.2,0.0,Marrakech
2025-06-26,39.5,21.7,0.1,Marrakech
2025-06-27,43.7,28.7,0.0,Marrakech
2025-06-28,43.9,25.6,0.0,Marrakech
2025-06-29,44.9,28.6,0.0,Marrakech
2025-06-30,44.7,27.5,0.0,Marrakech
2025-07-01,41.5,24.1,0.0,Marrakech
2025-07-02,39.0,22.2,0.1,Marrakech
2025-07-03,40.4,22.7,0.0,Marrakech
2025-07-04,40.7,23.2,0.0,Marrakech
2025-07-05,37.6,21.2,0.0,Marrakech
2025-07-06,35.8,19.9,0.0,Marrakech
2025-07-07,36.1,21.1,0.0,Marrakech
2025-07-08,39.6,22.6,0.0,Marrakech
2025-07-09,40.3,22.0,0.2,Marrakech
2025-07-10,39.5,24.0,0.0,Marrakech
2025-07-11,36.2,22.3,0.0,Marrakech
2025-07-12,33.2,19.1,0.0,Marrakech
2025-07-13,33.0,18.3,0.0,Marrakech
2025-07-14,38.0,20.1,0.0,Marrakech
2025-07-15,44.8,26.1,0.0,Marrakech
2025-07-16,44.7,26.8,0.0,Marrakech
2025-07-17,43.6,27.4,0.0,Marrakech
2025-07-18,39.2,25.1,0.0,Marrakech
2025-07-19,36.7,21.0,0.0,Marrakech
2025-07-20,35.4,20.5,0.0,Marrakech
2025-07-21,35.1,19.9,0.0,Marrakech
2025-07-22,35.1,19.8,0.0,Marrakech
2025-07-23,36.1,20.4,0.0,Marrakech
2025-07-24,36.9,20.3,0.0,Marrakech
2025-07-25,42.8,23.2,0.0,Marrakech
2025-07-26,38.8,22.4,0.0,Marrakech
2025-07-27,42.0,23.4,0.0,Marrakech
2025-07-28,40.0,25.1,0.0,Marrakech
2025-07-29,39.5,22.4,0.0,Marrakech
2025-07-30,39.9,22.0,0.0,Marrakech
2025-07-31,40.8,22.6,0.0,Marrakech
2025-08-01,41.4,22.8,0.0,Marrakech
2025-08-02,37.2,23.3,0.0,Marrakech
2025-08-03,33.3,20.7,0.0,Marrakech
2025-08-04,38.0,20.2,0.0,Marrakech
2025-08-05,39.7,24.6,0.0,Marrakech
2025-08-06,44.2,27.8,0.0,Marrakech
2025-08-07,41.3,26.2,0.0,Marrakech
2025-08-08,42.0,25.9,0.0,Marrakech
2025-08-09,43.4,25.5,0.0,Marrakech
2025-08-10,45.1,25.9,0.0,Marrakech
2025-08-11,44.9,27.6,0.0,Marrakech
2025-08-12,44.2,29.4,0.0,Marrakech
2025-08-13,42.8,26.1,0.0,Marrakech
2025-08-14,43.4,25.0,0.0,Marrakech
2025-08-15,40.8,26.4,0.2,Marrakech
2025-08-16,44.6,28.4,0.0,Marrakech
2025-08-17,45.1,30.1,0.0,Marrakech
2025-08-18,43.4,28.0,0.0,Marrakech
2025-08-19,38.7,24.8,0.0,Marrakech
2025-08-20,37.3,22.1,0.0,Marrakech
2025-08-21,40.3,21.7,0.0,Marrakech
2025-08-22,40.7,23.1,0.0,Marrakech
2025-08-23,38.7,23.8,0.0,Marrakech
2025-08-24,33.1,21.1,0.0,Marrakech
2025-08-25,32.9,20.4,0.0,Marrakech
2025-08-26,33.9,19.9,0.0,Marrakech
2025-08-27,34.7,21.3,0.0,Marrakech
2025-08-28,32.0,18.5,0.0,Marrakech
2025-08-29,32.9,18.2,0.0,Marrakech
2025-08-30,36.7,19.8,0.0,Marrakech
2025-08-31,36.1,21.2,0.0,Marrakech
2025-09-01,31.6,19.5,0.0,Marrakech
2025-09-02,33.6,17.6,0.0,Marrakech
2025-09-03,35.2,18.4,0.0,Marrakech
2025-09-04,36.8,20.1,0.0,Marrakech
2025-09-05,37.6,20.6,0.0,Marrakech
2025-09-06,36.1,28.5,0.2,Marrakech
2025-09-07,36.9,23.8,0.0,Marrakech
2025-09-08,36.1,22.4,8.1,Marrakech
2025-09-09,25.2,18.7,0.0,Marrakech
2025-09-10,29.5,15.1,0.0,Marrakech
2025-09-11,35.3,18.2,0.0,Marrakech
2025-09-12,39.9,20.7,0.0,Marrakech
2025-09-13,39.2,23.4,0.0,Marrakech
2025-09-14,39.7,22.8,0.0,Marrakech
2025-09-15,39.5,22.3,0.0,Marrakech
2025-09-16,39.4,23.8,0.0,Marrakech
2025-09-17,38.7,25.0,0.0,Marrakech
2025-09-18,40.0,27.7,1.0,Marrakech
2025-09-19,39.9,26.5,0.0,Marrakech
2025-09-20,39.1,25.7,0.0,Marrakech
2025-09-21,32.7,22.1,0.7,Marrakech
2025-09-22,30.1,19.3,0.0,Marrakech
2025-09-23,28.5,17.8,0.0,Marrakech
2025-09-24,29.1,16.8,0.0,Marrakech
2025-09-25,27.9,16.6,0.0,Marrakech
2025-09-26,29.7,17.0,0.0,Marrakech
2025-09-27,31.6,17.5,0.0,Marrakech
2025-09-28,29.6,17.6,0.0,Marrakech
2025-09-29,26.9,17.8,0.0,Marrakech
2025-09-30,29.3,16.4,0.0,Marrakech
2025-10-01,30.8,17.4,0.0,Marrakech
2025-10-02,32.7,18.7,0.0,Marrakech
2025-10-03,33.4,20.4,0.0,Marrakech
2025-10-04,31.4,18.6,0.0,Marrakech
2025-10-05,31.0,18.5,0.0,Marrakech
2025-10-06,35.2,19.4,0.0,Marrakech
2025-10-07,35.3,20.2,0.0,Marrakech
2025-10-08,32.6,20.1,0.0,Marrakech
2025-10-09,29.2,16.8,0.0,Marrakech
2025-10-10,26.7,15.4,0.0,Marrakech
2025-10-11,29.0,15.2,0.0,Marrakech
2025-10-12,31.5,17.2,0.0,Marrakech
2025-10-13,32.8,18.2,0.0,Marrakech
2025-10-14,34.3,17.4,0.0,Marrakech
2025-10-15,32.4,17.6,0.0,Marrakech
2025-10-16,29.3,19.4,0.0,Marrakech
2025-10-17,29.3,16.9,0.0,Marrakech
2025-10-18,31.6,17.5,0.0,Marrakech
2025-10-19,33.0,19.4,0.0,Marrakech
2025-10-20,31.4,18.0,0.0,Marrakech
2025-10-21,30.4,18.0,0.0,Marrakech
2025-10-22,31.8,17.2,0.0,Marrakech
2025-10-23,35.0,17.8,0.0,Marrakech
2025-10-24,34.8,19.9,0.0,Marrakech
2025-10-25,27.8,18.5,0.0,Marrakech
2025-10-26,27.1,16.1,0.0,Marrakech
2025-10-27,31.0,16.7,0.0,Marrakech
2025-10-28,30.5,18.4,0.0,Marrakech
2025-10-29,25.4,18.7,0.2,Marrakech
2025-10-30,25.3,16.4,0.6,Marrakech
2025-10-31,27.3,15.5,0.0,Marrakech
2025-11-01,28.4,14.6,0.0,Marrakech
2025-11-02,29.5,14.6,0.0,Marrakech
2025-11-03,29.1,14.1,0.0,Marrakech
2025-11-04,32.9,17.0,0.0,Marrakech
2025-11-05,30.0,18.6,0.0,Marrakech
2025-11-06,25.8,17.8,0.2,Marrakech
2025-11-07,23.4,13.1,0.0,Marrakech
2025-11-08,27.3,12.3,0.0,Marrakech
2025-11-09,26.3,11.5,0.0,Marrakech
2025-11-10,27.9,11.8,0.0,Marrakech
2025-11-11,31.9,14.4,0.0,Marrakech
2025-11-12,30.9,14.1,0.3,Marrakech
2025-11-13,24.2,15.3,9.8,Marrakech
2025-11-14,21.7,13.0,3.1,Marrakech
2025-11-15,21.1,12.6,0.0,Marrakech
2025-11-16,20.6,13.0,1.5,Marrakech
2025-11-17,19.5,13.4,1.5,Marrakech
2025-11-18,19.2,11.5,14.1,Marrakech
2025-11-19,19.7,8.3,0.0,Marrakech
2025-11-20,20.1,10.5,0.0,Marrakech
2025-11-21,19.4,8.6,0.0,Marrakech
2025-11-22,22.3,7.7,0.0,Marrakech
2025-11-23,26.2,8.7,0.0,Marrakech
2025-11-24,26.8,10.4,0.0,Marrakech
2025-11-25,22.4,9.9,0.0,Marrakech
2025-11-26,21.2,12.1,0.0,Marrakech
2025-11-27,22.9,8.3,0.0,Marrakech
2025-11-28,23.9,9.1,0.0,Marrakech
2025-11-29,21.8,9.3,0.0,Marrakech
2025-11-30,19.6,8.6,5.7,Marrakech
2025-12-01,16.4,8.6,4.5,Marrakech
2025-12-02,18.5,6.3,0.0,Marrakech
2025-12-03,18.6,7.5,0.0,Marrakech
2025-12-04,18.8,7.1,0.0,Marrakech
2025-12-05,21.6,6.5,0.0,Marrakech
2025-12-06,21.8,6.2,0.0,Marrakech
2025-12-07,23.2,8.4,0.0,Marrakech
2025-12-08,24.0,7.1,0.0,Marrakech
2025-12-09,23.9,8.6,0.0,Marrakech
2025-12-10,17.3,10.1,7.0,Marrakech
2025-12-11,17.0,7.0,0.0,Marrakech
2025-12-12,14.7,8.2,1.1,Marrakech
2025-12-13,15.5,6.9,5.5,Marrakech
2025-12-14,15.6,8.0,1.4,Marrakech
2025-12-15,15.6,7.7,4.2,Marrakech
2025-12-16,12.2,7.3,43.1,Marrakech
2025-12-17,12.9,7.0,7.8,Marrakech
2025-12-18,15.8,5.2,0.0,Marrakech
2025-12-19,15.2,6.0,0.0,Marrakech
2025-12-20,16.0,9.9,0.8,Marrakech
2025-12-21,16.8,7.8,0.9,Marrakech
2025-12-22,14.8,9.3,4.7,Marrakech
2025-12-23,15.2,6.0,0.0,Marrakech
2025-12-24,15.6,9.8,22.1,Marrakech
2025-12-25,13.3,8.9,12.5,Marrakech
2025-12-26,15.3,6.5,5.4,Marrakech
2025-12-27,13.7,5.2,22.4,Marrakech
2025-12-28,14.6,8.3,14.3,Marrakech
2025-12-29,15.2,7.5,2.7,Marrakech
2025-12-30,17.1,7.0,0.0,Marrakech
2025-12-31,19.1,9.2,1.1,Marrakech
2026-01-01,22.9,9.2,0.0,Marrakech
2026-01-02,22.1,9.4,0.2,Marrakech
2026-01-03,18.8,11.1,14.1,Marrakech
2026-01-04,16.3,9.7,46.7,Marrakech
2026-01-05,15.9,10.7,46.8,Marrakech
2026-01-06,11.3,6.5,2.5,Marrakech
2026-01-07,13.0,3.9,0.0,Marrakech
2026-01-08,16.6,3.3,0.0,Marrakech
2026-01-09,16.5,4.0,0.0,Marrakech
2026-01-10,17.3,4.7,0.0,Marrakech
2026-01-11,17.4,5.2,0.0,Marrakech
2026-01-12,19.1,6.2,0.0,Marrakech
2026-01-13,20.7,5.9,1.1,Marrakech
2026-01-14,14.7,8.3,11.6,Marrakech
2026-01-15,15.8,6.1,0.0,Marrakech
2026-01-16,16.8,7.9,6.7,Marrakech
2026-01-17,13.6,7.7,20.9,Marrakech
2026-01-18,10.7,6.0,21.6,Marrakech
2026-01-19,12.4,5.6,3.8,Marrakech
2026-01-20,14.6,4.0,0.0,Marrakech
2026-01-21,15.4,5.9,0.0,Marrakech
2026-01-22,18.5,11.4,1.0,Marrakech
2026-01-23,18.7,10.6,4.7,Marrakech
2026-01-24,12.5,8.3,12.2,Marrakech
2026-01-25,15.0,4.7,0.1,Marrakech
2026-01-26,16.6,5.6,0.0,Marrakech
2026-01-27,20.0,9.7,1.0,Marrakech
2026-01-28,19.3,11.1,0.0,Marrakech
2026-01-29,18.7,10.4,0.0,Marrakech
2026-01-30,18.9,12.0,0.0,Marrakech
2026-01-31,21.0,13.2,0.6,Marrakech
2026-02-01,21.8,9.5,0.0,Marrakech
2026-02-02,15.9,9.7,10.2,Marrakech
2026-02-03,15.4,8.8,1.6,Marrakech
2026-02-04,20.8,10.5,0.0,Marrakech
2026-02-05,20.7,11.3,0.5,Marrakech
2026-02-06,17.1,10.7,9.1,Marrakech
2026-02-07,19.2,8.6,0.2,Marrakech
2026-02-08,18.3,11.3,0.6,Marrakech
2026-02-09,20.2,13.2,0.1,Marrakech
2026-02-10,23.4,11.7,0.0,Marrakech
2026-02-11,24.2,11.2,0.0,Marrakech
2026-02-12,24.1,13.6,0.0,Marrakech
2026-02-13,18.3,10.1,1.0,Marrakech
2026-02-14,15.0,8.7,1.6,Marrakech
2026-02-15,18.4,5.0,0.0,Marrakech
2026-02-16,23.4,6.2,0.0,Marrakech
2026-02-17,24.0,6.4,0.0,Marrakech
2026-02-18,23.0,8.5,0.0,Marrakech
2026-02-19,19.5,10.2,0.0,Marrakech
2026-02-20,22.6,8.8,0.0,Marrakech
2026-02-21,27.5,8.5,0.0,Marrakech
2026-02-22,28.0,8.6,0.0,Marrakech
2026-02-23,27.3,9.0,0.0,Marrakech
2026-02-24,26.2,8.6,0.0,Marrakech
2026-02-25,27.1,10.3,0.0,Marrakech
2026-02-26,23.4,10.7,0.0,Marrakech
2026-02-27,26.0,10.3,0.0,Marrakech
2026-02-28,19.9,11.8,0.1,Marrakech
2026-03-01,18.7,11.8,0.3,Marrakech
2026-03-02,18.2,10.3,0.7,Marrakech
2026-03-03,12.6,5.9,15.7,Marrakech
2026-03-04,11.5,6.3,6.3,Marrakech
2026-03-05,16.7,9.6,3.2,Marrakech
2026-03-06,15.6,9.1,1.8,Marrakech
2026-03-07,16.3,8.4,0.0,Marrakech
2026-03-08,17.5,6.3,0.0,Marrakech
2026-03-09,18.5,6.9,0.0,Marrakech
2026-03-10,15.0,9.2,1.1,Marrakech
2026-03-11,15.9,6.8,0.0,Marrakech
2026-03-12,21.6,5.4,0.0,Marrakech
2026-03-13,22.4,9.0,0.0,Marrakech
2026-03-14,19.4,10.3,0.0,Marrakech
2026-03-15,20.9,8.9,0.0,Marrakech
2026-03-16,24.1,8.9,0.0,Marrakech
2026-03-17,25.8,12.3,3.4,Marrakech
2026-03-18,24.9,11.4,2.1,Marrakech
2026-03-19,21.5,11.9,7.6,Marrakech
2026-03-20,22.3,12.6,3.6,Marrakech
2026-03-21,19.2,12.5,11.4,Marrakech
2026-03-22,22.9,9.6,1.9,Marrakech
2026-03-23,22.1,11.9,4.2,Marrakech
2026-03-24,24.5,11.6,0.0,Marrakech
2026-03-25,26.0,12.7,2.0,Marrakech
2026-03-26,22.5,12.1,6.2,Marrakech
2026-03-27,21.2,11.9,1.8,Marrakech
2026-03-28,22.4,12.6,0.0,Marrakech
2026-03-29,22.6,12.2,0.0,Marrakech
2026-03-30,22.0,8.7,0.0,Marrakech
2026-03-31,25.0,8.1,0.0,Marrakech
2026-04-01,25.4,9.3,0.0,Marrakech
2026-04-02,26.3,11.1,0.0,Marrakech
2026-04-03,27.6,11.0,0.0,Marrakech
2026-04-04,29.9,10.2,0.0,Marrakech
2026-04-05,31.8,13.5,0.3,Marrakech
2026-04-06,26.7,18.2,0.8,Marrakech
2026-04-07,23.5,13.3,5.1,Marrakech
2026-04-08,15.0,10.5,2.4,Marrakech
2026-04-09,17.3,9.6,2.8,Marrakech
2026-04-10,17.1,10.1,23.1,Marrakech
2026-04-11,17.5,9.8,3.6,Marrakech
2026-04-12,16.3,11.2,0.5,Marrakech
2026-04-13,19.7,8.7,0.0,Marrakech
2026-04-14,22.9,8.2,0.0,Marrakech
2026-04-15,28.4,10.1,0.0,Marrakech
2026-04-16,31.6,12.5,0.0,Marrakech
2026-04-17,31.8,14.4,0.0,Marrakech
2026-04-18,32.8,14.5,0.0,Marrakech
2026-04-19,32.5,14.4,0.0,Marrakech
2026-04-20,34.0,18.7,0.6,Marrakech
2026-04-21,27.9,16.5,0.0,Marrakech
2026-04-22,29.4,14.7,0.0,Marrakech
2026-04-23,25.8,16.5,1.5,Marrakech
2026-04-24,20.9,15.2,3.1,Marrakech
2026-04-25,26.6,12.8,0.0,Marrakech
2026-04-26,30.2,15.4,1.7,Marrakech
2026-04-27,28.0,16.1,1.9,Marrakech
2026-04-28,22.2,14.8,0.6,Marrakech
2026-04-29,22.0,15.6,4.1,Marrakech
2026-04-30,24.2,15.4,0.2,Marrakech
2026-05-01,28.5,13.6,0.0,Marrakech
2026-05-02,27.8,15.3,0.0,Marrakech
2026-05-03,28.0,14.7,0.0,Marrakech
2026-05-04,27.8,16.3,0.0,Marrakech
2026-05-05,28.0,14.2,0.8,Marrakech
2026-05-06,25.8,12.7,0.0,Marrakech
2026-05-07,24.3,14.1,0.5,Marrakech
2026-05-08,24.7,12.7,0.0,Marrakech
2026-05-09,26.5,13.0,0.0,Marrakech
2026-05-10,25.9,13.1,0.0,Marrakech
2026-05-11,28.1,14.6,0.0,Marrakech
2026-05-12,27.4,13.1,0.0,Marrakech
2026-05-13,29.1,14.4,0.0,Marrakech
2026-05-14,23.7,14.9,0.9,Marrakech
2026-05-15,21.7,13.4,6.3,Marrakech
2026-05-16,23.3,12.4,4.8,Marrakech
2026-05-17,24.9,13.4,0.0,Marrakech
2026-05-18,27.0,13.5,0.0,Marrakech
2026-05-19,33.7,14.3,0.0,Marrakech
2026-05-20,37.3,19.7,0.0,Marrakech
2026-05-21,39.1,21.2,0.0,Marrakech
2026-05-22,38.8,21.9,0.0,Marrakech
2026-05-23,39.0,22.5,0.0,Marrakech
2026-05-24,38.6,22.9,0.0,Marrakech
2026-05-25,39.4,22.1,0.0,Marrakech
2026-05-26,39.0,25.2,0.0,Marrakech
2026-05-27,37.7,23.5,0.0,Marrakech
2026-05-28,34.1,18.1,0.0,Marrakech
2026-05-29,32.8,17.7,0.0,Marrakech
2026-05-30,34.8,17.7,0.1,Marrakech
2026-05-31,38.1,20.0,0.1,Marrakech
2026-06-01,37.8,21.8,0.0,Marrakech
2026-06-02,35.5,20.4,0.0,Marrakech
2026-06-03,34.8,19.5,0.0,Marrakech
2026-06-04,34.5,19.6,0.0,Marrakech
2026-06-05,31.5,17.0,0.0,Marrakech
2026-06-06,33.7,17.2,0.0,Marrakech
2026-06-07,35.8,18.7,0.0,Marrakech
2026-06-08,36.0,20.3,0.0,Marrakech
2026-06-09,34.7,19.7,0.0,Marrakech
2026-06-10,34.5,18.8,0.0,Marrakech
2026-06-11,37.2,20.1,0.0,Marrakech
2026-06-12,36.5,21.1,0.0,Marrakech
2026-06-13,35.8,21.8,0.0,Marrakech
2026-06-14,34.2,18.0,0.0,Marrakech
2026-06-15,33.8,18.4,0.0,Marrakech
2026-06-16,31.7,18.2,0.0,Marrakech
2026-06-17,31.8,18.8,0.0,Marrakech
2026-06-18,32.0,17.9,0.0,Marrakech
2026-06-19,32.3,17.3,0.0,Marrakech
2026-06-20,32.5,19.0,0.0,Marrakech
2026-06-21,34.9,19.0,0.0,Marrakech
2026-06-22,36.0,20.2,0.0,Marrakech
2026-06-23,31.9,19.8,0.0,Marrakech
2026-06-24,31.7,18.7,0.0,Marrakech
2026-06-25,32.7,18.7,0.0,Marrakech
2026-06-26,34.4,19.9,0.0,Marrakech
2026-06-27,34.8,20.6,0.0,Marrakech
2026-06-28,37.6,21.4,0.0,Marrakech
2026-06-29,41.7,23.6,0.0,Marrakech
2026-06-30,40.0,23.6,0.0,Marrakech
2026-07-01,42.3,24.0,0.0,Marrakech
2026-07-02,42.4,26.6,0.0,Marrakech
2026-07-03,43.3,26.2,0.6,Marrakech
2026-07-04,42.6,27.3,0.0,Marrakech
2026-07-05,43.5,27.0,0.0,Marrakech
2026-07-06,43.3,26.3,0.0,Marrakech
2026-07-07,43.3,26.9,0.0,Marrakech
2026-07-08,41.1,26.6,0.0,Marrakech
2026-07-09,39.1,24.6,0.0,Marrakech
2026-07-10,32.2,20.4,0.0,Marrakech
2026-07-11,32.2,19.1,0.0,Marrakech
2026-07-12,32.8,19.8,0.0,Marrakech
2026-07-13,34.6,20.3,0.0,Marrakech
2026-07-14,37.1,21.4,0.0,Marrakech
2026-07-15,40.4,23.7,0.0,Marrakech
2026-07-16,39.9,24.2,0.0,Marrakech
2026-07-17,40.0,24.4,0.0,Marrakech
2026-07-18,39.8,24.5,0.0,Marrakech
2026-07-19,35.1,24.0,0.0,Marrakech
2026-07-20,39.3,24.0,1.2,Marrakech
2026-07-21,39.7,23.1,0.8,Marrakech
2026-07-22,42.8,24.6,1.3,Marrakech
2026-07-23,43.5,25.5,0.0,Marrakech
2026-07-24,38.5,24.8,0.0,Marrakech
2026-07-25,37.3,22.3,0.0,Marrakech
2026-07-26,38.5,21.0,0.0,Marrakech
2026-07-27,38.1,23.2,0.0,Marrakech
2026-07-28,37.8,21.9,0.0,Marrakech
2026-07-29,40.4,23.8,0.1,Marrakech
2026-07-30,42.4,25.9,0.3,Marrakech
2026-07-31,46.1,28.2,1.0,Marrakech
2026-08-01,45.5,29.2,0.0,Marrakech
2022-01-01,26.7,17.2,0.0,Agadir
2022-01-02,23.4,17.0,0.0,Agadir
2022-01-03,24.5,15.9,0.0,Agadir
2022-01-04,21.5,15.4,0.0,Agadir
2022-01-05,18.4,11.9,0.0,Agadir
2022-01-06,21.6,11.5,0.0,Agadir
2022-01-07,20.8,14.3,0.0,Agadir
2022-01-08,24.8,15.5,0.0,Agadir
2022-01-09,21.2,14.6,0.0,Agadir
2022-01-10,21.4,14.5,0.0,Agadir
2022-01-11,19.8,13.5,0.0,Agadir
2022-01-12,19.8,11.8,0.0,Agadir
2022-01-13,24.6,15.1,0.0,Agadir
2022-01-14,23.5,14.1,0.0,Agadir
2022-01-15,21.2,13.9,0.0,Agadir
2022-01-16,23.8,13.5,0.0,Agadir
2022-01-17,24.9,14.5,0.0,Agadir
2022-01-18,22.6,15.2,0.0,Agadir
2022-01-19,22.6,15.4,0.0,Agadir
2022-01-20,24.0,15.7,0.0,Agadir
2022-01-21,24.8,14.6,0.0,Agadir
2022-01-22,29.2,19.9,0.2,Agadir
2022-01-23,23.4,15.3,0.0,Agadir
2022-01-24,20.9,13.7,0.0,Agadir
2022-01-25,19.9,13.3,0.4,Agadir
2022-01-26,18.9,11.5,0.0,Agadir
2022-01-27,21.5,14.9,0.0,Agadir
2022-01-28,23.3,15.9,0.1,Agadir
2022-01-29,25.6,19.0,0.0,Agadir
2022-01-30,26.6,19.6,0.0,Agadir
2022-01-31,27.7,19.2,0.2,Agadir
2022-02-01,25.7,18.2,0.0,Agadir
2022-02-02,28.5,18.0,0.0,Agadir
2022-02-03,26.0,19.9,0.0,Agadir
2022-02-04,26.4,17.9,0.0,Agadir
2022-02-05,24.3,18.1,0.0,Agadir
2022-02-06,24.9,18.9,0.4,Agadir
2022-02-07,27.3,19.2,0.0,Agadir
2022-02-08,29.1,21.2,0.0,Agadir
2022-02-09,28.7,21.3,0.0,Agadir
2022-02-10,25.8,19.2,0.0,Agadir
2022-02-11,22.7,16.1,0.0,Agadir
2022-02-12,20.4,13.5,0.0,Agadir
2022-02-13,20.6,13.7,0.0,Agadir
2022-02-14,21.9,12.3,0.0,Agadir
2022-02-15,22.8,12.6,0.0,Agadir
2022-02-16,24.7,14.1,0.0,Agadir
2022-02-17,22.3,15.6,0.0,Agadir
2022-02-18,22.2,15.3,0.0,Agadir
2022-02-19,22.4,13.2,0.0,Agadir
2022-02-20,20.2,13.2,0.0,Agadir
2022-02-21,27.6,12.1,0.0,Agadir
2022-02-22,32.2,23.3,0.0,Agadir
2022-02-23,30.4,21.7,0.4,Agadir
2022-02-24,28.3,19.3,0.0,Agadir
2022-02-25,22.0,16.0,0.3,Agadir
2022-02-26,23.2,14.5,0.4,Agadir
2022-02-27,24.0,15.5,2.5,Agadir
2022-02-28,25.1,15.8,0.0,Agadir
2022-03-01,24.4,16.0,0.0,Agadir
2022-03-02,21.1,13.7,0.0,Agadir
2022-03-03,21.2,12.9,0.0,Agadir
2022-03-04,25.2,13.3,0.0,Agadir
2022-03-05,24.4,12.7,0.0,Agadir
2022-03-06,18.6,13.5,0.6,Agadir
2022-03-07,19.0,9.8,0.0,Agadir
2022-03-08,20.2,9.7,0.0,Agadir
2022-03-09,20.1,11.4,0.0,Agadir
2022-03-10,21.5,13.1,0.0,Agadir
2022-03-11,20.5,12.7,0.0,Agadir
2022-03-12,20.2,13.3,0.0,Agadir
2022-03-13,21.6,12.6,0.0,Agadir
2022-03-14,15.7,9.3,40.1,Agadir
2022-03-15,13.0,9.4,21.8,Agadir
2022-03-16,16.7,9.4,4.1,Agadir
2022-03-17,20.6,13.2,0.0,Agadir
2022-03-18,19.8,13.4,0.0,Agadir
2022-03-19,20.7,13.1,0.0,Agadir
2022-03-20,18.9,13.4,0.1,Agadir
2022-03-21,20.5,11.8,0.0,Agadir
2022-03-22,20.5,12.4,0.0,Agadir
2022-03-23,18.1,12.7,1.9,Agadir
2022-03-24,15.8,10.6,5.7,Agadir
2022-03-25,17.8,11.1,0.8,Agadir
2022-03-26,18.5,11.5,0.0,Agadir
2022-03-27,28.4,13.7,0.0,Agadir
2022-03-28,20.3,15.2,0.0,Agadir
2022-03-29,20.6,15.5,6.3,Agadir
2022-03-30,21.0,14.8,0.0,Agadir
2022-03-31,21.1,11.5,0.0,Agadir
2022-04-01,19.9,13.0,0.0,Agadir
2022-04-02,18.8,12.8,0.0,Agadir
2022-04-03,17.7,14.8,11.0,Agadir
2022-04-04,17.5,13.0,24.2,Agadir
2022-04-05,16.5,11.5,0.4,Agadir
2022-04-06,18.7,12.5,0.0,Agadir
2022-04-07,20.3,12.1,0.0,Agadir
2022-04-08,26.0,13.7,0.0,Agadir
2022-04-09,27.2,15.2,0.0,Agadir
2022-04-10,23.3,16.1,0.0,Agadir
2022-04-11,19.8,13.8,0.0,Agadir
2022-04-12,21.9,13.9,0.0,Agadir
2022-04-13,23.6,12.9,0.0,Agadir
2022-04-14,21.7,14.6,0.0,Agadir
2022-04-15,26.4,15.6,0.0,Agadir
2022-04-16,31.2,21.0,0.0,Agadir
2022-04-17,31.9,22.1,0.0,Agadir
2022-04-18,29.8,19.9,0.0,Agadir
2022-04-19,28.7,17.3,0.0,Agadir
2022-04-20,28.5,15.2,0.0,Agadir
2022-04-21,24.4,14.0,0.0,Agadir
2022-04-22,20.3,13.3,0.1,Agadir
2022-04-23,20.8,14.5,0.2,Agadir
2022-04-24,21.5,13.8,0.1,Agadir
2022-04-25,21.9,12.4,0.0,Agadir
2022-04-26,23.8,12.8,0.0,Agadir
2022-04-27,28.0,14.2,0.0,Agadir
2022-04-28,25.3,15.1,0.0,Agadir
2022-04-29,26.6,14.8,0.0,Agadir
2022-04-30,27.6,17.6,0.0,Agadir
2022-05-01,28.1,16.8,0.0,Agadir
2022-05-02,26.8,14.7,0.0,Agadir
2022-05-03,23.3,14.6,0.0,Agadir
2022-05-04,24.8,14.6,0.0,Agadir
2022-05-05,29.1,14.8,0.0,Agadir
2022-05-06,32.8,18.1,0.0,Agadir
2022-05-07,34.4,20.1,0.0,Agadir
2022-05-08,36.4,22.1,0.0,Agadir
2022-05-09,33.1,23.4,0.0,Agadir
2022-05-10,29.3,19.4,0.0,Agadir
2022-05-11,34.6,18.2,0.0,Agadir
2022-05-12,27.6,18.7,0.0,Agadir
2022-05-13,24.3,17.3,0.0,Agadir
2022-05-14,29.2,17.6,0.0,Agadir
2022-05-15,25.1,16.1,0.0,Agadir
2022-05-16,26.1,16.8,0.0,Agadir
2022-05-17,27.1,16.5,0.0,Agadir
2022-05-18,28.7,17.6,0.0,Agadir
2022-05-19,29.6,17.7,0.0,Agadir
2022-05-20,26.4,18.3,0.0,Agadir
2022-05-21,28.3,17.9,0.0,Agadir
2022-05-22,29.1,17.2,0.0,Agadir
2022-05-23,27.4,17.7,0.0,Agadir
2022-05-24,27.9,17.8,0.0,Agadir
2022-05-25,26.7,17.3,0.0,Agadir
2022-05-26,23.4,16.4,0.0,Agadir
2022-05-27,29.7,18.6,0.1,Agadir
2022-05-28,23.8,17.8,0.0,Agadir
2022-05-29,22.2,17.4,0.0,Agadir
2022-05-30,22.9,15.9,0.0,Agadir
2022-05-31,24.8,16.8,0.0,Agadir
2022-06-01,25.6,19.4,0.0,Agadir
2022-06-02,26.1,19.1,0.0,Agadir
2022-06-03,25.4,18.2,0.0,Agadir
2022-06-04,27.7,17.9,0.0,Agadir
2022-06-05,29.7,17.5,0.0,Agadir
2022-06-06,29.5,18.4,0.0,Agadir
2022-06-07,31.2,18.7,0.0,Agadir
2022-06-08,26.0,19.0,0.0,Agadir
2022-06-09,25.0,18.3,0.0,Agadir
2022-06-10,24.9,18.0,0.0,Agadir
2022-06-11,22.9,18.8,0.0,Agadir
2022-06-12,25.8,18.3,0.0,Agadir
2022-06-13,25.6,18.4,0.0,Agadir
2022-06-14,31.3,18.4,0.0,Agadir
2022-06-15,28.3,18.4,0.0,Agadir
2022-06-16,31.5,18.2,0.0,Agadir
2022-06-17,34.3,19.2,0.0,Agadir
2022-06-18,31.1,19.6,0.0,Agadir
2022-06-19,30.6,19.0,0.0,Agadir
2022-06-20,31.2,18.9,0.0,Agadir
2022-06-21,29.6,18.6,0.0,Agadir
2022-06-22,28.4,18.2,0.0,Agadir
2022-06-23,27.6,16.4,0.0,Agadir
2022-06-24,28.8,17.7,0.0,Agadir
2022-06-25,29.2,18.1,0.0,Agadir
2022-06-26,29.2,18.1,0.0,Agadir
2022-06-27,28.2,17.9,0.0,Agadir
2022-06-28,28.6,17.6,0.0,Agadir
2022-06-29,28.2,17.4,0.0,Agadir
2022-06-30,29.1,17.4,0.0,Agadir
2022-07-01,26.7,17.6,0.0,Agadir
2022-07-02,26.9,18.0,0.0,Agadir
2022-07-03,29.4,17.6,0.0,Agadir
2022-07-04,30.2,18.4,0.0,Agadir
2022-07-05,31.7,18.5,0.0,Agadir
2022-07-06,28.0,18.9,0.0,Agadir
2022-07-07,27.4,18.9,0.0,Agadir
2022-07-08,31.8,22.6,0.0,Agadir
2022-07-09,38.0,29.1,0.0,Agadir
2022-07-10,44.7,29.2,0.0,Agadir
2022-07-11,30.5,21.3,0.0,Agadir
2022-07-12,30.7,20.3,0.0,Agadir
2022-07-13,30.8,19.9,0.0,Agadir
2022-07-14,29.7,20.0,0.0,Agadir
2022-07-15,33.1,20.4,0.0,Agadir
2022-07-16,32.0,20.1,0.0,Agadir
2022-07-17,29.9,19.8,0.0,Agadir
2022-07-18,28.2,19.9,0.0,Agadir
2022-07-19,34.6,21.8,0.0,Agadir
2022-07-20,37.7,29.4,0.0,Agadir
2022-07-21,42.3,29.3,0.1,Agadir
2022-07-22,38.9,22.9,0.0,Agadir
2022-07-23,35.5,23.2,0.0,Agadir
2022-07-24,31.3,22.2,0.0,Agadir
2022-07-25,35.7,26.9,0.0,Agadir
2022-07-26,43.0,29.3,0.0,Agadir
2022-07-27,42.7,27.2,0.0,Agadir
2022-07-28,32.2,21.2,0.0,Agadir
2022-07-29,30.2,20.5,0.0,Agadir
2022-07-30,41.8,21.0,0.0,Agadir
2022-07-31,29.1,21.2,0.0,Agadir
2022-08-01,27.6,22.0,0.0,Agadir
2022-08-02,31.4,22.6,0.0,Agadir
2022-08-03,29.8,22.6,0.0,Agadir
2022-08-04,30.1,21.6,0.0,Agadir
2022-08-05,30.6,21.3,0.0,Agadir
2022-08-06,32.8,20.5,0.0,Agadir
2022-08-07,36.5,21.1,0.0,Agadir
2022-08-08,34.3,20.9,0.0,Agadir
2022-08-09,29.4,19.0,0.0,Agadir
2022-08-10,30.5,18.7,0.0,Agadir
2022-08-11,28.1,18.7,0.0,Agadir
2022-08-12,31.6,19.8,0.0,Agadir
2022-08-13,32.7,19.8,0.0,Agadir
2022-08-14,30.3,20.4,0.0,Agadir
2022-08-15,33.5,20.1,0.0,Agadir
2022-08-16,30.4,19.6,0.0,Agadir
2022-08-17,30.1,18.9,0.0,Agadir
2022-08-18,28.7,18.5,0.0,Agadir
2022-08-19,26.5,19.1,0.0,Agadir
2022-08-20,37.7,20.5,0.0,Agadir
2022-08-21,34.6,22.7,0.0,Agadir
2022-08-22,31.0,21.5,0.0,Agadir
2022-08-23,28.9,21.4,0.0,Agadir
2022-08-24,31.9,20.3,0.0,Agadir
2022-08-25,26.7,19.8,0.0,Agadir
2022-08-26,25.0,19.0,0.0,Agadir
2022-08-27,28.5,19.1,0.0,Agadir
2022-08-28,27.3,18.1,0.0,Agadir
2022-08-29,30.4,19.4,0.0,Agadir
2022-08-30,34.3,22.7,0.0,Agadir
2022-08-31,31.9,23.0,0.0,Agadir
2022-09-01,35.7,23.3,0.0,Agadir
2022-09-02,32.9,22.2,0.0,Agadir
2022-09-03,31.6,21.6,0.0,Agadir
2022-09-04,30.8,19.9,0.0,Agadir
2022-09-05,28.6,19.0,0.0,Agadir
2022-09-06,29.5,18.8,0.0,Agadir
2022-09-07,29.1,19.2,0.0,Agadir
2022-09-08,25.3,19.3,0.0,Agadir
2022-09-09,26.4,18.6,0.0,Agadir
2022-09-10,25.2,19.6,0.0,Agadir
2022-09-11,29.7,19.6,0.0,Agadir
2022-09-12,23.5,19.6,0.0,Agadir
2022-09-13,25.7,20.0,0.1,Agadir
2022-09-14,24.9,19.4,0.2,Agadir
2022-09-15,28.1,20.0,0.1,Agadir
2022-09-16,31.1,19.6,0.0,Agadir
2022-09-17,27.5,19.9,0.0,Agadir
2022-09-18,25.0,20.4,0.0,Agadir
2022-09-19,23.4,20.2,0.5,Agadir
2022-09-20,26.9,18.5,0.0,Agadir
2022-09-21,28.5,19.8,0.0,Agadir
2022-09-22,28.9,19.6,0.0,Agadir
2022-09-23,27.8,19.6,0.0,Agadir
2022-09-24,25.6,19.7,0.0,Agadir
2022-09-25,23.3,20.9,4.8,Agadir
2022-09-26,25.5,18.4,0.3,Agadir
2022-09-27,27.2,18.5,0.0,Agadir
2022-09-28,23.0,17.2,0.0,Agadir
2022-09-29,24.7,16.9,0.0,Agadir
2022-09-30,30.5,16.4,0.0,Agadir
2022-10-01,28.1,19.2,0.0,Agadir
2022-10-02,28.9,20.0,0.0,Agadir
2022-10-03,33.7,21.6,0.0,Agadir
2022-10-04,31.0,21.5,0.0,Agadir
2022-10-05,23.3,18.2,0.0,Agadir
2022-10-06,26.5,17.3,0.0,Agadir
2022-10-07,33.1,20.1,0.0,Agadir
2022-10-08,35.4,20.4,0.0,Agadir
2022-10-09,24.8,19.7,0.0,Agadir
2022-10-10,25.9,18.7,0.0,Agadir
2022-10-11,23.3,18.0,0.0,Agadir
2022-10-12,27.2,18.1,0.0,Agadir
2022-10-13,29.1,17.1,0.0,Agadir
2022-10-14,32.3,22.6,0.0,Agadir
2022-10-15,30.1,23.9,0.0,Agadir
2022-10-16,32.4,23.0,1.2,Agadir
2022-10-17,29.0,23.1,0.0,Agadir
2022-10-18,36.2,23.1,0.0,Agadir
2022-10-19,32.2,23.7,0.0,Agadir
2022-10-20,30.3,21.5,0.0,Agadir
2022-10-21,33.6,21.4,0.0,Agadir
2022-10-22,33.3,21.8,0.0,Agadir
2022-10-23,31.7,23.8,0.0,Agadir
2022-10-24,36.5,25.0,0.0,Agadir
2022-10-25,36.2,28.5,0.0,Agadir
2022-10-26,36.0,25.8,0.0,Agadir
2022-10-27,36.1,25.5,0.0,Agadir
2022-10-28,36.9,23.9,0.0,Agadir
2022-10-29,36.4,26.5,0.0,Agadir
2022-10-30,35.1,27.0,0.0,Agadir
2022-10-31,32.9,23.0,0.0,Agadir
2022-11-01,30.4,21.1,0.0,Agadir
2022-11-02,28.1,19.6,0.0,Agadir
2022-11-03,27.6,19.8,0.0,Agadir
2022-11-04,25.1,18.1,0.0,Agadir
2022-11-05,24.3,17.9,0.0,Agadir
2022-11-06,24.3,17.4,0.0,Agadir
2022-11-07,28.2,18.0,0.0,Agadir
2022-11-08,28.1,18.6,0.0,Agadir
2022-11-09,26.8,17.3,0.0,Agadir
2022-11-10,24.6,17.1,0.0,Agadir
2022-11-11,24.9,17.0,0.0,Agadir
2022-11-12,32.8,21.4,0.0,Agadir
2022-11-13,29.6,23.5,0.0,Agadir
2022-11-14,31.4,22.3,0.0,Agadir
2022-11-15,31.0,22.4,0.0,Agadir
2022-11-16,29.2,20.7,0.0,Agadir
2022-11-17,26.0,17.4,0.0,Agadir
2022-11-18,27.1,17.3,0.0,Agadir
2022-11-19,23.4,16.4,0.0,Agadir
2022-11-20,23.3,16.1,0.0,Agadir
2022-11-21,23.8,17.1,0.0,Agadir
2022-11-22,21.0,15.0,0.0,Agadir
2022-11-23,23.7,16.3,0.0,Agadir
2022-11-24,26.3,17.5,0.0,Agadir
2022-11-25,26.7,17.0,0.0,Agadir
2022-11-26,28.3,18.9,0.0,Agadir
2022-11-27,29.4,18.3,0.0,Agadir
2022-11-28,25.7,14.7,0.0,Agadir
2022-11-29,21.9,16.3,0.0,Agadir
2022-11-30,20.8,13.1,0.0,Agadir
2022-12-01,18.6,15.2,0.2,Agadir
2022-12-02,20.1,13.8,0.1,Agadir
2022-12-03,20.3,13.4,0.0,Agadir
2022-12-04,22.8,14.9,0.1,Agadir
2022-12-05,19.8,16.4,35.2,Agadir
2022-12-06,22.1,15.5,0.4,Agadir
2022-12-07,23.1,16.3,1.6,Agadir
2022-12-08,21.2,16.9,45.8,Agadir
2022-12-09,19.9,16.8,25.3,Agadir
2022-12-10,20.1,15.1,0.2,Agadir
2022-12-11,22.7,15.7,0.0,Agadir
2022-12-12,23.0,16.0,0.0,Agadir
2022-12-13,23.7,16.8,0.0,Agadir
2022-12-14,24.5,17.0,28.6,Agadir
2022-12-15,19.8,15.3,3.5,Agadir
2022-12-16,19.3,14.7,0.2,Agadir
2022-12-17,19.2,13.7,0.0,Agadir
2022-12-18,24.4,16.0,0.0,Agadir
2022-12-19,24.4,16.3,0.0,Agadir
2022-12-20,23.0,14.4,0.0,Agadir
2022-12-21,23.1,14.7,0.0,Agadir
2022-12-22,23.9,15.3,0.0,Agadir
2022-12-23,24.9,15.3,0.0,Agadir
2022-12-24,24.9,16.5,0.0,Agadir
2022-12-25,24.6,17.4,0.0,Agadir
2022-12-26,24.6,18.4,0.0,Agadir
2022-12-27,25.1,17.6,0.0,Agadir
2022-12-28,25.2,16.7,0.0,Agadir
2022-12-29,23.3,15.4,0.0,Agadir
2022-12-30,26.0,16.2,0.0,Agadir
2022-12-31,25.9,18.1,0.0,Agadir
2023-01-01,25.2,15.4,0.0,Agadir
2023-01-02,23.8,14.8,0.0,Agadir
2023-01-03,22.2,15.2,0.0,Agadir
2023-01-04,23.9,15.8,0.0,Agadir
2023-01-05,23.2,15.1,0.0,Agadir
2023-01-06,21.2,13.8,0.0,Agadir
2023-01-07,20.2,13.1,0.0,Agadir
2023-01-08,20.0,12.4,0.0,Agadir
2023-01-09,19.8,12.7,0.0,Agadir
2023-01-10,21.2,11.9,0.0,Agadir
2023-01-11,21.2,14.1,0.0,Agadir
2023-01-12,21.2,13.2,0.0,Agadir
2023-01-13,23.3,16.6,0.0,Agadir
2023-01-14,22.7,15.9,0.0,Agadir
2023-01-15,22.2,14.9,0.0,Agadir
2023-01-16,19.9,13.1,0.0,Agadir
2023-01-17,20.6,12.3,0.0,Agadir
2023-01-18,23.3,10.5,0.0,Agadir
2023-01-19,21.3,11.0,0.0,Agadir
2023-01-20,20.4,12.2,0.0,Agadir
2023-01-21,18.2,12.0,0.0,Agadir
2023-01-22,19.3,13.2,0.0,Agadir
2023-01-23,20.1,11.8,0.0,Agadir
2023-01-24,18.4,10.9,0.0,Agadir
2023-01-25,21.4,11.6,0.0,Agadir
2023-01-26,17.5,8.7,0.0,Agadir
2023-01-27,17.5,8.6,0.1,Agadir
2023-01-28,19.7,10.8,0.0,Agadir
2023-01-29,18.1,9.9,0.0,Agadir
2023-01-30,19.5,10.2,0.0,Agadir
2023-01-31,21.4,12.2,0.0,Agadir
2023-02-01,19.9,15.1,0.5,Agadir
2023-02-02,18.3,10.3,0.0,Agadir
2023-02-03,20.3,12.0,0.0,Agadir
2023-02-04,20.9,11.5,0.0,Agadir
2023-02-05,20.9,11.9,0.0,Agadir
2023-02-06,18.7,12.5,0.0,Agadir
2023-02-07,16.2,11.4,0.7,Agadir
2023-02-08,18.1,10.3,0.0,Agadir
2023-02-09,21.6,10.3,0.0,Agadir
2023-02-10,19.7,14.6,4.1,Agadir
2023-02-11,23.8,15.5,0.0,Agadir
2023-02-12,25.9,17.4,0.0,Agadir
2023-02-13,23.9,17.2,0.6,Agadir
2023-02-14,18.5,14.9,0.0,Agadir
2023-02-15,16.2,10.5,25.1,Agadir
2023-02-16,19.8,10.2,2.9,Agadir
2023-02-17,20.6,12.1,28.6,Agadir
2023-02-18,22.7,17.1,0.0,Agadir
2023-02-19,23.6,16.8,0.0,Agadir
2023-02-20,26.7,18.4,0.0,Agadir
2023-02-21,27.5,18.1,0.0,Agadir
2023-02-22,24.1,15.2,0.0,Agadir
2023-02-23,21.9,15.8,0.0,Agadir
2023-02-24,18.8,13.4,1.5,Agadir
2023-02-25,17.7,9.8,0.0,Agadir
2023-02-26,15.9,11.2,4.9,Agadir
2023-02-27,19.5,12.8,0.0,Agadir
2023-02-28,21.5,10.7,0.0,Agadir
2023-03-01,19.7,13.4,0.2,Agadir
2023-03-02,19.3,12.0,0.0,Agadir
2023-03-03,20.2,13.3,0.1,Agadir
2023-03-04,21.0,13.1,0.0,Agadir
2023-03-05,22.5,14.1,0.0,Agadir
2023-03-06,22.1,13.1,0.0,Agadir
2023-03-07,23.8,14.6,0.0,Agadir
2023-03-08,24.1,15.1,0.0,Agadir
2023-03-09,26.3,14.5,0.0,Agadir
2023-03-10,24.7,16.7,0.0,Agadir
2023-03-11,28.4,18.9,0.0,Agadir
2023-03-12,29.8,19.1,0.0,Agadir
2023-03-13,28.5,18.4,0.0,Agadir
2023-03-14,23.0,16.9,0.0,Agadir
2023-03-15,23.1,14.7,0.0,Agadir
2023-03-16,24.2,15.7,0.0,Agadir
2023-03-17,25.5,16.8,0.0,Agadir
2023-03-18,27.3,15.2,0.0,Agadir
2023-03-19,22.2,14.6,0.0,Agadir
2023-03-20,24.9,13.6,0.0,Agadir
2023-03-21,27.5,17.5,0.0,Agadir
2023-03-22,28.8,18.9,0.0,Agadir
2023-03-23,29.2,19.3,0.0,Agadir
2023-03-24,31.3,18.2,0.0,Agadir
2023-03-25,29.4,17.9,0.0,Agadir
2023-03-26,25.0,17.9,0.0,Agadir
2023-03-27,28.4,18.2,0.0,Agadir
2023-03-28,31.7,18.9,0.0,Agadir
2023-03-29,33.5,22.1,0.0,Agadir
2023-03-30,33.7,22.9,0.0,Agadir
2023-03-31,31.3,20.5,0.0,Agadir
2023-04-01,28.4,19.5,0.0,Agadir
2023-04-02,24.5,18.0,0.0,Agadir
2023-04-03,27.1,16.4,0.0,Agadir
2023-04-04,22.3,15.8,0.0,Agadir
2023-04-05,20.0,13.5,4.0,Agadir
2023-04-06,21.1,15.2,0.1,Agadir
2023-04-07,21.3,15.2,0.0,Agadir
2023-04-08,24.0,16.4,0.1,Agadir
2023-04-09,30.4,17.0,0.0,Agadir
2023-04-10,30.2,21.6,0.0,Agadir
2023-04-11,32.0,21.2,0.0,Agadir
2023-04-12,31.1,21.7,0.0,Agadir
2023-04-13,27.1,17.9,0.0,Agadir
2023-04-14,23.0,15.1,0.0,Agadir
2023-04-15,22.9,15.0,0.0,Agadir
2023-04-16,24.8,16.4,0.0,Agadir
2023-04-17,21.1,16.4,0.0,Agadir
2023-04-18,19.8,15.9,0.5,Agadir
2023-04-19,21.4,16.4,0.0,Agadir
2023-04-20,23.5,17.5,0.6,Agadir
2023-04-21,21.7,16.8,0.1,Agadir
2023-04-22,25.4,15.2,0.0,Agadir
2023-04-23,23.3,15.8,0.0,Agadir
2023-04-24,27.1,15.9,0.0,Agadir
2023-04-25,26.1,18.9,0.0,Agadir
2023-04-26,31.4,19.3,0.0,Agadir
2023-04-27,28.6,19.6,0.0,Agadir
2023-04-28,24.3,17.8,0.0,Agadir
2023-04-29,27.2,18.0,0.0,Agadir
2023-04-30,33.7,19.0,0.0,Agadir
2023-05-01,31.3,19.4,0.0,Agadir
2023-05-02,24.2,17.8,0.0,Agadir
2023-05-03,28.6,17.7,0.0,Agadir
2023-05-04,28.5,17.5,0.0,Agadir
2023-05-05,27.2,18.8,0.0,Agadir
2023-05-06,30.2,18.6,0.3,Agadir
2023-05-07,31.0,16.9,0.0,Agadir
2023-05-08,37.1,18.5,0.0,Agadir
2023-05-09,39.3,24.2,0.0,Agadir
2023-05-10,39.6,23.5,0.0,Agadir
2023-05-11,29.4,19.6,0.0,Agadir
2023-05-12,27.3,17.3,0.0,Agadir
2023-05-13,27.0,17.3,0.0,Agadir
2023-05-14,29.9,16.6,0.0,Agadir
2023-05-15,28.5,16.5,0.0,Agadir
2023-05-16,24.4,16.4,0.0,Agadir
2023-05-17,22.6,17.0,0.0,Agadir
2023-05-18,23.8,16.4,0.0,Agadir
2023-05-19,25.1,16.6,0.0,Agadir
2023-05-20,23.6,15.6,0.0,Agadir
2023-05-21,20.4,15.4,0.5,Agadir
2023-05-22,22.6,15.5,0.0,Agadir
2023-05-23,23.5,15.1,0.0,Agadir
2023-05-24,23.2,14.6,0.0,Agadir
2023-05-25,24.3,17.0,0.0,Agadir
2023-05-26,22.9,17.3,0.0,Agadir
2023-05-27,21.6,15.6,0.4,Agadir
2023-05-28,24.1,16.7,0.0,Agadir
2023-05-29,24.7,17.5,0.2,Agadir
2023-05-30,27.3,16.4,0.0,Agadir
2023-05-31,27.1,18.4,0.0,Agadir
2023-06-01,24.6,17.5,0.0,Agadir
2023-06-02,23.6,16.7,0.0,Agadir
2023-06-03,26.2,17.4,0.0,Agadir
2023-06-04,26.7,18.7,0.0,Agadir
2023-06-05,26.2,18.0,0.0,Agadir
2023-06-06,26.8,18.5,0.0,Agadir
2023-06-07,25.8,20.1,0.1,Agadir
2023-06-08,25.5,18.9,7.2,Agadir
2023-06-09,25.0,17.5,0.0,Agadir
2023-06-10,26.2,18.5,0.0,Agadir
2023-06-11,27.4,17.8,0.0,Agadir
2023-06-12,28.1,19.2,0.2,Agadir
2023-06-13,28.5,19.1,0.0,Agadir
2023-06-14,27.9,18.7,0.0,Agadir
2023-06-15,25.5,19.0,0.0,Agadir
2023-06-16,23.4,19.3,0.0,Agadir
2023-06-17,25.5,19.7,0.0,Agadir
2023-06-18,25.7,20.5,1.0,Agadir
2023-06-19,25.3,20.0,0.3,Agadir
2023-06-20,25.5,18.8,0.1,Agadir
2023-06-21,27.0,19.0,0.0,Agadir
2023-06-22,29.9,20.6,0.0,Agadir
2023-06-23,29.2,20.2,0.0,Agadir
2023-06-24,26.6,19.7,0.0,Agadir
2023-06-25,40.3,20.4,0.0,Agadir
2023-06-26,42.9,28.1,0.0,Agadir
2023-06-27,35.9,24.6,0.0,Agadir
2023-06-28,39.2,24.6,0.0,Agadir
2023-06-29,33.8,22.7,0.0,Agadir
2023-06-30,28.8,20.5,0.0,Agadir
2023-07-01,31.1,20.1,0.0,Agadir
2023-07-02,28.0,20.7,0.0,Agadir
2023-07-03,34.8,20.8,0.0,Agadir
2023-07-04,34.6,20.5,0.0,Agadir
2023-07-05,33.5,20.7,0.0,Agadir
2023-07-06,30.9,20.9,0.0,Agadir
2023-07-07,29.7,20.6,0.0,Agadir
2023-07-08,30.8,19.2,0.0,Agadir
2023-07-09,29.6,20.0,0.0,Agadir
2023-07-10,31.4,21.7,0.0,Agadir
2023-07-11,38.5,22.6,0.0,Agadir
2023-07-12,36.4,23.7,0.0,Agadir
2023-07-13,41.8,27.5,0.0,Agadir
2023-07-14,38.0,24.8,0.0,Agadir
2023-07-15,31.6,21.2,0.0,Agadir
2023-07-16,31.4,20.7,0.0,Agadir
2023-07-17,30.5,19.9,0.0,Agadir
2023-07-18,33.3,22.8,0.0,Agadir
2023-07-19,31.9,21.1,0.0,Agadir
2023-07-20,34.8,22.1,0.0,Agadir
2023-07-21,31.9,21.4,0.0,Agadir
2023-07-22,31.5,20.7,0.0,Agadir
2023-07-23,29.5,20.3,0.0,Agadir
2023-07-24,29.7,19.4,0.0,Agadir
2023-07-25,31.4,19.2,0.0,Agadir
2023-07-26,31.9,19.0,0.0,Agadir
2023-07-27,29.5,18.5,0.0,Agadir
2023-07-28,29.0,19.0,0.0,Agadir
2023-07-29,27.9,19.1,0.0,Agadir
2023-07-30,27.6,21.2,0.0,Agadir
2023-07-31,28.8,21.5,0.0,Agadir
2023-08-01,35.5,21.8,0.0,Agadir
2023-08-02,31.5,20.6,0.0,Agadir
2023-08-03,31.2,20.5,0.0,Agadir
2023-08-04,29.5,20.2,0.0,Agadir
2023-08-05,22.9,19.4,0.0,Agadir
2023-08-06,24.4,19.3,0.0,Agadir
2023-08-07,22.7,19.1,0.0,Agadir
2023-08-08,27.5,19.2,0.0,Agadir
2023-08-09,39.7,20.7,0.0,Agadir
2023-08-10,45.7,26.6,0.0,Agadir
2023-08-11,48.0,32.6,0.0,Agadir
2023-08-12,45.0,36.2,0.0,Agadir
2023-08-13,41.9,30.4,0.0,Agadir
2023-08-14,36.2,26.8,0.0,Agadir
2023-08-15,38.7,23.1,0.0,Agadir
2023-08-16,35.5,22.8,0.0,Agadir
2023-08-17,35.6,21.9,0.0,Agadir
2023-08-18,41.9,23.8,0.0,Agadir
2023-08-19,40.0,22.6,0.0,Agadir
2023-08-20,37.3,23.7,0.0,Agadir
2023-08-21,35.6,22.7,0.0,Agadir
2023-08-22,32.0,22.3,0.0,Agadir
2023-08-23,34.1,22.8,0.0,Agadir
2023-08-24,43.6,33.9,0.0,Agadir
2023-08-25,38.2,22.5,0.0,Agadir
2023-08-26,34.2,22.1,0.0,Agadir
2023-08-27,36.0,22.1,0.0,Agadir
2023-08-28,27.0,21.5,0.0,Agadir
2023-08-29,27.5,20.9,0.0,Agadir
2023-08-30,28.5,21.3,0.0,Agadir
2023-08-31,28.4,19.9,0.0,Agadir
2023-09-01,29.7,19.3,0.0,Agadir
2023-09-02,27.4,20.1,0.0,Agadir
2023-09-03,24.6,19.4,0.0,Agadir
2023-09-04,24.5,18.5,0.0,Agadir
2023-09-05,28.4,18.8,0.0,Agadir
2023-09-06,28.8,20.0,0.0,Agadir
2023-09-07,30.1,21.9,0.0,Agadir
2023-09-08,30.1,20.6,0.0,Agadir
2023-09-09,29.0,20.4,0.0,Agadir
2023-09-10,28.1,20.2,0.0,Agadir
2023-09-11,30.2,20.1,0.0,Agadir
2023-09-12,29.0,21.2,0.0,Agadir
2023-09-13,30.0,20.2,0.0,Agadir
2023-09-14,28.0,20.9,0.0,Agadir
2023-09-15,28.8,20.7,0.0,Agadir
2023-09-16,26.5,20.5,0.0,Agadir
2023-09-17,28.5,19.8,0.0,Agadir
2023-09-18,29.8,19.0,0.0,Agadir
2023-09-19,28.7,19.8,0.0,Agadir
2023-09-20,28.3,18.0,0.0,Agadir
2023-09-21,28.0,18.6,0.0,Agadir
2023-09-22,29.4,18.5,0.0,Agadir
2023-09-23,27.6,18.8,0.0,Agadir
2023-09-24,26.1,19.1,0.0,Agadir
2023-09-25,23.9,18.4,0.0,Agadir
2023-09-26,27.2,19.2,0.0,Agadir
2023-09-27,29.0,19.9,0.0,Agadir
2023-09-28,29.1,18.8,0.0,Agadir
2023-09-29,30.7,22.4,0.0,Agadir
2023-09-30,34.2,23.4,0.0,Agadir
2023-10-01,36.2,24.6,0.0,Agadir
2023-10-02,37.3,26.1,0.0,Agadir
2023-10-03,35.5,23.1,0.0,Agadir
2023-10-04,36.4,24.3,0.0,Agadir
2023-10-05,35.2,25.0,0.0,Agadir
2023-10-06,38.2,27.0,0.0,Agadir
2023-10-07,39.4,27.8,0.0,Agadir
2023-10-08,38.0,29.1,0.0,Agadir
2023-10-09,36.0,26.4,0.0,Agadir
2023-10-10,32.6,23.0,0.0,Agadir
2023-10-11,31.9,23.2,0.0,Agadir
2023-10-12,34.2,23.4,0.0,Agadir
2023-10-13,34.3,25.3,0.0,Agadir
2023-10-14,32.3,24.3,0.0,Agadir
2023-10-15,32.7,22.9,0.0,Agadir
2023-10-16,31.7,23.6,0.0,Agadir
2023-10-17,28.8,22.7,0.0,Agadir
2023-10-18,29.4,21.3,0.0,Agadir
2023-10-19,24.7,20.4,0.6,Agadir
2023-10-20,25.2,19.1,20.0,Agadir
2023-10-21,22.1,17.2,0.0,Agadir
2023-10-22,20.7,18.4,15.2,Agadir
2023-10-23,21.5,16.8,8.0,Agadir
2023-10-24,22.8,16.7,0.0,Agadir
2023-10-25,21.0,16.2,0.0,Agadir
2023-10-26,24.2,18.2,0.0,Agadir
2023-10-27,25.1,17.0,0.1,Agadir
2023-10-28,23.8,19.0,0.6,Agadir
2023-10-29,23.1,18.4,0.0,Agadir
2023-10-30,25.3,18.1,0.0,Agadir
2023-10-31,28.9,19.5,0.0,Agadir
2023-11-01,26.2,18.3,0.0,Agadir
2023-11-02,26.4,18.4,0.0,Agadir
2023-11-03,27.0,18.0,0.0,Agadir
2023-11-04,24.7,17.7,0.0,Agadir
2023-11-05,26.1,17.4,0.0,Agadir
2023-11-06,24.9,17.0,2.0,Agadir
2023-11-07,27.6,15.6,0.0,Agadir
2023-11-08,24.1,16.1,0.0,Agadir
2023-11-09,23.6,17.5,0.0,Agadir
2023-11-10,23.5,17.3,0.0,Agadir
2023-11-11,27.0,17.8,0.0,Agadir
2023-11-12,27.8,19.0,0.0,Agadir
2023-11-13,30.5,20.3,0.0,Agadir
2023-11-14,30.8,22.0,0.0,Agadir
2023-11-15,28.4,20.8,0.0,Agadir
2023-11-16,27.1,19.6,0.0,Agadir
2023-11-17,27.2,19.9,0.0,Agadir
2023-11-18,26.6,18.5,0.0,Agadir
2023-11-19,29.1,17.7,0.0,Agadir
2023-11-20,27.7,18.0,0.0,Agadir
2023-11-21,28.2,19.1,0.0,Agadir
2023-11-22,25.9,16.0,0.0,Agadir
2023-11-23,19.8,15.0,0.0,Agadir
2023-11-24,19.5,14.9,0.0,Agadir
2023-11-25,21.1,12.7,0.0,Agadir
2023-11-26,23.0,13.7,0.0,Agadir
2023-11-27,22.6,14.3,0.0,Agadir
2023-11-28,20.6,15.1,0.0,Agadir
2023-11-29,19.0,13.0,0.0,Agadir
2023-11-30,24.3,13.5,0.0,Agadir
2023-12-01,22.3,17.5,3.0,Agadir
2023-12-02,20.5,14.8,0.2,Agadir
2023-12-03,21.1,14.0,0.0,Agadir
2023-12-04,23.7,15.5,0.0,Agadir
2023-12-05,25.9,17.3,0.0,Agadir
2023-12-06,20.6,16.5,0.3,Agadir
2023-12-07,20.2,14.7,0.0,Agadir
2023-12-08,21.1,15.5,0.0,Agadir
2023-12-09,23.5,16.9,0.0,Agadir
2023-12-10,27.3,18.2,0.0,Agadir
2023-12-11,25.7,18.1,0.0,Agadir
2023-12-12,24.3,16.6,0.0,Agadir
2023-12-13,23.4,15.4,0.0,Agadir
2023-12-14,21.5,15.5,0.0,Agadir
2023-12-15,25.8,16.3,0.0,Agadir
2023-12-16,22.6,14.8,0.0,Agadir
2023-12-17,19.7,14.5,0.0,Agadir
2023-12-18,18.4,13.0,0.0,Agadir
2023-12-19,18.6,12.3,0.0,Agadir
2023-12-20,17.5,11.3,0.0,Agadir
2023-12-21,18.3,11.0,0.0,Agadir
2023-12-22,22.3,13.8,0.0,Agadir
2023-12-23,20.9,13.4,0.0,Agadir
2023-12-24,20.1,13.4,0.0,Agadir
2023-12-25,21.8,13.9,0.0,Agadir
2023-12-26,20.4,14.6,0.0,Agadir
2023-12-27,21.7,11.8,0.0,Agadir
2023-12-28,23.2,13.9,0.0,Agadir
2023-12-29,23.1,13.9,0.0,Agadir
2023-12-30,23.5,13.9,0.0,Agadir
2023-12-31,23.5,13.5,0.0,Agadir
2024-01-01,21.6,15.5,0.0,Agadir
2024-01-02,25.7,13.3,0.0,Agadir
2024-01-03,24.8,16.0,0.0,Agadir
2024-01-04,24.8,16.3,0.0,Agadir
2024-01-05,23.7,13.5,0.0,Agadir
2024-01-06,19.8,14.3,0.0,Agadir
2024-01-07,19.2,12.9,0.0,Agadir
2024-01-08,19.2,14.2,0.0,Agadir
2024-01-09,22.8,14.0,0.0,Agadir
2024-01-10,21.9,13.6,0.0,Agadir
2024-01-11,26.6,15.4,0.0,Agadir
2024-01-12,29.5,18.8,0.0,Agadir
2024-01-13,29.6,21.2,0.0,Agadir
2024-01-14,28.8,19.0,0.0,Agadir
2024-01-15,27.2,17.0,0.0,Agadir
2024-01-16,26.6,20.0,0.1,Agadir
2024-01-17,24.2,18.0,0.0,Agadir
2024-01-18,28.0,16.8,0.0,Agadir
2024-01-19,22.1,16.3,0.6,Agadir
2024-01-20,19.6,14.3,0.0,Agadir
2024-01-21,21.3,14.2,0.0,Agadir
2024-01-22,24.0,15.4,0.0,Agadir
2024-01-23,25.0,16.4,0.0,Agadir
2024-01-24,24.5,15.6,0.0,Agadir
2024-01-25,28.3,16.7,0.0,Agadir
2024-01-26,27.0,18.5,0.0,Agadir
2024-01-27,29.2,18.4,0.0,Agadir
2024-01-28,28.8,19.1,0.0,Agadir
2024-01-29,28.8,18.3,0.0,Agadir
2024-01-30,28.4,20.2,0.0,Agadir
2024-01-31,28.5,20.0,0.0,Agadir
2024-02-01,23.9,17.1,0.0,Agadir
2024-02-02,22.2,15.2,0.0,Agadir
2024-02-03,23.7,14.2,0.0,Agadir
2024-02-04,26.8,18.5,0.0,Agadir
2024-02-05,25.4,16.9,0.0,Agadir
2024-02-06,22.7,14.5,0.0,Agadir
2024-02-07,24.8,15.6,0.0,Agadir
2024-02-08,25.8,16.9,0.0,Agadir
2024-02-09,21.6,14.5,37.0,Agadir
2024-02-10,20.7,13.9,0.6,Agadir
2024-02-11,20.0,12.7,0.0,Agadir
2024-02-12,22.0,14.2,0.0,Agadir
2024-02-13,29.6,19.1,0.0,Agadir
2024-02-14,32.5,24.1,0.0,Agadir
2024-02-15,25.6,17.1,0.0,Agadir
2024-02-16,20.8,15.5,0.0,Agadir
2024-02-17,22.9,16.3,0.0,Agadir
2024-02-18,24.9,17.2,0.0,Agadir
2024-02-19,23.9,16.3,0.0,Agadir
2024-02-20,21.3,13.7,0.0,Agadir
2024-02-21,25.8,15.3,0.0,Agadir
2024-02-22,23.8,16.0,0.0,Agadir
2024-02-23,24.4,14.3,0.0,Agadir
2024-02-24,26.3,13.2,0.0,Agadir
2024-02-25,23.3,15.2,0.0,Agadir
2024-02-26,22.7,13.9,0.0,Agadir
2024-02-27,25.4,14.2,0.0,Agadir
2024-02-28,21.0,12.1,0.0,Agadir
2024-02-29,21.2,13.3,0.0,Agadir
2024-03-01,22.7,14.5,0.0,Agadir
2024-03-02,22.4,14.1,0.0,Agadir
2024-03-03,24.2,12.9,0.0,Agadir
2024-03-04,25.1,13.8,0.0,Agadir
2024-03-05,25.2,13.9,0.0,Agadir
2024-03-06,22.5,13.5,0.0,Agadir
2024-03-07,19.4,12.7,0.0,Agadir
2024-03-08,19.6,13.2,0.0,Agadir
2024-03-09,17.6,12.2,0.1,Agadir
2024-03-10,20.2,14.8,0.0,Agadir
2024-03-11,21.7,12.2,0.0,Agadir
2024-03-12,19.7,12.4,0.0,Agadir
2024-03-13,18.9,14.6,0.0,Agadir
2024-03-14,22.8,13.8,0.0,Agadir
2024-03-15,27.6,15.2,0.0,Agadir
2024-03-16,33.2,20.0,0.0,Agadir
2024-03-17,35.1,24.7,0.0,Agadir
2024-03-18,34.1,24.5,0.0,Agadir
2024-03-19,28.7,19.2,0.0,Agadir
2024-03-20,23.1,16.0,0.0,Agadir
2024-03-21,19.4,13.9,0.0,Agadir
2024-03-22,18.0,13.2,0.8,Agadir
2024-03-23,23.0,14.9,0.3,Agadir
2024-03-24,18.8,14.7,1.1,Agadir
2024-03-25,19.3,13.5,6.7,Agadir
2024-03-26,19.2,13.6,1.5,Agadir
2024-03-27,18.6,9.4,0.0,Agadir
2024-03-28,19.0,11.9,0.0,Agadir
2024-03-29,17.4,14.3,14.3,Agadir
2024-03-30,18.1,13.3,12.0,Agadir
2024-03-31,18.6,16.0,15.7,Agadir
2024-04-01,20.3,15.0,0.9,Agadir
2024-04-02,22.8,14.6,0.0,Agadir
2024-04-03,21.1,14.5,0.0,Agadir
2024-04-04,27.6,18.0,0.0,Agadir
2024-04-05,35.0,20.1,0.0,Agadir
2024-04-06,31.4,20.1,0.0,Agadir
2024-04-07,25.6,16.8,0.0,Agadir
2024-04-08,28.7,17.4,0.0,Agadir
2024-04-09,25.2,17.0,0.0,Agadir
2024-04-10,34.9,21.1,0.0,Agadir
2024-04-11,31.5,21.4,0.0,Agadir
2024-04-12,32.4,20.6,0.0,Agadir
2024-04-13,31.1,21.7,0.0,Agadir
2024-04-14,32.5,23.0,0.0,Agadir
2024-04-15,31.7,22.9,0.0,Agadir
2024-04-16,24.8,19.2,0.0,Agadir
2024-04-17,29.1,18.2,0.0,Agadir
2024-04-18,25.4,16.3,0.0,Agadir
2024-04-19,22.8,15.2,0.0,Agadir
2024-04-20,23.9,15.4,0.2,Agadir
2024-04-21,23.3,15.3,0.0,Agadir
2024-04-22,26.0,15.5,0.0,Agadir
2024-04-23,29.5,19.7,0.0,Agadir
2024-04-24,25.7,18.2,0.0,Agadir
2024-04-25,27.7,17.7,0.0,Agadir
2024-04-26,24.4,15.8,0.0,Agadir
2024-04-27,21.4,13.8,0.0,Agadir
2024-04-28,21.9,14.8,0.0,Agadir
2024-04-29,24.0,14.2,0.0,Agadir
2024-04-30,24.9,12.4,0.0,Agadir
2024-05-01,26.6,13.9,0.0,Agadir
2024-05-02,28.0,14.9,0.0,Agadir
2024-05-03,24.9,16.4,0.0,Agadir
2024-05-04,25.9,16.0,0.0,Agadir
2024-05-05,25.1,16.0,0.0,Agadir
2024-05-06,26.0,17.2,0.0,Agadir
2024-05-07,24.2,17.2,0.0,Agadir
2024-05-08,26.5,18.8,0.0,Agadir
2024-05-09,25.5,19.3,0.0,Agadir
2024-05-10,23.3,17.1,0.0,Agadir
2024-05-11,22.9,17.4,0.0,Agadir
2024-05-12,25.1,17.2,0.0,Agadir
2024-05-13,24.8,16.2,0.0,Agadir
2024-05-14,26.4,16.1,0.0,Agadir
2024-05-15,25.0,17.2,0.0,Agadir
2024-05-16,26.0,15.7,0.0,Agadir
2024-05-17,26.6,16.4,0.0,Agadir
2024-05-18,24.2,17.4,0.0,Agadir
2024-05-19,23.1,16.2,0.2,Agadir
2024-05-20,24.7,14.4,0.0,Agadir
2024-05-21,27.2,15.6,0.0,Agadir
2024-05-22,23.3,15.0,0.0,Agadir
2024-05-23,27.9,16.1,0.0,Agadir
2024-05-24,23.9,17.4,0.0,Agadir
2024-05-25,27.7,15.9,0.0,Agadir
2024-05-26,25.8,16.7,0.0,Agadir
2024-05-27,27.3,16.7,0.0,Agadir
2024-05-28,22.9,16.2,0.0,Agadir
2024-05-29,20.4,16.8,0.0,Agadir
2024-05-30,21.4,16.9,0.0,Agadir
2024-05-31,22.6,17.5,0.0,Agadir
2024-06-01,23.5,18.0,0.0,Agadir
2024-06-02,24.4,17.3,0.0,Agadir
2024-06-03,23.0,17.2,0.0,Agadir
2024-06-04,25.3,18.0,0.0,Agadir
2024-06-05,26.2,17.0,0.0,Agadir
2024-06-06,22.8,18.4,0.0,Agadir
2024-06-07,20.9,18.0,0.0,Agadir
2024-06-08,22.9,17.3,0.0,Agadir
2024-06-09,23.9,17.7,0.0,Agadir
2024-06-10,23.7,18.7,0.0,Agadir
2024-06-11,25.9,17.0,0.0,Agadir
2024-06-12,29.1,17.8,0.0,Agadir
2024-06-13,27.6,17.6,0.0,Agadir
2024-06-14,24.6,17.6,0.2,Agadir
2024-06-15,30.0,17.3,0.0,Agadir
2024-06-16,27.2,17.8,0.0,Agadir
2024-06-17,27.5,17.4,0.0,Agadir
2024-06-18,27.9,17.1,0.0,Agadir
2024-06-19,28.9,17.9,0.0,Agadir
2024-06-20,26.6,17.7,0.0,Agadir
2024-06-21,27.4,17.4,0.0,Agadir
2024-06-22,22.3,17.7,0.0,Agadir
2024-06-23,21.8,18.0,0.0,Agadir
2024-06-24,23.6,17.8,0.0,Agadir
2024-06-25,25.5,18.2,0.0,Agadir
2024-06-26,26.3,18.8,0.0,Agadir
2024-06-27,24.9,17.9,0.0,Agadir
2024-06-28,26.8,17.0,0.0,Agadir
2024-06-29,28.9,18.0,0.0,Agadir
2024-06-30,29.7,18.1,0.0,Agadir
2024-07-01,29.9,18.1,0.0,Agadir
2024-07-02,29.7,18.4,0.0,Agadir
2024-07-03,25.2,18.0,0.0,Agadir
2024-07-04,23.9,18.9,0.0,Agadir
2024-07-05,25.6,18.9,0.0,Agadir
2024-07-06,28.0,17.3,0.0,Agadir
2024-07-07,29.3,18.9,0.0,Agadir
2024-07-08,27.7,17.8,0.0,Agadir
2024-07-09,26.7,17.1,0.0,Agadir
2024-07-10,27.3,19.3,0.0,Agadir
2024-07-11,34.1,19.6,0.0,Agadir
2024-07-12,29.0,21.5,0.0,Agadir
2024-07-13,31.9,19.5,0.0,Agadir
2024-07-14,28.3,19.0,0.0,Agadir
2024-07-15,32.0,20.7,0.0,Agadir
2024-07-16,28.0,19.8,0.0,Agadir
2024-07-17,25.5,18.9,0.0,Agadir
2024-07-18,33.4,19.7,0.0,Agadir
2024-07-19,35.9,25.0,0.0,Agadir
2024-07-20,33.3,23.3,0.0,Agadir
2024-07-21,28.0,21.3,0.0,Agadir
2024-07-22,33.3,20.4,0.0,Agadir
2024-07-23,31.2,21.7,0.0,Agadir
2024-07-24,33.6,23.1,0.0,Agadir
2024-07-25,30.7,23.2,0.0,Agadir
2024-07-26,28.5,22.3,0.0,Agadir
2024-07-27,27.7,19.8,0.0,Agadir
2024-07-28,26.5,20.0,0.0,Agadir
2024-07-29,27.8,19.7,0.0,Agadir
2024-07-30,27.3,19.2,0.0,Agadir
2024-07-31,30.9,20.6,0.0,Agadir
2024-08-01,30.7,21.3,0.0,Agadir
2024-08-02,37.1,22.1,0.0,Agadir
2024-08-03,41.0,24.2,0.0,Agadir
2024-08-04,36.6,23.4,0.0,Agadir
2024-08-05,32.7,20.5,0.0,Agadir
2024-08-06,30.6,19.5,0.0,Agadir
2024-08-07,30.6,18.7,0.0,Agadir
2024-08-08,31.8,19.5,0.0,Agadir
2024-08-09,30.3,19.9,0.0,Agadir
2024-08-10,30.9,21.0,0.0,Agadir
2024-08-11,33.0,21.6,0.0,Agadir
2024-08-12,36.8,22.2,0.0,Agadir
2024-08-13,35.0,22.9,0.0,Agadir
2024-08-14,28.8,21.3,0.0,Agadir
2024-08-15,24.8,19.3,0.0,Agadir
2024-08-16,24.6,20.0,0.0,Agadir
2024-08-17,24.5,19.2,0.0,Agadir
2024-08-18,30.1,22.2,0.0,Agadir
2024-08-19,40.1,22.5,0.0,Agadir
2024-08-20,29.3,22.6,0.0,Agadir
2024-08-21,29.3,21.3,0.0,Agadir
2024-08-22,32.5,20.5,0.0,Agadir
2024-08-23,28.2,19.0,0.0,Agadir
2024-08-24,32.8,19.7,0.0,Agadir
2024-08-25,24.5,19.6,0.0,Agadir
2024-08-26,25.9,19.8,0.0,Agadir
2024-08-27,29.1,19.1,0.0,Agadir
2024-08-28,27.2,18.8,0.0,Agadir
2024-08-29,28.1,18.2,0.0,Agadir
2024-08-30,28.1,19.6,0.0,Agadir
2024-08-31,26.9,19.4,0.0,Agadir
2024-09-01,24.1,19.5,0.0,Agadir
2024-09-02,25.8,18.9,0.0,Agadir
2024-09-03,27.7,20.6,0.0,Agadir
2024-09-04,29.4,20.1,0.0,Agadir
2024-09-05,27.2,20.7,0.0,Agadir
2024-09-06,30.9,19.1,0.0,Agadir
2024-09-07,31.3,23.3,19.4,Agadir
2024-09-08,26.3,20.7,0.7,Agadir
2024-09-09,29.1,19.7,0.0,Agadir
2024-09-10,29.3,19.4,0.0,Agadir
2024-09-11,29.6,18.4,0.0,Agadir
2024-09-12,25.6,19.0,0.0,Agadir
2024-09-13,28.4,19.6,0.0,Agadir
2024-09-14,26.1,18.9,0.0,Agadir
2024-09-15,21.6,18.0,0.0,Agadir
2024-09-16,21.7,17.8,0.0,Agadir
2024-09-17,21.2,16.7,0.0,Agadir
2024-09-18,21.5,18.3,0.2,Agadir
2024-09-19,26.6,17.8,0.0,Agadir
2024-09-20,25.2,19.2,0.0,Agadir
2024-09-21,27.8,20.1,0.0,Agadir
2024-09-22,28.4,21.2,0.0,Agadir
2024-09-23,29.3,21.3,0.1,Agadir
2024-09-24,27.5,19.8,0.0,Agadir
2024-09-25,24.2,17.5,0.0,Agadir
2024-09-26,24.4,18.2,0.0,Agadir
2024-09-27,24.8,20.1,0.0,Agadir
2024-09-28,26.0,19.9,0.0,Agadir
2024-09-29,23.0,18.5,0.0,Agadir
2024-09-30,26.0,18.2,0.0,Agadir
2024-10-01,25.8,19.7,0.0,Agadir
2024-10-02,28.5,22.7,0.0,Agadir
2024-10-03,29.3,22.6,0.0,Agadir
2024-10-04,25.7,19.8,0.0,Agadir
2024-10-05,24.0,20.0,0.0,Agadir
2024-10-06,24.4,19.4,0.0,Agadir
2024-10-07,24.2,19.9,0.0,Agadir
2024-10-08,24.5,18.5,0.0,Agadir
2024-10-09,23.1,19.1,0.0,Agadir
2024-10-10,23.4,18.8,0.0,Agadir
2024-10-11,24.4,19.8,0.0,Agadir
2024-10-12,23.4,19.6,8.5,Agadir
2024-10-13,23.2,18.0,25.5,Agadir
2024-10-14,21.5,17.7,2.5,Agadir
2024-10-15,23.1,19.0,3.1,Agadir
2024-10-16,25.0,19.4,27.6,Agadir
2024-10-17,24.2,18.8,0.0,Agadir
2024-10-18,23.4,18.6,0.0,Agadir
2024-10-19,23.6,18.1,0.0,Agadir
2024-10-20,23.3,18.6,0.0,Agadir
2024-10-21,22.4,18.2,0.0,Agadir
2024-10-22,23.5,18.2,0.0,Agadir
2024-10-23,27.9,19.8,0.0,Agadir
2024-10-24,28.1,20.6,0.0,Agadir
2024-10-25,25.2,18.1,0.0,Agadir
2024-10-26,25.7,17.7,0.2,Agadir
2024-10-27,26.4,14.1,0.0,Agadir
2024-10-28,21.7,14.0,0.0,Agadir
2024-10-29,18.5,13.1,0.0,Agadir
2024-10-30,20.4,14.5,0.0,Agadir
2024-10-31,20.3,14.6,0.0,Agadir
2024-11-01,20.6,14.3,0.0,Agadir
2024-11-02,21.4,14.7,0.0,Agadir
2024-11-03,20.9,15.7,0.0,Agadir
2024-11-04,25.5,16.6,0.0,Agadir
2024-11-05,31.2,19.2,0.0,Agadir
2024-11-06,34.4,24.4,0.0,Agadir
2024-11-07,34.8,22.7,0.0,Agadir
2024-11-08,34.0,23.8,0.0,Agadir
2024-11-09,31.9,24.2,0.0,Agadir
2024-11-10,29.9,21.4,0.0,Agadir
2024-11-11,22.4,18.6,0.0,Agadir
2024-11-12,21.6,17.0,0.0,Agadir
2024-11-13,20.3,16.3,1.0,Agadir
2024-11-14,21.2,15.9,1.7,Agadir
2024-11-15,24.5,17.8,0.0,Agadir
2024-11-16,26.2,17.3,0.0,Agadir
2024-11-17,24.3,16.8,0.0,Agadir
2024-11-18,30.8,18.4,2.9,Agadir
2024-11-19,27.1,20.6,1.9,Agadir
2024-11-20,27.8,19.9,0.0,Agadir
2024-11-21,27.4,20.1,0.0,Agadir
2024-11-22,28.0,19.3,0.0,Agadir
2024-11-23,32.6,22.3,0.0,Agadir
2024-11-24,31.8,25.8,0.0,Agadir
2024-11-25,31.5,24.1,0.0,Agadir
2024-11-26,30.7,23.4,0.0,Agadir
2024-11-27,31.6,21.9,0.0,Agadir
2024-11-28,31.4,21.0,0.0,Agadir
2024-11-29,30.5,21.0,0.0,Agadir
2024-11-30,31.0,20.6,0.0,Agadir
2024-12-01,28.3,20.7,0.0,Agadir
2024-12-02,26.0,18.8,0.0,Agadir
2024-12-03,25.7,18.8,0.0,Agadir
2024-12-04,24.9,17.4,0.0,Agadir
2024-12-05,22.4,15.9,0.0,Agadir
2024-12-06,24.3,16.1,0.0,Agadir
2024-12-07,24.3,16.7,0.0,Agadir
2024-12-08,20.8,15.6,0.0,Agadir
2024-12-09,18.9,14.4,0.0,Agadir
2024-12-10,20.7,13.2,0.0,Agadir
2024-12-11,19.8,10.0,0.0,Agadir
2024-12-12,18.6,11.3,0.0,Agadir
2024-12-13,20.1,12.1,0.0,Agadir
2024-12-14,23.9,15.2,0.0,Agadir
2024-12-15,25.2,17.0,0.0,Agadir
2024-12-16,28.7,18.2,0.0,Agadir
2024-12-17,24.2,17.4,0.0,Agadir
2024-12-18,20.5,15.5,0.0,Agadir
2024-12-19,19.1,14.0,0.0,Agadir
2024-12-20,19.1,13.8,0.0,Agadir
2024-12-21,21.3,14.9,0.8,Agadir
2024-12-22,22.9,15.4,0.2,Agadir
2024-12-23,23.8,15.8,0.0,Agadir
2024-12-24,26.5,16.5,0.0,Agadir
2024-12-25,28.6,21.1,0.0,Agadir
2024-12-26,26.2,19.6,0.0,Agadir
2024-12-27,24.7,16.7,0.0,Agadir
2024-12-28,22.4,14.8,5.0,Agadir
2024-12-29,20.6,13.9,0.0,Agadir
2024-12-30,19.1,14.0,0.0,Agadir
2024-12-31,18.3,11.6,0.0,Agadir
2025-01-01,17.7,11.1,0.0,Agadir
2025-01-02,20.8,11.1,0.0,Agadir
2025-01-03,20.6,12.2,0.0,Agadir
2025-01-04,20.5,14.2,0.0,Agadir
2025-01-05,21.0,13.2,0.0,Agadir
2025-01-06,19.7,14.4,0.0,Agadir
2025-01-07,20.9,12.5,0.0,Agadir
2025-01-08,24.0,14.0,0.0,Agadir
2025-01-09,22.2,15.1,0.0,Agadir
2025-01-10,23.7,14.5,0.0,Agadir
2025-01-11,23.3,15.3,0.0,Agadir
2025-01-12,20.3,14.6,0.0,Agadir
2025-01-13,18.9,12.8,0.0,Agadir
2025-01-14,21.5,14.2,0.0,Agadir
2025-01-15,20.6,13.9,0.0,Agadir
2025-01-16,17.2,11.3,0.0,Agadir
2025-01-17,20.6,9.7,0.0,Agadir
2025-01-18,18.4,10.7,0.0,Agadir
2025-01-19,18.4,12.1,0.0,Agadir
2025-01-20,23.0,12.4,0.0,Agadir
2025-01-21,26.8,18.2,0.0,Agadir
2025-01-22,24.5,16.4,0.0,Agadir
2025-01-23,20.8,14.4,0.0,Agadir
2025-01-24,23.4,13.1,0.0,Agadir
2025-01-25,22.0,13.8,0.0,Agadir
2025-01-26,22.8,12.3,0.0,Agadir
2025-01-27,24.0,14.1,0.0,Agadir
2025-01-28,22.5,14.7,0.0,Agadir
2025-01-29,22.5,13.8,0.0,Agadir
2025-01-30,20.8,14.1,0.0,Agadir
2025-01-31,19.7,9.6,0.0,Agadir
2025-02-01,19.1,12.2,0.0,Agadir
2025-02-02,18.8,10.2,0.0,Agadir
2025-02-03,18.6,11.5,0.0,Agadir
2025-02-04,21.3,11.7,0.0,Agadir
2025-02-05,23.2,11.7,0.0,Agadir
2025-02-06,23.3,15.0,0.0,Agadir
2025-02-07,19.5,11.3,0.0,Agadir
2025-02-08,18.3,10.1,0.0,Agadir
2025-02-09,22.0,12.2,0.0,Agadir
2025-02-10,24.4,14.4,0.0,Agadir
2025-02-11,24.7,13.8,0.0,Agadir
2025-02-12,23.4,13.6,0.0,Agadir
2025-02-13,22.6,14.3,0.0,Agadir
2025-02-14,25.5,13.3,0.0,Agadir
2025-02-15,28.0,15.5,2.9,Agadir
2025-02-16,21.0,12.5,0.8,Agadir
2025-02-17,20.7,11.2,0.0,Agadir
2025-02-18,18.2,13.3,5.0,Agadir
2025-02-19,22.6,13.0,0.0,Agadir
2025-02-20,22.3,13.1,0.0,Agadir
2025-02-21,24.6,15.1,0.0,Agadir
2025-02-22,23.0,14.9,0.0,Agadir
2025-02-23,20.8,14.8,0.0,Agadir
2025-02-24,22.4,14.4,0.0,Agadir
2025-02-25,21.5,14.3,0.0,Agadir
2025-02-26,20.9,13.6,0.0,Agadir
2025-02-27,19.2,13.5,0.0,Agadir
2025-02-28,17.5,12.9,13.7,Agadir
2025-03-01,18.8,12.7,0.0,Agadir
2025-03-02,18.0,12.7,0.1,Agadir
2025-03-03,24.0,13.8,3.7,Agadir
2025-03-04,18.0,12.5,1.0,Agadir
2025-03-05,17.7,13.0,2.2,Agadir
2025-03-06,16.6,12.2,14.0,Agadir
2025-03-07,18.0,12.8,2.0,Agadir
2025-03-08,16.2,14.1,25.7,Agadir
2025-03-09,17.5,12.1,2.9,Agadir
2025-03-10,17.7,14.3,5.9,Agadir
2025-03-11,19.2,14.3,0.8,Agadir
2025-03-12,19.4,14.0,3.8,Agadir
2025-03-13,18.7,14.6,15.0,Agadir
2025-03-14,17.2,12.5,10.7,Agadir
2025-03-15,19.7,11.5,0.0,Agadir
2025-03-16,18.7,11.2,0.0,Agadir
2025-03-17,19.3,13.3,2.4,Agadir
2025-03-18,19.4,13.5,0.4,Agadir
2025-03-19,19.7,12.9,0.0,Agadir
2025-03-20,21.4,15.4,0.5,Agadir
2025-03-21,21.0,13.8,0.3,Agadir
2025-03-22,23.2,12.6,0.0,Agadir
2025-03-23,21.6,13.2,0.0,Agadir
2025-03-24,23.3,12.5,0.0,Agadir
2025-03-25,21.9,11.5,0.0,Agadir
2025-03-26,24.4,12.6,0.0,Agadir
2025-03-27,25.2,15.4,0.0,Agadir
2025-03-28,31.3,19.5,0.0,Agadir
2025-03-29,31.6,21.9,0.0,Agadir
2025-03-30,26.7,17.7,0.0,Agadir
2025-03-31,21.3,15.5,0.0,Agadir
2025-04-01,20.1,15.3,0.5,Agadir
2025-04-02,17.8,14.5,8.8,Agadir
2025-04-03,21.8,14.7,0.1,Agadir
2025-04-04,20.5,15.6,11.6,Agadir
2025-04-05,20.9,13.7,0.0,Agadir
2025-04-06,21.7,13.2,0.0,Agadir
2025-04-07,25.1,14.0,0.0,Agadir
2025-04-08,24.9,15.5,0.0,Agadir
2025-04-09,26.5,17.1,0.0,Agadir
2025-04-10,22.5,17.6,0.0,Agadir
2025-04-11,23.6,17.1,1.3,Agadir
2025-04-12,23.3,16.6,0.3,Agadir
2025-04-13,20.6,14.5,0.6,Agadir
2025-04-14,22.7,13.7,0.1,Agadir
2025-04-15,23.3,15.9,0.0,Agadir
2025-04-16,26.7,14.1,0.0,Agadir
2025-04-17,28.3,15.7,0.0,Agadir
2025-04-18,29.1,20.5,0.0,Agadir
2025-04-19,26.2,16.8,0.0,Agadir
2025-04-20,28.3,14.5,0.2,Agadir
2025-04-21,27.8,14.0,0.0,Agadir
2025-04-22,31.9,16.6,0.0,Agadir
2025-04-23,23.8,16.3,0.0,Agadir
2025-04-24,21.1,16.0,0.0,Agadir
2025-04-25,25.7,16.1,0.0,Agadir
2025-04-26,27.3,15.3,0.0,Agadir
2025-04-27,22.2,16.7,0.0,Agadir
2025-04-28,21.1,15.8,0.0,Agadir
2025-04-29,20.4,16.0,0.0,Agadir
2025-04-30,19.2,15.0,0.2,Agadir
2025-05-01,20.6,13.2,0.0,Agadir
2025-05-02,21.0,15.3,0.0,Agadir
2025-05-03,21.3,15.2,0.0,Agadir
2025-05-04,22.5,14.4,0.0,Agadir
2025-05-05,24.2,16.3,0.0,Agadir
2025-05-06,23.9,16.3,1.4,Agadir
2025-05-07,21.3,15.9,0.0,Agadir
2025-05-08,21.1,14.9,0.0,Agadir
2025-05-09,22.5,15.7,0.0,Agadir
2025-05-10,23.0,16.1,0.0,Agadir
2025-05-11,22.4,16.9,0.5,Agadir
2025-05-12,24.8,16.5,0.0,Agadir
2025-05-13,24.3,16.5,0.0,Agadir
2025-05-14,28.1,16.8,0.0,Agadir
2025-05-15,30.0,16.2,0.0,Agadir
2025-05-16,28.1,18.1,0.0,Agadir
2025-05-17,24.4,16.2,0.0,Agadir
2025-05-18,26.6,16.2,0.0,Agadir
2025-05-19,25.8,15.9,0.0,Agadir
2025-05-20,27.5,16.5,0.0,Agadir
2025-05-21,25.4,17.1,0.0,Agadir
2025-05-22,24.4,18.5,0.1,Agadir
2025-05-23,27.5,18.2,0.0,Agadir
2025-05-24,23.8,17.8,0.0,Agadir
2025-05-25,26.3,17.1,0.0,Agadir
2025-05-26,23.8,17.7,0.0,Agadir
2025-05-27,26.3,17.2,0.0,Agadir
2025-05-28,24.0,17.1,0.0,Agadir
2025-05-29,24.8,18.1,0.0,Agadir
2025-05-30,23.9,17.9,0.0,Agadir
2025-05-31,26.7,17.3,0.0,Agadir
2025-06-01,28.5,17.5,0.0,Agadir
2025-06-02,28.0,16.5,0.0,Agadir
2025-06-03,28.6,18.5,0.0,Agadir
2025-06-04,31.6,18.2,0.0,Agadir
2025-06-05,27.0,17.3,0.0,Agadir
2025-06-06,28.4,18.0,0.0,Agadir
2025-06-07,25.6,18.8,0.0,Agadir
2025-06-08,21.5,18.4,0.0,Agadir
2025-06-09,22.8,17.8,0.0,Agadir
2025-06-10,26.3,17.4,0.0,Agadir
2025-06-11,29.8,16.6,0.0,Agadir
2025-06-12,28.2,18.8,0.0,Agadir
2025-06-13,28.3,18.1,0.0,Agadir
2025-06-14,29.1,18.9,0.0,Agadir
2025-06-15,25.4,18.3,0.0,Agadir
2025-06-16,24.6,18.9,0.0,Agadir
2025-06-17,30.5,18.9,0.0,Agadir
2025-06-18,38.6,20.1,0.0,Agadir
2025-06-19,34.5,21.9,0.0,Agadir
2025-06-20,30.6,20.0,0.0,Agadir
2025-06-21,30.2,19.3,0.0,Agadir
2025-06-22,30.4,19.2,0.0,Agadir
2025-06-23,30.1,19.0,0.0,Agadir
2025-06-24,30.5,18.7,0.0,Agadir
2025-06-25,28.0,18.4,0.0,Agadir
2025-06-26,29.7,19.4,0.0,Agadir
2025-06-27,40.6,23.1,0.0,Agadir
2025-06-28,41.5,25.6,0.0,Agadir
2025-06-29,34.3,22.4,0.0,Agadir
2025-06-30,27.8,20.5,0.0,Agadir
2025-07-01,27.7,19.5,0.0,Agadir
2025-07-02,31.5,19.9,0.0,Agadir
2025-07-03,37.7,21.1,0.0,Agadir
2025-07-04,38.4,22.2,0.0,Agadir
2025-07-05,33.3,19.8,0.0,Agadir
2025-07-06,28.4,18.7,0.0,Agadir
2025-07-07,28.2,19.2,0.0,Agadir
2025-07-08,29.3,19.6,0.0,Agadir
2025-07-09,32.1,19.3,0.0,Agadir
2025-07-10,33.2,20.2,0.0,Agadir
2025-07-11,34.8,19.3,0.0,Agadir
2025-07-12,30.8,18.1,0.0,Agadir
2025-07-13,28.1,19.3,0.0,Agadir
2025-07-14,30.7,18.8,0.0,Agadir
2025-07-15,38.6,23.8,0.0,Agadir
2025-07-16,39.4,25.0,0.0,Agadir
2025-07-17,33.3,27.0,0.0,Agadir
2025-07-18,33.6,23.7,0.0,Agadir
2025-07-19,28.6,20.5,0.0,Agadir
2025-07-20,27.1,19.6,0.0,Agadir
2025-07-21,30.0,19.4,0.0,Agadir
2025-07-22,30.0,18.8,0.0,Agadir
2025-07-23,27.4,18.4,0.0,Agadir
2025-07-24,25.5,18.9,0.0,Agadir
2025-07-25,24.3,18.6,0.0,Agadir
2025-07-26,26.4,19.7,0.0,Agadir
2025-07-27,32.4,19.8,0.0,Agadir
2025-07-28,28.0,19.4,0.0,Agadir
2025-07-29,30.8,19.6,0.0,Agadir
2025-07-30,25.8,19.0,0.0,Agadir
2025-07-31,26.4,19.8,0.0,Agadir
2025-08-01,24.3,19.3,0.0,Agadir
2025-08-02,23.5,19.6,0.0,Agadir
2025-08-03,26.5,19.4,0.1,Agadir
2025-08-04,32.2,19.7,0.0,Agadir
2025-08-05,30.2,21.4,0.0,Agadir
2025-08-06,33.0,22.8,0.0,Agadir
2025-08-07,35.3,22.7,0.0,Agadir
2025-08-08,40.5,24.4,0.0,Agadir
2025-08-09,42.2,28.8,0.0,Agadir
2025-08-10,43.1,32.6,0.0,Agadir
2025-08-11,38.3,27.8,0.0,Agadir
2025-08-12,32.5,24.8,0.0,Agadir
2025-08-13,29.0,22.8,0.0,Agadir
2025-08-14,28.0,21.6,0.0,Agadir
2025-08-15,34.8,22.2,0.0,Agadir
2025-08-16,32.6,24.2,0.0,Agadir
2025-08-17,32.9,24.3,0.0,Agadir
2025-08-18,34.2,24.1,0.0,Agadir
2025-08-19,35.8,23.9,0.0,Agadir
2025-08-20,34.5,22.3,0.0,Agadir
2025-08-21,29.3,22.3,0.0,Agadir
2025-08-22,26.0,20.8,0.0,Agadir
2025-08-23,27.1,20.6,0.0,Agadir
2025-08-24,31.0,19.9,0.0,Agadir
2025-08-25,31.1,19.2,0.0,Agadir
2025-08-26,28.7,19.4,0.0,Agadir
2025-08-27,27.0,19.6,0.0,Agadir
2025-08-28,29.4,19.8,0.0,Agadir
2025-08-29,28.9,19.6,0.0,Agadir
2025-08-30,24.5,18.1,0.0,Agadir
2025-08-31,24.5,19.3,0.0,Agadir
2025-09-01,26.2,19.3,0.0,Agadir
2025-09-02,25.4,18.5,0.0,Agadir
2025-09-03,24.7,18.2,0.0,Agadir
2025-09-04,24.3,18.6,0.0,Agadir
2025-09-05,27.2,19.3,0.0,Agadir
2025-09-06,35.1,20.7,0.0,Agadir
2025-09-07,35.4,29.2,0.0,Agadir
2025-09-08,31.5,24.4,0.0,Agadir
2025-09-09,30.5,20.6,0.0,Agadir
2025-09-10,26.3,18.1,0.0,Agadir
2025-09-11,27.4,19.5,0.0,Agadir
2025-09-12,25.5,19.3,0.0,Agadir
2025-09-13,28.2,20.6,0.0,Agadir
2025-09-14,29.7,23.5,0.0,Agadir
2025-09-15,38.3,26.1,0.0,Agadir
2025-09-16,32.8,26.0,0.0,Agadir
2025-09-17,37.7,27.8,0.0,Agadir
2025-09-18,38.3,30.6,0.0,Agadir
2025-09-19,37.7,29.5,0.0,Agadir
2025-09-20,32.3,22.7,0.0,Agadir
2025-09-21,27.5,20.8,0.0,Agadir
2025-09-22,25.0,19.4,0.0,Agadir
2025-09-23,25.3,19.2,0.0,Agadir
2025-09-24,24.5,18.2,0.0,Agadir
2025-09-25,25.4,17.4,0.0,Agadir
2025-09-26,25.9,17.9,0.0,Agadir
2025-09-27,28.1,17.5,0.0,Agadir
2025-09-28,26.8,18.1,0.0,Agadir
2025-09-29,29.1,18.5,0.0,Agadir
2025-09-30,24.5,17.5,0.0,Agadir
2025-10-01,25.3,18.5,0.0,Agadir
2025-10-02,27.0,17.7,0.0,Agadir
2025-10-03,27.7,18.5,0.0,Agadir
2025-10-04,25.8,18.0,0.0,Agadir
2025-10-05,26.0,18.7,0.0,Agadir
2025-10-06,25.8,18.7,0.0,Agadir
2025-10-07,33.7,19.5,0.0,Agadir
2025-10-08,33.6,22.6,0.0,Agadir
2025-10-09,25.7,19.9,0.0,Agadir
2025-10-10,24.9,17.1,0.0,Agadir
2025-10-11,25.2,16.7,0.0,Agadir
2025-10-12,23.4,17.4,0.0,Agadir
2025-10-13,23.5,17.6,0.0,Agadir
2025-10-14,23.3,17.5,0.0,Agadir
2025-10-15,24.1,18.3,0.0,Agadir
2025-10-16,24.9,18.0,0.0,Agadir
2025-10-17,24.2,18.6,0.0,Agadir
2025-10-18,24.4,17.5,0.0,Agadir
2025-10-19,25.5,18.5,0.0,Agadir
2025-10-20,24.8,18.1,0.0,Agadir
2025-10-21,23.8,18.0,0.0,Agadir
2025-10-22,24.6,18.5,0.0,Agadir
2025-10-23,24.3,19.7,0.0,Agadir
2025-10-24,22.6,19.0,0.0,Agadir
2025-10-25,23.3,17.8,0.0,Agadir
2025-10-26,24.4,17.0,0.0,Agadir
2025-10-27,26.1,18.0,0.0,Agadir
2025-10-28,26.0,19.0,0.0,Agadir
2025-10-29,22.8,19.0,0.5,Agadir
2025-10-30,22.7,18.0,1.1,Agadir
2025-10-31,23.1,17.1,0.0,Agadir
2025-11-01,28.2,17.4,0.0,Agadir
2025-11-02,29.9,20.1,0.0,Agadir
2025-11-03,25.1,17.8,0.0,Agadir
2025-11-04,29.8,20.1,0.0,Agadir
2025-11-05,29.0,20.4,0.0,Agadir
2025-11-06,25.7,18.8,0.0,Agadir
2025-11-07,23.1,16.4,0.0,Agadir
2025-11-08,22.7,15.4,0.0,Agadir
2025-11-09,23.7,17.6,0.0,Agadir
2025-11-10,23.9,17.3,0.0,Agadir
2025-11-11,23.3,16.2,0.0,Agadir
2025-11-12,28.0,17.2,1.4,Agadir
2025-11-13,23.0,18.4,15.4,Agadir
2025-11-14,21.3,16.4,2.4,Agadir
2025-11-15,21.2,15.0,0.0,Agadir
2025-11-16,21.8,15.9,0.0,Agadir
2025-11-17,22.4,17.2,0.0,Agadir
2025-11-18,22.1,15.9,0.0,Agadir
2025-11-19,20.5,14.1,0.0,Agadir
2025-11-20,21.6,14.1,0.0,Agadir
2025-11-21,23.4,15.3,0.0,Agadir
2025-11-22,28.4,15.6,0.0,Agadir
2025-11-23,27.6,20.2,0.0,Agadir
2025-11-24,26.2,18.2,0.0,Agadir
2025-11-25,23.9,15.4,0.0,Agadir
2025-11-26,19.7,14.1,0.0,Agadir
2025-11-27,23.1,15.3,0.0,Agadir
2025-11-28,23.0,15.8,0.0,Agadir
2025-11-29,23.0,15.4,0.0,Agadir
2025-11-30,22.3,14.0,0.0,Agadir
2025-12-01,21.7,14.7,0.0,Agadir
2025-12-02,20.1,13.2,0.0,Agadir
2025-12-03,18.6,12.5,0.0,Agadir
2025-12-04,20.2,12.2,0.0,Agadir
2025-12-05,22.4,14.2,0.0,Agadir
2025-12-06,22.6,14.2,0.0,Agadir
2025-12-07,23.5,15.5,0.0,Agadir
2025-12-08,24.2,14.1,0.0,Agadir
2025-12-09,24.7,14.7,0.0,Agadir
2025-12-10,20.5,14.0,0.7,Agadir
2025-12-11,17.4,10.2,0.0,Agadir
2025-12-12,17.8,12.7,6.4,Agadir
2025-12-13,16.4,11.4,3.7,Agadir
2025-12-14,17.1,10.7,0.0,Agadir
2025-12-15,17.6,12.4,0.0,Agadir
2025-12-16,17.5,13.0,6.0,Agadir
2025-12-17,20.0,12.2,0.1,Agadir
2025-12-18,16.6,10.4,0.0,Agadir
2025-12-19,17.1,10.9,0.0,Agadir
2025-12-20,19.3,10.7,0.0,Agadir
2025-12-21,18.2,11.7,0.0,Agadir
2025-12-22,20.3,14.2,0.0,Agadir
2025-12-23,19.7,10.4,0.0,Agadir
2025-12-24,15.9,11.9,3.9,Agadir
2025-12-25,17.9,12.7,0.1,Agadir
2025-12-26,15.8,9.3,0.0,Agadir
2025-12-27,15.6,12.1,17.2,Agadir
2025-12-28,17.2,11.9,1.4,Agadir
2025-12-29,16.4,10.2,0.0,Agadir
2025-12-30,16.4,10.7,0.0,Agadir
2025-12-31,19.7,12.4,0.0,Agadir
2026-01-01,25.2,14.8,0.0,Agadir
2026-01-02,23.4,16.0,4.9,Agadir
2026-01-03,16.9,14.3,81.1,Agadir
2026-01-04,16.7,13.8,37.1,Agadir
2026-01-05,18.9,13.4,2.0,Agadir
2026-01-06,17.8,12.5,0.0,Agadir
2026-01-07,15.3,8.3,0.0,Agadir
2026-01-08,17.2,10.2,0.0,Agadir
2026-01-09,17.0,10.1,0.0,Agadir
2026-01-10,16.8,10.2,0.0,Agadir
2026-01-11,18.6,11.5,0.0,Agadir
2026-01-12,21.0,11.7,0.0,Agadir
2026-01-13,22.3,12.3,1.9,Agadir
2026-01-14,17.9,10.7,0.2,Agadir
2026-01-15,17.6,10.5,0.0,Agadir
2026-01-16,16.7,10.7,1.2,Agadir
2026-01-17,16.8,12.2,0.0,Agadir
2026-01-18,15.7,11.6,17.9,Agadir
2026-01-19,18.8,11.0,0.0,Agadir
2026-01-20,18.4,8.2,0.0,Agadir
2026-01-21,16.6,8.5,0.0,Agadir
2026-01-22,18.7,13.2,1.4,Agadir
2026-01-23,17.5,12.5,2.3,Agadir
2026-01-24,17.2,12.5,0.3,Agadir
2026-01-25,18.2,8.3,0.0,Agadir
2026-01-26,17.2,9.7,0.0,Agadir
2026-01-27,17.4,11.8,0.5,Agadir
2026-01-28,18.4,14.6,4.1,Agadir
2026-01-29,20.5,13.2,0.0,Agadir
2026-01-30,22.2,13.7,0.0,Agadir
2026-01-31,18.4,15.5,0.3,Agadir
2026-02-01,17.8,14.5,0.0,Agadir
2026-02-02,16.9,13.2,6.6,Agadir
2026-02-03,17.6,12.0,0.2,Agadir
2026-02-04,17.8,13.2,0.7,Agadir
2026-02-05,17.8,13.5,0.9,Agadir
2026-02-06,18.7,14.4,4.2,Agadir
2026-02-07,18.3,10.6,0.0,Agadir
2026-02-08,20.1,13.5,0.2,Agadir
2026-02-09,22.8,13.6,0.0,Agadir
2026-02-10,21.3,14.5,0.0,Agadir
2026-02-11,21.0,15.7,0.0,Agadir
2026-02-12,18.4,15.4,0.0,Agadir
2026-02-13,19.8,14.3,0.2,Agadir
2026-02-14,23.1,13.3,0.0,Agadir
2026-02-15,22.8,12.4,0.0,Agadir
2026-02-16,21.8,14.9,0.0,Agadir
2026-02-17,21.4,14.7,0.0,Agadir
2026-02-18,22.3,14.3,0.0,Agadir
2026-02-19,17.5,12.5,0.0,Agadir
2026-02-20,20.4,12.4,0.0,Agadir
2026-02-21,26.6,15.1,0.0,Agadir
2026-02-22,27.9,18.0,0.0,Agadir
2026-02-23,27.5,16.9,0.0,Agadir
2026-02-24,26.9,15.8,0.0,Agadir
2026-02-25,24.7,15.4,0.0,Agadir
2026-02-26,24.2,12.9,4.8,Agadir
2026-02-27,27.4,18.9,0.0,Agadir
2026-02-28,25.6,17.2,3.0,Agadir
2026-03-01,23.5,15.5,0.0,Agadir
2026-03-02,18.3,13.6,2.5,Agadir
2026-03-03,13.5,9.4,14.3,Agadir
2026-03-04,15.3,9.2,0.2,Agadir
2026-03-05,20.5,13.3,0.0,Agadir
2026-03-06,22.1,12.5,0.0,Agadir
2026-03-07,19.2,10.8,0.0,Agadir
2026-03-08,20.6,11.3,0.0,Agadir
2026-03-09,20.9,11.6,0.0,Agadir
2026-03-10,21.5,10.6,0.0,Agadir
2026-03-11,21.4,10.5,0.0,Agadir
2026-03-12,24.4,15.3,0.0,Agadir
2026-03-13,23.7,15.0,0.0,Agadir
2026-03-14,21.2,13.2,0.0,Agadir
2026-03-15,18.2,12.4,0.0,Agadir
2026-03-16,19.4,13.0,0.0,Agadir
2026-03-17,25.4,15.1,1.8,Agadir
2026-03-18,20.5,14.9,0.4,Agadir
2026-03-19,20.5,14.6,36.9,Agadir
2026-03-20,21.8,15.6,7.6,Agadir
2026-03-21,20.3,15.5,5.7,Agadir
2026-03-22,21.7,16.0,2.8,Agadir
2026-03-23,22.7,14.7,1.9,Agadir
2026-03-24,25.4,15.4,0.1,Agadir
2026-03-25,27.3,17.3,3.2,Agadir
2026-03-26,22.9,16.0,0.0,Agadir
2026-03-27,19.9,16.1,1.1,Agadir
2026-03-28,20.9,14.1,0.0,Agadir
2026-03-29,21.5,14.2,0.0,Agadir
2026-03-30,22.9,15.0,0.0,Agadir
2026-03-31,22.4,15.4,0.0,Agadir
2026-04-01,20.1,13.3,0.0,Agadir
2026-04-02,22.3,13.7,0.0,Agadir
2026-04-03,25.0,15.4,0.0,Agadir
2026-04-04,26.0,17.4,0.0,Agadir
2026-04-05,28.8,16.4,0.2,Agadir
2026-04-06,27.1,18.7,0.8,Agadir
2026-04-07,21.7,16.4,0.1,Agadir
2026-04-08,19.6,13.6,0.0,Agadir
2026-04-09,18.1,11.9,25.6,Agadir
2026-04-10,16.9,12.3,5.7,Agadir
2026-04-11,20.2,12.5,0.0,Agadir
2026-04-12,23.8,13.1,0.0,Agadir
2026-04-13,24.9,12.6,0.0,Agadir
2026-04-14,25.7,14.5,0.0,Agadir
2026-04-15,29.6,17.5,0.0,Agadir
2026-04-16,25.2,17.8,0.0,Agadir
2026-04-17,28.0,18.6,0.0,Agadir
2026-04-18,31.3,20.0,0.0,Agadir
2026-04-19,33.1,21.6,0.0,Agadir
2026-04-20,34.8,23.4,0.0,Agadir
2026-04-21,22.3,16.7,0.0,Agadir
2026-04-22,23.4,16.0,0.0,Agadir
2026-04-23,22.6,15.8,0.0,Agadir
2026-04-24,27.2,16.4,0.1,Agadir
2026-04-25,27.0,15.0,0.0,Agadir
2026-04-26,23.9,15.5,0.0,Agadir
2026-04-27,23.0,17.1,0.2,Agadir
2026-04-28,20.5,17.2,0.4,Agadir
2026-04-29,23.2,17.2,1.4,Agadir
2026-04-30,22.2,16.6,0.2,Agadir
2026-05-01,25.1,15.2,0.0,Agadir
2026-05-02,26.0,15.6,0.0,Agadir
2026-05-03,26.2,15.5,0.0,Agadir
2026-05-04,26.6,16.0,0.0,Agadir
2026-05-05,27.7,17.3,0.0,Agadir
2026-05-06,25.3,15.9,0.0,Agadir
2026-05-07,22.3,15.3,0.0,Agadir
2026-05-08,19.7,14.3,0.0,Agadir
2026-05-09,20.7,15.8,0.9,Agadir
2026-05-10,21.3,14.4,0.0,Agadir
2026-05-11,24.6,15.2,0.0,Agadir
2026-05-12,24.8,15.3,0.0,Agadir
2026-05-13,25.5,15.7,0.0,Agadir
2026-05-14,22.9,16.8,3.0,Agadir
2026-05-15,23.1,15.0,0.0,Agadir
2026-05-16,26.5,16.3,0.0,Agadir
2026-05-17,25.9,15.5,0.0,Agadir
2026-05-18,27.1,15.6,0.0,Agadir
2026-05-19,32.6,16.5,0.0,Agadir
2026-05-20,36.4,18.9,0.0,Agadir
2026-05-21,37.3,21.3,0.0,Agadir
2026-05-22,33.7,21.4,0.0,Agadir
2026-05-23,35.8,21.4,0.0,Agadir
2026-05-24,37.0,25.8,0.0,Agadir
2026-05-25,39.9,28.8,0.0,Agadir
2026-05-26,33.9,24.7,0.0,Agadir
2026-05-27,30.7,20.2,0.0,Agadir
2026-05-28,28.2,18.3,0.0,Agadir
2026-05-29,27.0,16.9,0.0,Agadir
2026-05-30,27.5,17.4,0.0,Agadir
2026-05-31,22.5,17.5,0.0,Agadir
2026-06-01,21.7,18.1,0.0,Agadir
2026-06-02,24.8,18.0,0.0,Agadir
2026-06-03,25.0,17.9,0.0,Agadir
2026-06-04,24.0,17.4,0.0,Agadir
2026-06-05,26.8,18.7,0.0,Agadir
2026-06-06,24.2,16.7,0.0,Agadir
2026-06-07,26.1,18.1,0.0,Agadir
2026-06-08,23.0,18.4,0.0,Agadir
2026-06-09,27.2,18.2,0.0,Agadir
2026-06-10,26.6,17.8,0.0,Agadir
2026-06-11,26.5,17.6,0.0,Agadir
2026-06-12,26.8,18.0,0.0,Agadir
2026-06-13,27.1,18.5,0.0,Agadir
2026-06-14,30.2,17.8,1.4,Agadir
2026-06-15,27.3,17.4,0.0,Agadir
2026-06-16,25.8,18.5,0.0,Agadir
2026-06-17,23.4,18.9,0.0,Agadir
2026-06-18,22.8,19.2,0.0,Agadir
2026-06-19,23.8,18.9,0.0,Agadir
2026-06-20,24.3,19.6,0.0,Agadir
2026-06-21,25.3,18.7,0.0,Agadir
2026-06-22,27.8,18.6,0.0,Agadir
2026-06-23,25.8,19.4,0.0,Agadir
2026-06-24,25.9,18.8,0.0,Agadir
2026-06-25,29.2,18.4,0.0,Agadir
2026-06-26,29.3,19.6,0.0,Agadir
2026-06-27,30.5,19.5,0.0,Agadir
2026-06-28,31.8,20.9,0.0,Agadir
2026-06-29,38.0,23.2,0.0,Agadir
2026-06-30,38.3,22.6,0.0,Agadir
2026-07-01,24.6,20.1,0.0,Agadir
2026-07-02,32.7,19.8,0.0,Agadir
2026-07-03,33.0,23.6,0.0,Agadir
2026-07-04,34.4,21.8,0.0,Agadir
2026-07-05,35.1,22.7,0.0,Agadir
2026-07-06,31.1,21.4,0.0,Agadir
2026-07-07,29.8,21.8,0.0,Agadir
2026-07-08,30.9,22.7,0.0,Agadir
2026-07-09,32.2,21.1,0.0,Agadir
2026-07-10,28.1,20.5,0.0,Agadir
2026-07-11,28.6,20.7,0.0,Agadir
2026-07-12,27.9,20.7,0.0,Agadir
2026-07-13,29.3,20.2,0.0,Agadir
2026-07-14,31.5,20.9,0.0,Agadir
2026-07-15,37.9,21.5,0.0,Agadir
2026-07-16,36.0,24.1,0.0,Agadir
2026-07-17,38.0,22.0,0.0,Agadir
2026-07-18,32.5,21.7,0.0,Agadir
2026-07-19,33.3,21.7,0.0,Agadir
2026-07-20,35.8,21.2,0.0,Agadir
2026-07-21,34.5,20.5,0.0,Agadir
2026-07-22,34.7,20.8,0.0,Agadir
2026-07-23,35.8,22.0,0.0,Agadir
2026-07-24,31.4,21.3,0.0,Agadir
2026-07-25,29.0,20.6,0.0,Agadir
2026-07-26,30.1,19.8,0.0,Agadir
2026-07-27,26.3,19.8,0.0,Agadir
2026-07-28,30.1,19.7,0.0,Agadir
2026-07-29,31.7,19.9,0.0,Agadir
2026-07-30,36.0,21.8,0.0,Agadir
2026-07-31,44.9,27.9,0.0,Agadir
2026-08-01,40.1,27.9,0.0,Agadir
2022-01-01,22.4,9.2,0.0,Chefchaouen
2022-01-02,20.9,6.8,0.0,Chefchaouen
2022-01-03,21.4,6.5,0.0,Chefchaouen
2022-01-04,15.9,7.4,3.2,Chefchaouen
2022-01-05,11.4,3.5,0.1,Chefchaouen
2022-01-06,12.3,7.3,10.1,Chefchaouen
2022-01-07,14.2,2.0,0.0,Chefchaouen
2022-01-08,16.9,3.1,0.0,Chefchaouen
2022-01-09,16.3,3.4,0.0,Chefchaouen
2022-01-10,17.1,5.7,0.0,Chefchaouen
2022-01-11,16.5,7.7,0.0,Chefchaouen
2022-01-12,13.1,5.8,0.0,Chefchaouen
2022-01-13,11.3,4.0,0.0,Chefchaouen
2022-01-14,13.9,3.8,0.0,Chefchaouen
2022-01-15,15.2,2.9,0.0,Chefchaouen
2022-01-16,15.3,2.8,0.0,Chefchaouen
2022-01-17,14.8,4.1,0.0,Chefchaouen
2022-01-18,16.6,3.7,0.0,Chefchaouen
2022-01-19,16.1,3.6,0.0,Chefchaouen
2022-01-20,15.4,2.2,0.0,Chefchaouen
2022-01-21,14.3,0.9,0.0,Chefchaouen
2022-01-22,15.0,2.9,0.0,Chefchaouen
2022-01-23,17.5,4.7,0.0,Chefchaouen
2022-01-24,14.0,5.9,3.2,Chefchaouen
2022-01-25,11.9,6.3,1.9,Chefchaouen
2022-01-26,16.1,4.7,0.1,Chefchaouen
2022-01-27,14.7,4.1,0.4,Chefchaouen
2022-01-28,16.0,5.8,2.6,Chefchaouen
2022-01-29,15.1,5.9,0.0,Chefchaouen
2022-01-30,20.3,5.3,0.0,Chefchaouen
2022-01-31,19.9,7.5,0.0,Chefchaouen
2022-02-01,18.1,4.9,0.0,Chefchaouen
2022-02-02,21.9,5.0,0.0,Chefchaouen
2022-02-03,20.4,8.5,0.0,Chefchaouen
2022-02-04,19.2,8.4,0.2,Chefchaouen
2022-02-05,18.0,7.8,0.0,Chefchaouen
2022-02-06,16.3,6.5,0.0,Chefchaouen
2022-02-07,16.8,7.7,0.0,Chefchaouen
2022-02-08,17.9,6.4,0.0,Chefchaouen
2022-02-09,18.3,7.4,0.0,Chefchaouen
2022-02-10,19.1,5.0,0.0,Chefchaouen
2022-02-11,16.9,6.5,0.0,Chefchaouen
2022-02-12,17.0,5.2,0.0,Chefchaouen
2022-02-13,17.2,3.6,0.0,Chefchaouen
2022-02-14,13.4,4.6,2.7,Chefchaouen
2022-02-15,16.6,0.9,0.0,Chefchaouen
2022-02-16,17.1,2.6,0.0,Chefchaouen
2022-02-17,20.7,5.5,0.0,Chefchaouen
2022-02-18,18.5,6.4,0.0,Chefchaouen
2022-02-19,12.7,7.7,6.6,Chefchaouen
2022-02-20,16.0,5.5,0.0,Chefchaouen
2022-02-21,21.3,7.2,0.0,Chefchaouen
2022-02-22,22.1,7.9,0.0,Chefchaouen
2022-02-23,23.5,10.3,0.0,Chefchaouen
2022-02-24,21.6,10.4,8.3,Chefchaouen
2022-02-25,20.9,9.0,6.6,Chefchaouen
2022-02-26,17.3,9.8,4.6,Chefchaouen
2022-02-27,15.6,9.7,0.0,Chefchaouen
2022-02-28,15.2,8.2,0.0,Chefchaouen
2022-03-01,18.2,5.8,0.0,Chefchaouen
2022-03-02,18.3,4.3,0.0,Chefchaouen
2022-03-03,14.2,5.4,6.3,Chefchaouen
2022-03-04,10.4,4.2,2.6,Chefchaouen
2022-03-05,10.5,5.2,1.7,Chefchaouen
2022-03-06,11.6,6.6,11.5,Chefchaouen
2022-03-07,9.7,3.6,4.8,Chefchaouen
2022-03-08,12.3,5.0,0.9,Chefchaouen
2022-03-09,17.7,3.0,0.0,Chefchaouen
2022-03-10,17.2,5.8,0.0,Chefchaouen
2022-03-11,16.1,7.2,6.5,Chefchaouen
2022-03-12,14.2,7.7,3.8,Chefchaouen
2022-03-13,13.4,8.8,3.1,Chefchaouen
2022-03-14,14.3,7.5,22.7,Chefchaouen
2022-03-15,12.8,5.1,8.7,Chefchaouen
2022-03-16,10.7,2.3,0.5,Chefchaouen
2022-03-17,13.4,5.7,1.0,Chefchaouen
2022-03-18,15.8,4.8,0.0,Chefchaouen
2022-03-19,17.0,7.6,0.0,Chefchaouen
2022-03-20,17.7,8.8,11.8,Chefchaouen
2022-03-21,15.7,6.5,4.3,Chefchaouen
2022-03-22,18.0,5.8,0.1,Chefchaouen
2022-03-23,16.0,5.7,23.6,Chefchaouen
2022-03-24,11.1,5.9,14.3,Chefchaouen
2022-03-25,14.4,3.3,3.7,Chefchaouen
2022-03-26,15.6,5.2,0.7,Chefchaouen
2022-03-27,17.1,6.1,0.0,Chefchaouen
2022-03-28,19.9,9.9,0.2,Chefchaouen
2022-03-29,15.8,8.1,6.3,Chefchaouen
2022-03-30,12.4,8.5,5.7,Chefchaouen
2022-03-31,11.7,8.1,13.0,Chefchaouen
2022-04-01,15.2,6.6,1.8,Chefchaouen
2022-04-02,16.3,4.4,0.0,Chefchaouen
2022-04-03,11.9,6.2,0.0,Chefchaouen
2022-04-04,9.9,7.1,28.9,Chefchaouen
2022-04-05,11.2,7.0,18.9,Chefchaouen
2022-04-06,13.1,8.0,18.8,Chefchaouen
2022-04-07,18.6,4.6,0.0,Chefchaouen
2022-04-08,19.1,8.9,0.0,Chefchaouen
2022-04-09,21.5,9.2,0.0,Chefchaouen
2022-04-10,26.4,7.8,0.0,Chefchaouen
2022-04-11,19.4,11.3,5.3,Chefchaouen
2022-04-12,13.3,9.7,17.7,Chefchaouen
2022-04-13,15.4,8.5,2.2,Chefchaouen
2022-04-14,20.0,7.9,0.0,Chefchaouen
2022-04-15,21.4,8.4,0.0,Chefchaouen
2022-04-16,23.8,8.8,0.0,Chefchaouen
2022-04-17,25.7,10.4,0.0,Chefchaouen
2022-04-18,23.9,11.4,0.0,Chefchaouen
2022-04-19,16.0,8.2,2.5,Chefchaouen
2022-04-20,11.9,6.2,6.2,Chefchaouen
2022-04-21,14.9,6.3,1.2,Chefchaouen
2022-04-22,15.3,6.0,6.4,Chefchaouen
2022-04-23,15.1,6.9,31.0,Chefchaouen
2022-04-24,18.7,6.4,0.0,Chefchaouen
2022-04-25,20.0,7.0,0.2,Chefchaouen
2022-04-26,19.3,9.3,2.5,Chefchaouen
2022-04-27,18.0,9.6,10.4,Chefchaouen
2022-04-28,16.6,6.8,2.1,Chefchaouen
2022-04-29,18.3,6.5,0.0,Chefchaouen
2022-04-30,20.4,6.9,0.0,Chefchaouen
2022-05-01,24.4,8.6,0.0,Chefchaouen
2022-05-02,16.7,9.3,2.0,Chefchaouen
2022-05-03,12.5,9.0,26.4,Chefchaouen
2022-05-04,14.0,8.7,5.3,Chefchaouen
2022-05-05,20.5,6.0,0.0,Chefchaouen
2022-05-06,23.1,8.8,0.0,Chefchaouen
2022-05-07,24.3,10.4,0.0,Chefchaouen
2022-05-08,24.4,10.4,0.0,Chefchaouen
2022-05-09,25.0,12.0,0.0,Chefchaouen
2022-05-10,24.1,13.8,0.0,Chefchaouen
2022-05-11,26.9,12.8,0.0,Chefchaouen
2022-05-12,28.1,16.7,2.0,Chefchaouen
2022-05-13,28.8,14.0,0.0,Chefchaouen
2022-05-14,28.5,16.1,0.1,Chefchaouen
2022-05-15,24.4,15.5,0.0,Chefchaouen
2022-05-16,27.2,9.9,0.0,Chefchaouen
2022-05-17,29.8,13.6,0.0,Chefchaouen
2022-05-18,32.8,16.4,0.0,Chefchaouen
2022-05-19,35.2,17.2,0.0,Chefchaouen
2022-05-20,37.0,18.5,0.0,Chefchaouen
2022-05-21,33.9,20.0,0.7,Chefchaouen
2022-05-22,26.8,14.9,0.0,Chefchaouen
2022-05-23,28.6,14.0,0.0,Chefchaouen
2022-05-24,22.4,10.7,0.0,Chefchaouen
2022-05-25,23.3,9.4,0.0,Chefchaouen
2022-05-26,22.6,12.2,0.0,Chefchaouen
2022-05-27,32.0,14.1,0.0,Chefchaouen
2022-05-28,31.2,16.8,0.2,Chefchaouen
2022-05-29,23.5,15.2,0.0,Chefchaouen
2022-05-30,23.9,12.1,0.0,Chefchaouen
2022-05-31,29.3,17.0,0.0,Chefchaouen
2022-06-01,26.7,14.8,0.0,Chefchaouen
2022-06-02,22.0,14.0,0.0,Chefchaouen
2022-06-03,23.1,13.6,0.0,Chefchaouen
2022-06-04,23.7,13.1,0.0,Chefchaouen
2022-06-05,27.9,13.1,0.0,Chefchaouen
2022-06-06,30.3,14.2,0.0,Chefchaouen
2022-06-07,31.5,15.6,0.0,Chefchaouen
2022-06-08,28.4,16.1,0.0,Chefchaouen
2022-06-09,31.6,15.9,0.0,Chefchaouen
2022-06-10,30.9,19.8,0.0,Chefchaouen
2022-06-11,32.7,18.7,0.0,Chefchaouen
2022-06-12,36.4,20.5,0.4,Chefchaouen
2022-06-13,36.0,22.8,0.3,Chefchaouen
2022-06-14,36.8,21.8,0.1,Chefchaouen
2022-06-15,36.8,22.6,0.0,Chefchaouen
2022-06-16,35.0,21.2,0.0,Chefchaouen
2022-06-17,36.7,19.2,0.0,Chefchaouen
2022-06-18,33.5,20.3,0.0,Chefchaouen
2022-06-19,30.0,15.7,0.0,Chefchaouen
2022-06-20,26.6,15.2,0.0,Chefchaouen
2022-06-21,23.8,14.2,1.1,Chefchaouen
2022-06-22,22.9,12.0,0.0,Chefchaouen
2022-06-23,25.2,12.2,0.0,Chefchaouen
2022-06-24,25.7,14.4,0.0,Chefchaouen
2022-06-25,26.6,13.1,0.0,Chefchaouen
2022-06-26,25.3,10.9,0.0,Chefchaouen
2022-06-27,24.6,10.9,0.0,Chefchaouen
2022-06-28,29.2,12.5,0.0,Chefchaouen
2022-06-29,29.0,16.1,0.0,Chefchaouen
2022-06-30,28.1,16.2,0.0,Chefchaouen
2022-07-01,30.2,15.5,0.0,Chefchaouen
2022-07-02,32.5,16.1,0.0,Chefchaouen
2022-07-03,30.7,18.7,0.1,Chefchaouen
2022-07-04,33.0,19.1,0.0,Chefchaouen
2022-07-05,32.0,19.7,0.0,Chefchaouen
2022-07-06,33.3,18.2,0.0,Chefchaouen
2022-07-07,33.8,18.0,0.0,Chefchaouen
2022-07-08,32.4,18.7,0.0,Chefchaouen
2022-07-09,31.4,20.0,0.0,Chefchaouen
2022-07-10,32.5,20.0,0.0,Chefchaouen
2022-07-11,33.2,19.8,0.0,Chefchaouen
2022-07-12,34.9,21.2,0.0,Chefchaouen
2022-07-13,36.4,22.8,0.0,Chefchaouen
2022-07-14,34.8,21.2,0.0,Chefchaouen
2022-07-15,34.9,20.0,0.0,Chefchaouen
2022-07-16,34.9,20.2,0.0,Chefchaouen
2022-07-17,36.7,20.9,0.0,Chefchaouen
2022-07-18,37.4,21.2,0.0,Chefchaouen
2022-07-19,35.2,21.7,0.0,Chefchaouen
2022-07-20,37.5,19.7,0.0,Chefchaouen
2022-07-21,37.4,20.9,0.0,Chefchaouen
2022-07-22,37.9,21.8,0.2,Chefchaouen
2022-07-23,38.2,22.8,0.0,Chefchaouen
2022-07-24,38.3,22.8,0.0,Chefchaouen
2022-07-25,38.1,23.7,0.0,Chefchaouen
2022-07-26,35.5,22.1,0.0,Chefchaouen
2022-07-27,31.0,18.2,0.0,Chefchaouen
2022-07-28,34.5,17.2,0.0,Chefchaouen
2022-07-29,36.0,19.2,0.0,Chefchaouen
2022-07-30,38.9,21.9,0.0,Chefchaouen
2022-07-31,40.1,23.1,0.0,Chefchaouen
2022-08-01,39.1,23.9,0.0,Chefchaouen
2022-08-02,38.6,20.7,0.0,Chefchaouen
2022-08-03,37.6,22.4,0.0,Chefchaouen
2022-08-04,35.9,22.5,0.0,Chefchaouen
2022-08-05,35.4,22.9,0.0,Chefchaouen
2022-08-06,35.1,20.7,0.0,Chefchaouen
2022-08-07,32.7,17.4,0.0,Chefchaouen
2022-08-08,32.0,16.5,0.0,Chefchaouen
2022-08-09,33.2,18.7,0.0,Chefchaouen
2022-08-10,33.5,20.0,0.0,Chefchaouen
2022-08-11,36.1,20.5,0.0,Chefchaouen
2022-08-12,40.6,25.5,0.0,Chefchaouen
2022-08-13,39.2,25.4,0.5,Chefchaouen
2022-08-14,33.5,19.8,0.0,Chefchaouen
2022-08-15,29.0,15.5,0.0,Chefchaouen
2022-08-16,29.2,14.5,0.0,Chefchaouen
2022-08-17,26.7,15.8,0.0,Chefchaouen
2022-08-18,31.6,12.7,0.0,Chefchaouen
2022-08-19,33.9,17.8,0.0,Chefchaouen
2022-08-20,37.8,19.3,0.0,Chefchaouen
2022-08-21,37.8,19.5,0.0,Chefchaouen
2022-08-22,35.9,19.3,0.0,Chefchaouen
2022-08-23,35.7,20.9,0.0,Chefchaouen
2022-08-24,34.1,19.8,0.0,Chefchaouen
2022-08-25,34.3,18.8,0.0,Chefchaouen
2022-08-26,33.5,17.9,0.0,Chefchaouen
2022-08-27,32.2,17.1,0.1,Chefchaouen
2022-08-28,35.7,18.6,0.0,Chefchaouen
2022-08-29,35.3,19.8,0.9,Chefchaouen
2022-08-30,33.8,22.0,1.6,Chefchaouen
2022-08-31,34.1,20.9,2.7,Chefchaouen
2022-09-01,34.3,21.4,0.0,Chefchaouen
2022-09-02,30.8,20.9,0.6,Chefchaouen
2022-09-03,28.1,18.3,0.2,Chefchaouen
2022-09-04,28.6,14.2,0.0,Chefchaouen
2022-09-05,29.8,17.4,0.0,Chefchaouen
2022-09-06,30.9,16.9,0.0,Chefchaouen
2022-09-07,30.5,16.0,0.0,Chefchaouen
2022-09-08,32.2,16.4,0.0,Chefchaouen
2022-09-09,33.5,16.1,0.0,Chefchaouen
2022-09-10,36.0,17.9,0.0,Chefchaouen
2022-09-11,37.2,21.8,0.0,Chefchaouen
2022-09-12,33.2,21.1,0.0,Chefchaouen
2022-09-13,25.7,17.6,0.1,Chefchaouen
2022-09-14,24.7,17.1,0.0,Chefchaouen
2022-09-15,24.5,14.0,0.0,Chefchaouen
2022-09-16,28.1,13.3,0.0,Chefchaouen
2022-09-17,28.8,15.0,0.0,Chefchaouen
2022-09-18,27.3,16.6,0.0,Chefchaouen
2022-09-19,27.1,18.5,0.3,Chefchaouen
2022-09-20,29.1,16.6,0.0,Chefchaouen
2022-09-21,27.4,16.8,0.6,Chefchaouen
2022-09-22,25.3,16.4,3.7,Chefchaouen
2022-09-23,28.6,15.5,0.0,Chefchaouen
2022-09-24,26.6,17.2,0.0,Chefchaouen
2022-09-25,22.7,13.4,0.0,Chefchaouen
2022-09-26,20.3,12.7,1.7,Chefchaouen
2022-09-27,21.9,12.0,0.0,Chefchaouen
2022-09-28,21.9,10.5,0.0,Chefchaouen
2022-09-29,20.8,13.4,2.0,Chefchaouen
2022-09-30,21.4,11.1,11.5,Chefchaouen
2022-10-01,22.0,9.7,0.0,Chefchaouen
2022-10-02,27.3,13.6,0.0,Chefchaouen
2022-10-03,28.8,16.3,0.0,Chefchaouen
2022-10-04,28.9,14.8,0.0,Chefchaouen
2022-10-05,28.0,14.4,0.0,Chefchaouen
2022-10-06,24.7,14.8,0.0,Chefchaouen
2022-10-07,25.9,14.8,0.0,Chefchaouen
2022-10-08,29.2,13.8,0.2,Chefchaouen
2022-10-09,27.1,14.8,0.0,Chefchaouen
2022-10-10,23.0,14.5,0.4,Chefchaouen
2022-10-11,23.4,13.5,8.0,Chefchaouen
2022-10-12,21.3,13.7,0.5,Chefchaouen
2022-10-13,21.9,15.5,0.0,Chefchaouen
2022-10-14,29.1,15.0,0.0,Chefchaouen
2022-10-15,28.4,16.6,0.0,Chefchaouen
2022-10-16,31.7,17.1,0.0,Chefchaouen
2022-10-17,30.8,15.8,0.0,Chefchaouen
2022-10-18,31.1,17.3,0.0,Chefchaouen
2022-10-19,30.1,19.1,0.2,Chefchaouen
2022-10-20,27.9,16.9,0.0,Chefchaouen
2022-10-21,27.5,16.1,0.0,Chefchaouen
2022-10-22,29.2,17.3,0.0,Chefchaouen
2022-10-23,27.5,16.1,0.0,Chefchaouen
2022-10-24,30.2,14.6,0.0,Chefchaouen
2022-10-25,30.7,17.1,0.0,Chefchaouen
2022-10-26,31.2,17.5,0.0,Chefchaouen
2022-10-27,32.1,16.6,0.0,Chefchaouen
2022-10-28,31.6,15.8,0.0,Chefchaouen
2022-10-29,30.4,16.1,0.0,Chefchaouen
2022-10-30,30.2,23.0,0.0,Chefchaouen
2022-10-31,27.8,15.9,0.0,Chefchaouen
2022-11-01,27.0,17.6,0.0,Chefchaouen
2022-11-02,26.2,12.5,0.0,Chefchaouen
2022-11-03,21.5,14.8,0.0,Chefchaouen
2022-11-04,23.8,14.8,0.0,Chefchaouen
2022-11-05,25.1,9.1,0.0,Chefchaouen
2022-11-06,23.3,12.0,0.0,Chefchaouen
2022-11-07,24.2,11.1,0.0,Chefchaouen
2022-11-08,24.3,12.8,0.0,Chefchaouen
2022-11-09,20.0,11.5,0.0,Chefchaouen
2022-11-10,22.9,9.3,0.0,Chefchaouen
2022-11-11,23.0,10.8,0.0,Chefchaouen
2022-11-12,24.9,10.3,0.0,Chefchaouen
2022-11-13,22.8,14.6,0.0,Chefchaouen
2022-11-14,22.4,12.4,0.0,Chefchaouen
2022-11-15,20.7,11.1,0.0,Chefchaouen
2022-11-16,16.1,12.8,19.0,Chefchaouen
2022-11-17,16.8,13.9,23.3,Chefchaouen
2022-11-18,14.1,9.3,24.5,Chefchaouen
2022-11-19,12.8,6.9,1.0,Chefchaouen
2022-11-20,16.4,8.2,0.2,Chefchaouen
2022-11-21,16.1,8.0,4.8,Chefchaouen
2022-11-22,16.7,9.9,7.8,Chefchaouen
2022-11-23,17.2,9.5,0.9,Chefchaouen
2022-11-24,19.5,8.9,0.2,Chefchaouen
2022-11-25,19.8,9.0,0.0,Chefchaouen
2022-11-26,22.6,8.8,0.0,Chefchaouen
2022-11-27,23.6,7.2,0.0,Chefchaouen
2022-11-28,16.3,5.6,0.0,Chefchaouen
2022-11-29,18.3,4.0,0.0,Chefchaouen
2022-11-30,17.3,5.9,0.0,Chefchaouen
2022-12-01,11.9,7.0,9.4,Chefchaouen
2022-12-02,13.9,5.1,0.3,Chefchaouen
2022-12-03,14.1,4.4,0.6,Chefchaouen
2022-12-04,15.4,8.3,1.3,Chefchaouen
2022-12-05,17.2,8.9,16.0,Chefchaouen
2022-12-06,14.1,8.9,12.4,Chefchaouen
2022-12-07,17.0,8.1,0.0,Chefchaouen
2022-12-08,14.8,10.3,13.8,Chefchaouen
2022-12-09,13.0,11.1,63.4,Chefchaouen
2022-12-10,13.5,11.0,25.2,Chefchaouen
2022-12-11,15.2,12.2,78.8,Chefchaouen
2022-12-12,15.6,14.4,22.5,Chefchaouen
2022-12-13,15.9,13.9,35.5,Chefchaouen
2022-12-14,15.4,11.7,106.5,Chefchaouen
2022-12-15,11.6,8.5,58.4,Chefchaouen
2022-12-16,11.7,8.8,24.1,Chefchaouen
2022-12-17,13.5,7.0,2.9,Chefchaouen
2022-12-18,18.0,5.5,0.0,Chefchaouen
2022-12-19,19.1,5.8,0.0,Chefchaouen
2022-12-20,17.9,8.2,0.0,Chefchaouen
2022-12-21,16.8,8.9,0.1,Chefchaouen
2022-12-22,19.3,7.0,0.0,Chefchaouen
2022-12-23,21.0,6.4,0.0,Chefchaouen
2022-12-24,19.1,9.3,0.0,Chefchaouen
2022-12-25,18.9,8.4,0.0,Chefchaouen
2022-12-26,19.4,8.8,0.0,Chefchaouen
2022-12-27,19.5,7.0,0.0,Chefchaouen
2022-12-28,17.4,6.1,0.0,Chefchaouen
2022-12-29,16.5,6.7,0.0,Chefchaouen
2022-12-30,18.5,4.8,0.0,Chefchaouen
2022-12-31,19.5,4.6,0.0,Chefchaouen
2023-01-01,19.9,8.1,0.0,Chefchaouen
2023-01-02,17.5,7.6,0.0,Chefchaouen
2023-01-03,18.0,7.1,0.0,Chefchaouen
2023-01-04,15.6,7.1,0.0,Chefchaouen
2023-01-05,17.2,6.6,0.0,Chefchaouen
2023-01-06,16.0,3.9,0.0,Chefchaouen
2023-01-07,15.0,6.8,0.0,Chefchaouen
2023-01-08,12.6,5.7,11.0,Chefchaouen
2023-01-09,13.0,11.0,17.5,Chefchaouen
2023-01-10,18.1,9.1,0.0,Chefchaouen
2023-01-11,15.2,8.2,0.0,Chefchaouen
2023-01-12,17.2,6.5,0.0,Chefchaouen
2023-01-13,17.2,5.1,0.0,Chefchaouen
2023-01-14,17.6,4.1,0.0,Chefchaouen
2023-01-15,14.5,8.4,0.0,Chefchaouen
2023-01-16,11.0,5.9,0.7,Chefchaouen
2023-01-17,10.6,7.6,39.9,Chefchaouen
2023-01-18,9.6,4.9,9.0,Chefchaouen
2023-01-19,10.4,1.4,0.0,Chefchaouen
2023-01-20,9.0,5.8,2.0,Chefchaouen
2023-01-21,13.2,6.6,1.3,Chefchaouen
2023-01-22,13.5,5.9,0.0,Chefchaouen
2023-01-23,11.7,1.4,0.0,Chefchaouen
2023-01-24,9.4,-0.0,0.6,Chefchaouen
2023-01-25,9.2,0.5,0.1,Chefchaouen
2023-01-26,9.5,-1.2,3.1,Chefchaouen
2023-01-27,9.8,2.9,2.2,Chefchaouen
2023-01-28,9.7,0.8,0.3,Chefchaouen
2023-01-29,11.6,-0.7,0.1,Chefchaouen
2023-01-30,10.3,1.4,0.0,Chefchaouen
2023-01-31,13.4,2.2,0.0,Chefchaouen
2023-02-01,13.3,0.8,0.0,Chefchaouen
2023-02-02,12.2,1.1,0.0,Chefchaouen
2023-02-03,13.8,3.7,0.0,Chefchaouen
2023-02-04,13.6,3.2,0.0,Chefchaouen
2023-02-05,16.3,2.1,0.0,Chefchaouen
2023-02-06,15.4,2.5,0.0,Chefchaouen
2023-02-07,12.4,2.6,1.5,Chefchaouen
2023-02-08,11.4,4.1,1.9,Chefchaouen
2023-02-09,14.3,5.3,0.0,Chefchaouen
2023-02-10,10.0,5.8,0.1,Chefchaouen
2023-02-11,11.9,5.5,0.1,Chefchaouen
2023-02-12,15.4,5.0,0.0,Chefchaouen
2023-02-13,14.6,5.5,0.0,Chefchaouen
2023-02-14,14.7,8.0,0.6,Chefchaouen
2023-02-15,15.6,6.3,3.1,Chefchaouen
2023-02-16,16.2,7.4,0.0,Chefchaouen
2023-02-17,16.7,9.1,0.0,Chefchaouen
2023-02-18,18.2,7.1,0.0,Chefchaouen
2023-02-19,20.8,9.3,0.2,Chefchaouen
2023-02-20,22.3,8.2,0.9,Chefchaouen
2023-02-21,20.5,8.6,0.8,Chefchaouen
2023-02-22,18.7,8.1,0.0,Chefchaouen
2023-02-23,14.6,6.9,0.0,Chefchaouen
2023-02-24,11.4,4.1,0.0,Chefchaouen
2023-02-25,6.9,4.8,33.8,Chefchaouen
2023-02-26,10.6,4.6,4.9,Chefchaouen
2023-02-27,12.3,4.7,6.9,Chefchaouen
2023-02-28,12.4,6.1,2.5,Chefchaouen
2023-03-01,11.8,2.5,1.0,Chefchaouen
2023-03-02,12.7,3.7,1.1,Chefchaouen
2023-03-03,15.3,-0.3,0.0,Chefchaouen
2023-03-04,15.9,2.4,0.0,Chefchaouen
2023-03-05,15.3,7.0,0.0,Chefchaouen
2023-03-06,13.2,7.2,3.2,Chefchaouen
2023-03-07,14.6,11.3,19.1,Chefchaouen
2023-03-08,18.7,11.3,0.0,Chefchaouen
2023-03-09,17.5,11.0,0.0,Chefchaouen
2023-03-10,21.5,9.1,0.0,Chefchaouen
2023-03-11,21.0,8.5,0.0,Chefchaouen
2023-03-12,25.9,7.3,0.0,Chefchaouen
2023-03-13,20.7,13.3,0.0,Chefchaouen
2023-03-14,21.2,5.8,0.0,Chefchaouen
2023-03-15,23.3,8.0,0.0,Chefchaouen
2023-03-16,23.6,8.8,0.0,Chefchaouen
2023-03-17,16.9,8.4,0.0,Chefchaouen
2023-03-18,14.2,6.3,1.2,Chefchaouen
2023-03-19,17.8,4.4,0.0,Chefchaouen
2023-03-20,16.7,6.5,0.0,Chefchaouen
2023-03-21,20.7,6.6,0.0,Chefchaouen
2023-03-22,22.7,6.8,0.0,Chefchaouen
2023-03-23,22.8,8.7,0.0,Chefchaouen
2023-03-24,21.0,11.5,0.0,Chefchaouen
2023-03-25,25.2,7.4,0.0,Chefchaouen
2023-03-26,25.4,9.1,0.0,Chefchaouen
2023-03-27,25.1,9.0,0.0,Chefchaouen
2023-03-28,22.8,11.2,0.0,Chefchaouen
2023-03-29,28.0,10.4,0.0,Chefchaouen
2023-03-30,25.4,13.0,0.0,Chefchaouen
2023-03-31,25.1,12.0,0.0,Chefchaouen
2023-04-01,21.7,10.2,0.0,Chefchaouen
2023-04-02,22.3,9.9,0.0,Chefchaouen
2023-04-03,22.6,7.4,0.0,Chefchaouen
2023-04-04,18.1,8.2,0.0,Chefchaouen
2023-04-05,15.7,9.5,0.0,Chefchaouen
2023-04-06,18.8,7.8,0.0,Chefchaouen
2023-04-07,21.5,8.2,0.0,Chefchaouen
2023-04-08,25.5,8.8,0.0,Chefchaouen
2023-04-09,25.5,9.7,0.0,Chefchaouen
2023-04-10,26.6,11.0,0.0,Chefchaouen
2023-04-11,25.0,12.0,0.0,Chefchaouen
2023-04-12,20.8,12.5,0.0,Chefchaouen
2023-04-13,19.5,10.0,0.3,Chefchaouen
2023-04-14,24.0,6.5,0.0,Chefchaouen
2023-04-15,25.4,9.0,0.0,Chefchaouen
2023-04-16,23.7,11.0,0.0,Chefchaouen
2023-04-17,23.0,10.3,0.0,Chefchaouen
2023-04-18,24.2,10.2,0.0,Chefchaouen
2023-04-19,21.6,11.3,0.0,Chefchaouen
2023-04-20,23.0,10.9,2.6,Chefchaouen
2023-04-21,20.8,12.2,0.8,Chefchaouen
2023-04-22,20.5,10.4,0.0,Chefchaouen
2023-04-23,25.3,9.6,0.0,Chefchaouen
2023-04-24,26.8,10.9,0.0,Chefchaouen
2023-04-25,30.3,11.8,0.0,Chefchaouen
2023-04-26,32.6,13.6,0.0,Chefchaouen
2023-04-27,34.0,16.7,0.0,Chefchaouen
2023-04-28,34.1,20.5,0.4,Chefchaouen
2023-04-29,25.9,16.0,0.1,Chefchaouen
2023-04-30,24.9,13.1,0.0,Chefchaouen
2023-05-01,27.3,9.3,0.0,Chefchaouen
2023-05-02,28.1,14.0,0.0,Chefchaouen
2023-05-03,29.8,13.1,0.0,Chefchaouen
2023-05-04,26.7,13.4,0.0,Chefchaouen
2023-05-05,26.9,12.8,0.0,Chefchaouen
2023-05-06,23.3,12.4,0.0,Chefchaouen
2023-05-07,26.1,11.4,0.0,Chefchaouen
2023-05-08,28.7,12.4,0.0,Chefchaouen
2023-05-09,30.8,14.2,0.0,Chefchaouen
2023-05-10,28.5,15.8,0.0,Chefchaouen
2023-05-11,27.5,13.1,0.0,Chefchaouen
2023-05-12,26.2,14.2,0.0,Chefchaouen
2023-05-13,21.3,9.2,0.0,Chefchaouen
2023-05-14,23.5,7.6,0.0,Chefchaouen
2023-05-15,24.2,9.3,0.0,Chefchaouen
2023-05-16,26.2,11.9,0.0,Chefchaouen
2023-05-17,16.4,11.9,10.6,Chefchaouen
2023-05-18,17.8,10.0,0.7,Chefchaouen
2023-05-19,19.8,6.2,8.1,Chefchaouen
2023-05-20,20.3,9.3,0.0,Chefchaouen
2023-05-21,17.9,9.6,20.1,Chefchaouen
2023-05-22,16.3,9.5,2.5,Chefchaouen
2023-05-23,15.4,10.3,6.7,Chefchaouen
2023-05-24,17.5,10.8,7.4,Chefchaouen
2023-05-25,22.9,9.2,0.1,Chefchaouen
2023-05-26,24.1,10.9,0.2,Chefchaouen
2023-05-27,19.4,13.2,21.0,Chefchaouen
2023-05-28,18.7,11.4,2.7,Chefchaouen
2023-05-29,20.3,9.2,1.2,Chefchaouen
2023-05-30,19.3,11.8,1.7,Chefchaouen
2023-05-31,22.9,10.0,0.0,Chefchaouen
2023-06-01,23.1,11.1,0.6,Chefchaouen
2023-06-02,22.2,12.4,6.5,Chefchaouen
2023-06-03,22.5,10.9,0.9,Chefchaouen
2023-06-04,24.1,12.6,0.6,Chefchaouen
2023-06-05,25.1,14.3,0.4,Chefchaouen
2023-06-06,27.7,16.1,1.1,Chefchaouen
2023-06-07,25.7,17.9,2.4,Chefchaouen
2023-06-08,21.3,15.3,6.4,Chefchaouen
2023-06-09,22.3,15.4,1.8,Chefchaouen
2023-06-10,23.4,16.1,0.0,Chefchaouen
2023-06-11,25.2,15.2,0.0,Chefchaouen
2023-06-12,26.3,15.9,0.0,Chefchaouen
2023-06-13,21.8,13.1,2.6,Chefchaouen
2023-06-14,26.4,10.2,0.0,Chefchaouen
2023-06-15,28.8,14.5,0.0,Chefchaouen
2023-06-16,31.3,17.6,0.0,Chefchaouen
2023-06-17,33.6,18.6,0.0,Chefchaouen
2023-06-18,27.6,19.0,2.3,Chefchaouen
2023-06-19,27.1,18.0,0.0,Chefchaouen
2023-06-20,25.8,15.1,0.0,Chefchaouen
2023-06-21,25.4,16.4,0.3,Chefchaouen
2023-06-22,29.2,14.6,0.0,Chefchaouen
2023-06-23,29.4,18.7,0.0,Chefchaouen
2023-06-24,33.9,19.5,0.0,Chefchaouen
2023-06-25,36.3,21.3,0.0,Chefchaouen
2023-06-26,37.2,21.8,0.0,Chefchaouen
2023-06-27,37.1,20.6,0.0,Chefchaouen
2023-06-28,34.6,21.3,0.0,Chefchaouen
2023-06-29,34.0,19.4,0.0,Chefchaouen
2023-06-30,32.0,16.6,0.0,Chefchaouen
2023-07-01,32.1,14.9,0.0,Chefchaouen
2023-07-02,33.4,17.6,0.0,Chefchaouen
2023-07-03,34.2,21.2,0.0,Chefchaouen
2023-07-04,33.1,18.1,0.0,Chefchaouen
2023-07-05,33.7,19.7,0.0,Chefchaouen
2023-07-06,34.0,19.1,0.0,Chefchaouen
2023-07-07,30.7,18.6,0.0,Chefchaouen
2023-07-08,31.7,16.3,0.0,Chefchaouen
2023-07-09,36.9,18.5,0.0,Chefchaouen
2023-07-10,41.9,22.1,0.0,Chefchaouen
2023-07-11,39.7,24.1,0.1,Chefchaouen
2023-07-12,37.8,24.0,0.0,Chefchaouen
2023-07-13,37.4,23.0,0.0,Chefchaouen
2023-07-14,35.9,22.5,0.0,Chefchaouen
2023-07-15,32.1,17.2,0.0,Chefchaouen
2023-07-16,37.7,19.1,0.0,Chefchaouen
2023-07-17,40.5,21.0,0.0,Chefchaouen
2023-07-18,38.2,21.7,0.0,Chefchaouen
2023-07-19,38.5,23.0,0.0,Chefchaouen
2023-07-20,34.0,21.4,0.0,Chefchaouen
2023-07-21,32.8,18.0,0.0,Chefchaouen
2023-07-22,33.7,17.7,0.0,Chefchaouen
2023-07-23,36.9,21.1,0.0,Chefchaouen
2023-07-24,29.9,18.5,0.0,Chefchaouen
2023-07-25,32.3,14.9,0.0,Chefchaouen
2023-07-26,32.6,16.5,0.0,Chefchaouen
2023-07-27,30.9,15.5,0.0,Chefchaouen
2023-07-28,33.2,16.9,0.0,Chefchaouen
2023-07-29,35.8,19.8,0.0,Chefchaouen
2023-07-30,36.9,21.2,0.0,Chefchaouen
2023-07-31,35.3,19.0,0.0,Chefchaouen
2023-08-01,33.8,17.8,0.0,Chefchaouen
2023-08-02,33.2,17.0,0.0,Chefchaouen
2023-08-03,31.1,16.0,0.0,Chefchaouen
2023-08-04,33.1,15.9,0.0,Chefchaouen
2023-08-05,32.3,18.7,0.0,Chefchaouen
2023-08-06,37.6,21.2,0.0,Chefchaouen
2023-08-07,36.5,21.6,0.0,Chefchaouen
2023-08-08,41.8,22.8,0.0,Chefchaouen
2023-08-09,40.5,27.8,0.0,Chefchaouen
2023-08-10,40.8,24.9,0.0,Chefchaouen
2023-08-11,41.0,24.0,0.0,Chefchaouen
2023-08-12,40.2,23.3,0.0,Chefchaouen
2023-08-13,38.9,22.3,0.0,Chefchaouen
2023-08-14,38.1,24.0,0.0,Chefchaouen
2023-08-15,36.9,21.4,0.0,Chefchaouen
2023-08-16,34.6,21.2,0.0,Chefchaouen
2023-08-17,35.6,20.4,0.0,Chefchaouen
2023-08-18,36.4,21.0,0.0,Chefchaouen
2023-08-19,38.2,22.3,0.0,Chefchaouen
2023-08-20,39.1,21.7,0.0,Chefchaouen
2023-08-21,36.6,22.7,0.0,Chefchaouen
2023-08-22,34.7,21.7,0.0,Chefchaouen
2023-08-23,37.7,21.8,0.0,Chefchaouen
2023-08-24,38.6,22.3,0.0,Chefchaouen
2023-08-25,39.6,21.5,0.0,Chefchaouen
2023-08-26,37.7,22.7,0.0,Chefchaouen
2023-08-27,28.6,17.1,0.0,Chefchaouen
2023-08-28,29.2,14.8,0.0,Chefchaouen
2023-08-29,32.7,16.9,0.0,Chefchaouen
2023-08-30,28.9,16.5,0.0,Chefchaouen
2023-08-31,31.1,14.9,0.0,Chefchaouen
2023-09-01,31.5,17.7,0.0,Chefchaouen
2023-09-02,24.1,15.9,0.5,Chefchaouen
2023-09-03,22.5,14.8,20.1,Chefchaouen
2023-09-04,26.3,14.5,7.4,Chefchaouen
2023-09-05,27.9,14.5,0.0,Chefchaouen
2023-09-06,31.3,15.4,0.0,Chefchaouen
2023-09-07,32.2,18.5,0.0,Chefchaouen
2023-09-08,31.8,18.0,0.0,Chefchaouen
2023-09-09,30.0,19.0,0.0,Chefchaouen
2023-09-10,30.1,16.8,0.0,Chefchaouen
2023-09-11,28.3,17.5,0.1,Chefchaouen
2023-09-12,26.8,16.3,0.0,Chefchaouen
2023-09-13,28.7,15.3,0.0,Chefchaouen
2023-09-14,30.9,16.4,0.2,Chefchaouen
2023-09-15,25.9,17.3,0.1,Chefchaouen
2023-09-16,28.0,15.6,0.3,Chefchaouen
2023-09-17,25.1,15.4,0.2,Chefchaouen
2023-09-18,26.2,14.6,0.0,Chefchaouen
2023-09-19,27.2,14.4,0.0,Chefchaouen
2023-09-20,26.5,14.1,0.0,Chefchaouen
2023-09-21,23.9,11.9,0.0,Chefchaouen
2023-09-22,21.2,13.2,3.2,Chefchaouen
2023-09-23,28.0,10.2,0.0,Chefchaouen
2023-09-24,28.1,14.7,0.0,Chefchaouen
2023-09-25,31.0,16.2,0.0,Chefchaouen
2023-09-26,29.0,16.5,0.0,Chefchaouen
2023-09-27,29.0,16.0,0.0,Chefchaouen
2023-09-28,30.5,16.1,0.0,Chefchaouen
2023-09-29,30.6,16.6,0.0,Chefchaouen
2023-09-30,30.5,16.0,0.0,Chefchaouen
2023-10-01,32.6,16.6,0.0,Chefchaouen
2023-10-02,33.1,17.2,0.0,Chefchaouen
2023-10-03,31.8,17.3,0.0,Chefchaouen
2023-10-04,28.8,16.4,0.0,Chefchaouen
2023-10-05,28.1,16.0,0.0,Chefchaouen
2023-10-06,32.6,16.9,0.0,Chefchaouen
2023-10-07,31.7,16.9,0.0,Chefchaouen
2023-10-08,28.8,16.6,0.0,Chefchaouen
2023-10-09,28.1,15.6,0.0,Chefchaouen
2023-10-10,29.5,13.8,0.0,Chefchaouen
2023-10-11,28.6,14.3,0.0,Chefchaouen
2023-10-12,30.6,14.5,0.0,Chefchaouen
2023-10-13,28.8,14.4,0.0,Chefchaouen
2023-10-14,24.8,15.3,1.2,Chefchaouen
2023-10-15,23.6,13.2,0.0,Chefchaouen
2023-10-16,26.1,16.2,0.0,Chefchaouen
2023-10-17,26.8,17.4,0.2,Chefchaouen
2023-10-18,22.4,16.3,5.4,Chefchaouen
2023-10-19,22.0,15.9,38.1,Chefchaouen
2023-10-20,16.8,12.1,13.2,Chefchaouen
2023-10-21,19.4,11.4,0.6,Chefchaouen
2023-10-22,20.0,11.6,22.5,Chefchaouen
2023-10-23,15.9,12.5,13.6,Chefchaouen
2023-10-24,17.7,11.4,2.3,Chefchaouen
2023-10-25,18.6,10.0,0.1,Chefchaouen
2023-10-26,19.7,11.6,0.4,Chefchaouen
2023-10-27,17.8,12.9,20.0,Chefchaouen
2023-10-28,19.9,11.3,0.0,Chefchaouen
2023-10-29,20.2,10.2,0.0,Chefchaouen
2023-10-30,18.4,10.8,18.4,Chefchaouen
2023-10-31,18.2,10.2,4.1,Chefchaouen
2023-11-01,19.9,11.3,3.6,Chefchaouen
2023-11-02,17.2,10.8,13.8,Chefchaouen
2023-11-03,15.1,10.5,6.7,Chefchaouen
2023-11-04,17.0,11.8,0.4,Chefchaouen
2023-11-05,16.2,11.8,10.5,Chefchaouen
2023-11-06,16.3,7.4,0.0,Chefchaouen
2023-11-07,15.9,4.2,0.0,Chefchaouen
2023-11-08,17.7,3.7,0.0,Chefchaouen
2023-11-09,19.1,10.6,0.0,Chefchaouen
2023-11-10,19.1,11.8,1.0,Chefchaouen
2023-11-11,20.1,10.4,0.0,Chefchaouen
2023-11-12,24.1,9.5,0.0,Chefchaouen
2023-11-13,25.7,10.2,0.0,Chefchaouen
2023-11-14,26.2,11.9,0.0,Chefchaouen
2023-11-15,25.5,11.7,0.0,Chefchaouen
2023-11-16,24.5,11.7,0.0,Chefchaouen
2023-11-17,26.0,10.3,0.0,Chefchaouen
2023-11-18,23.5,11.7,0.0,Chefchaouen
2023-11-19,24.4,10.6,0.0,Chefchaouen
2023-11-20,20.9,9.4,0.0,Chefchaouen
2023-11-21,16.3,9.2,0.0,Chefchaouen
2023-11-22,15.5,6.7,0.0,Chefchaouen
2023-11-23,15.5,3.7,0.0,Chefchaouen
2023-11-24,17.0,3.1,0.0,Chefchaouen
2023-11-25,15.7,8.7,0.0,Chefchaouen
2023-11-26,17.4,6.4,0.0,Chefchaouen
2023-11-27,14.8,6.0,0.0,Chefchaouen
2023-11-28,15.7,6.6,0.0,Chefchaouen
2023-11-29,16.8,8.4,0.0,Chefchaouen
2023-11-30,17.9,9.8,0.0,Chefchaouen
2023-12-01,13.9,4.4,15.7,Chefchaouen
2023-12-02,12.7,5.9,0.0,Chefchaouen
2023-12-03,15.1,2.2,0.0,Chefchaouen
2023-12-04,16.3,8.8,0.0,Chefchaouen
2023-12-05,18.4,8.1,1.0,Chefchaouen
2023-12-06,14.1,11.1,20.5,Chefchaouen
2023-12-07,17.9,11.4,0.4,Chefchaouen
2023-12-08,14.8,9.8,5.1,Chefchaouen
2023-12-09,19.6,7.8,0.0,Chefchaouen
2023-12-10,23.5,10.4,0.0,Chefchaouen
2023-12-11,24.0,11.5,0.0,Chefchaouen
2023-12-12,21.9,12.9,0.0,Chefchaouen
2023-12-13,16.3,4.4,6.9,Chefchaouen
2023-12-14,13.3,2.0,0.0,Chefchaouen
2023-12-15,15.0,4.6,0.0,Chefchaouen
2023-12-16,15.5,5.4,0.0,Chefchaouen
2023-12-17,14.7,5.3,0.0,Chefchaouen
2023-12-18,13.6,3.8,0.0,Chefchaouen
2023-12-19,14.6,3.2,0.0,Chefchaouen
2023-12-20,12.0,3.9,0.3,Chefchaouen
2023-12-21,15.3,3.5,0.0,Chefchaouen
2023-12-22,17.3,2.2,0.0,Chefchaouen
2023-12-23,16.1,6.8,0.0,Chefchaouen
2023-12-24,16.1,6.0,0.0,Chefchaouen
2023-12-25,17.2,5.0,0.0,Chefchaouen
2023-12-26,16.4,3.5,0.0,Chefchaouen
2023-12-27,15.8,1.9,0.0,Chefchaouen
2023-12-28,19.0,3.2,0.0,Chefchaouen
2023-12-29,16.9,7.7,0.0,Chefchaouen
2023-12-30,15.5,7.3,0.0,Chefchaouen
2023-12-31,16.7,8.6,0.0,Chefchaouen
2024-01-01,16.4,6.5,0.9,Chefchaouen
2024-01-02,19.6,5.5,0.0,Chefchaouen
2024-01-03,18.4,10.1,0.0,Chefchaouen
2024-01-04,15.3,10.6,1.0,Chefchaouen
2024-01-05,10.4,4.7,17.7,Chefchaouen
2024-01-06,10.6,3.1,0.8,Chefchaouen
2024-01-07,13.9,1.2,0.0,Chefchaouen
2024-01-08,15.3,4.2,0.0,Chefchaouen
2024-01-09,12.9,9.3,1.7,Chefchaouen
2024-01-10,15.6,8.8,0.1,Chefchaouen
2024-01-11,15.7,4.4,0.0,Chefchaouen
2024-01-12,18.6,3.7,0.0,Chefchaouen
2024-01-13,22.8,6.1,0.0,Chefchaouen
2024-01-14,20.5,7.8,0.0,Chefchaouen
2024-01-15,18.1,8.6,0.0,Chefchaouen
2024-01-16,20.5,8.6,7.1,Chefchaouen
2024-01-17,14.6,6.5,14.5,Chefchaouen
2024-01-18,16.7,8.3,0.8,Chefchaouen
2024-01-19,17.6,9.3,31.6,Chefchaouen
2024-01-20,15.0,8.0,1.0,Chefchaouen
2024-01-21,14.1,3.4,0.0,Chefchaouen
2024-01-22,16.5,3.9,0.0,Chefchaouen
2024-01-23,22.7,6.3,0.0,Chefchaouen
2024-01-24,21.5,9.9,0.0,Chefchaouen
2024-01-25,24.5,9.6,0.0,Chefchaouen
2024-01-26,24.0,9.7,0.0,Chefchaouen
2024-01-27,22.4,8.0,0.0,Chefchaouen
2024-01-28,21.2,9.0,0.0,Chefchaouen
2024-01-29,20.6,6.8,0.0,Chefchaouen
2024-01-30,18.4,6.6,0.0,Chefchaouen
2024-01-31,16.7,8.4,0.0,Chefchaouen
2024-02-01,17.8,7.7,0.0,Chefchaouen
2024-02-02,20.0,6.1,0.0,Chefchaouen
2024-02-03,15.9,6.7,0.0,Chefchaouen
2024-02-04,20.0,5.7,0.0,Chefchaouen
2024-02-05,19.6,6.9,0.0,Chefchaouen
2024-02-06,17.5,6.4,0.0,Chefchaouen
2024-02-07,17.0,6.3,0.0,Chefchaouen
2024-02-08,16.6,7.3,0.6,Chefchaouen
2024-02-09,12.4,7.6,82.3,Chefchaouen
2024-02-10,11.5,8.2,23.0,Chefchaouen
2024-02-11,12.8,9.8,18.7,Chefchaouen
2024-02-12,16.5,11.6,9.6,Chefchaouen
2024-02-13,23.3,8.1,0.0,Chefchaouen
2024-02-14,25.6,12.7,0.0,Chefchaouen
2024-02-15,18.5,11.6,5.7,Chefchaouen
2024-02-16,15.2,7.9,0.0,Chefchaouen
2024-02-17,18.0,5.4,0.0,Chefchaouen
2024-02-18,16.8,6.0,0.0,Chefchaouen
2024-02-19,21.2,8.0,0.0,Chefchaouen
2024-02-20,20.7,7.9,0.0,Chefchaouen
2024-02-21,21.7,6.4,0.0,Chefchaouen
2024-02-22,16.4,9.6,0.0,Chefchaouen
2024-02-23,12.7,7.9,11.5,Chefchaouen
2024-02-24,10.9,6.7,14.0,Chefchaouen
2024-02-25,13.3,8.3,3.4,Chefchaouen
2024-02-26,11.1,4.6,27.1,Chefchaouen
2024-02-27,11.4,3.9,1.2,Chefchaouen
2024-02-28,12.9,4.1,0.0,Chefchaouen
2024-02-29,14.4,3.6,0.0,Chefchaouen
2024-03-01,14.8,4.4,0.0,Chefchaouen
2024-03-02,12.3,4.5,3.3,Chefchaouen
2024-03-03,11.7,5.9,18.3,Chefchaouen
2024-03-04,14.9,4.0,0.6,Chefchaouen
2024-03-05,16.8,6.2,0.0,Chefchaouen
2024-03-06,19.3,5.2,0.0,Chefchaouen
2024-03-07,14.4,7.1,9.9,Chefchaouen
2024-03-08,9.5,5.9,19.6,Chefchaouen
2024-03-09,11.0,7.8,93.0,Chefchaouen
2024-03-10,10.6,7.0,24.5,Chefchaouen
2024-03-11,16.0,6.6,0.8,Chefchaouen
2024-03-12,19.9,5.0,0.0,Chefchaouen
2024-03-13,20.1,7.2,0.5,Chefchaouen
2024-03-14,19.4,7.3,0.0,Chefchaouen
2024-03-15,20.8,7.4,0.0,Chefchaouen
2024-03-16,23.9,8.9,0.0,Chefchaouen
2024-03-17,26.8,11.0,0.0,Chefchaouen
2024-03-18,28.5,12.8,0.0,Chefchaouen
2024-03-19,26.5,14.3,0.0,Chefchaouen
2024-03-20,18.0,12.0,1.2,Chefchaouen
2024-03-21,19.5,12.3,0.1,Chefchaouen
2024-03-22,20.4,10.8,0.0,Chefchaouen
2024-03-23,26.6,11.9,0.0,Chefchaouen
2024-03-24,23.6,11.0,5.1,Chefchaouen
2024-03-25,13.2,9.6,8.8,Chefchaouen
2024-03-26,9.5,5.5,34.9,Chefchaouen
2024-03-27,11.6,6.4,28.3,Chefchaouen
2024-03-28,13.8,8.9,4.0,Chefchaouen
2024-03-29,11.6,7.0,25.2,Chefchaouen
2024-03-30,10.6,7.1,72.2,Chefchaouen
2024-03-31,12.5,7.8,83.1,Chefchaouen
2024-04-01,15.2,6.8,8.7,Chefchaouen
2024-04-02,20.7,5.7,0.0,Chefchaouen
2024-04-03,22.6,8.2,0.0,Chefchaouen
2024-04-04,26.4,8.7,0.0,Chefchaouen
2024-04-05,29.5,11.8,0.0,Chefchaouen
2024-04-06,27.8,13.3,0.0,Chefchaouen
2024-04-07,24.8,14.5,0.0,Chefchaouen
2024-04-08,18.5,9.8,0.0,Chefchaouen
2024-04-09,20.8,6.5,0.0,Chefchaouen
2024-04-10,20.8,8.4,0.0,Chefchaouen
2024-04-11,24.2,10.3,0.0,Chefchaouen
2024-04-12,18.1,9.4,0.0,Chefchaouen
2024-04-13,20.9,8.0,0.0,Chefchaouen
2024-04-14,21.3,9.8,0.0,Chefchaouen
2024-04-15,25.3,10.4,0.0,Chefchaouen
2024-04-16,27.6,10.9,0.0,Chefchaouen
2024-04-17,26.4,12.2,0.0,Chefchaouen
2024-04-18,23.9,13.9,0.0,Chefchaouen
2024-04-19,19.4,11.7,0.0,Chefchaouen
2024-04-20,15.8,10.8,7.5,Chefchaouen
2024-04-21,17.8,9.3,0.1,Chefchaouen
2024-04-22,21.8,8.0,0.0,Chefchaouen
2024-04-23,21.9,9.4,0.0,Chefchaouen
2024-04-24,21.8,8.6,0.0,Chefchaouen
2024-04-25,19.6,8.4,0.0,Chefchaouen
2024-04-26,16.5,8.8,0.7,Chefchaouen
2024-04-27,11.8,9.2,20.9,Chefchaouen
2024-04-28,14.5,7.6,7.9,Chefchaouen
2024-04-29,12.9,4.5,1.2,Chefchaouen
2024-04-30,14.4,4.0,2.1,Chefchaouen
2024-05-01,14.0,8.2,14.0,Chefchaouen
2024-05-02,18.0,4.1,0.0,Chefchaouen
2024-05-03,22.9,5.5,0.0,Chefchaouen
2024-05-04,24.7,9.2,0.0,Chefchaouen
2024-05-05,24.4,12.2,0.0,Chefchaouen
2024-05-06,22.8,12.4,0.0,Chefchaouen
2024-05-07,25.1,9.2,0.0,Chefchaouen
2024-05-08,23.2,12.3,0.0,Chefchaouen
2024-05-09,22.4,11.5,0.0,Chefchaouen
2024-05-10,26.4,12.7,0.0,Chefchaouen
2024-05-11,28.8,15.4,0.0,Chefchaouen
2024-05-12,25.8,14.7,0.0,Chefchaouen
2024-05-13,25.3,12.7,0.0,Chefchaouen
2024-05-14,18.3,9.8,2.1,Chefchaouen
2024-05-15,18.4,7.6,0.0,Chefchaouen
2024-05-16,20.5,8.4,0.0,Chefchaouen
2024-05-17,19.4,10.3,0.0,Chefchaouen
2024-05-18,19.6,8.6,0.0,Chefchaouen
2024-05-19,16.6,7.4,1.6,Chefchaouen
2024-05-20,17.5,8.4,2.0,Chefchaouen
2024-05-21,18.7,8.3,0.0,Chefchaouen
2024-05-22,23.4,6.8,0.0,Chefchaouen
2024-05-23,24.3,12.3,0.0,Chefchaouen
2024-05-24,25.9,11.7,0.0,Chefchaouen
2024-05-25,27.8,12.7,0.0,Chefchaouen
2024-05-26,30.1,16.3,0.0,Chefchaouen
2024-05-27,29.6,15.1,0.0,Chefchaouen
2024-05-28,29.0,16.0,0.0,Chefchaouen
2024-05-29,31.1,15.8,0.0,Chefchaouen
2024-05-30,33.2,17.5,0.0,Chefchaouen
2024-05-31,32.9,17.6,0.0,Chefchaouen
2024-06-01,31.2,16.1,0.0,Chefchaouen
2024-06-02,26.9,15.0,0.0,Chefchaouen
2024-06-03,27.1,14.4,0.0,Chefchaouen
2024-06-04,27.6,15.1,0.0,Chefchaouen
2024-06-05,31.0,16.5,0.0,Chefchaouen
2024-06-06,35.2,19.2,0.0,Chefchaouen
2024-06-07,23.3,15.6,0.3,Chefchaouen
2024-06-08,20.4,13.5,5.1,Chefchaouen
2024-06-09,22.1,12.9,0.5,Chefchaouen
2024-06-10,21.7,11.7,0.1,Chefchaouen
2024-06-11,21.4,13.3,1.0,Chefchaouen
2024-06-12,24.9,11.7,0.3,Chefchaouen
2024-06-13,27.4,13.4,0.0,Chefchaouen
2024-06-14,29.6,16.6,0.0,Chefchaouen
2024-06-15,26.6,15.0,0.0,Chefchaouen
2024-06-16,28.6,12.5,0.0,Chefchaouen
2024-06-17,29.7,14.1,0.0,Chefchaouen
2024-06-18,24.6,14.1,0.0,Chefchaouen
2024-06-19,21.3,13.5,1.6,Chefchaouen
2024-06-20,22.6,12.0,0.3,Chefchaouen
2024-06-21,27.8,10.6,0.0,Chefchaouen
2024-06-22,29.5,14.7,0.0,Chefchaouen
2024-06-23,32.0,17.3,0.0,Chefchaouen
2024-06-24,31.2,17.4,0.0,Chefchaouen
2024-06-25,32.5,16.6,0.0,Chefchaouen
2024-06-26,22.5,16.3,0.6,Chefchaouen
2024-06-27,23.5,14.6,7.0,Chefchaouen
2024-06-28,19.9,13.2,8.1,Chefchaouen
2024-06-29,26.0,11.7,0.0,Chefchaouen
2024-06-30,26.5,14.0,0.0,Chefchaouen
2024-07-01,27.7,12.5,0.0,Chefchaouen
2024-07-02,29.5,15.3,0.0,Chefchaouen
2024-07-03,32.0,17.3,0.0,Chefchaouen
2024-07-04,32.5,19.8,0.0,Chefchaouen
2024-07-05,31.7,18.2,0.0,Chefchaouen
2024-07-06,26.6,16.4,0.0,Chefchaouen
2024-07-07,28.3,15.3,0.0,Chefchaouen
2024-07-08,29.6,14.9,0.0,Chefchaouen
2024-07-09,30.8,17.3,0.0,Chefchaouen
2024-07-10,36.1,17.2,0.0,Chefchaouen
2024-07-11,37.9,19.7,0.0,Chefchaouen
2024-07-12,36.2,19.9,0.0,Chefchaouen
2024-07-13,33.8,17.1,0.0,Chefchaouen
2024-07-14,34.2,18.7,0.0,Chefchaouen
2024-07-15,32.7,18.0,0.0,Chefchaouen
2024-07-16,33.5,17.0,0.0,Chefchaouen
2024-07-17,35.1,18.5,0.0,Chefchaouen
2024-07-18,37.5,21.5,0.0,Chefchaouen
2024-07-19,38.2,26.0,0.0,Chefchaouen
2024-07-20,35.2,20.8,0.0,Chefchaouen
2024-07-21,31.9,15.8,0.0,Chefchaouen
2024-07-22,35.3,17.3,0.0,Chefchaouen
2024-07-23,36.3,20.5,0.0,Chefchaouen
2024-07-24,39.9,22.3,0.0,Chefchaouen
2024-07-25,35.1,25.0,0.0,Chefchaouen
2024-07-26,33.9,20.0,0.0,Chefchaouen
2024-07-27,33.8,18.0,0.0,Chefchaouen
2024-07-28,35.4,20.0,1.5,Chefchaouen
2024-07-29,37.0,22.0,1.8,Chefchaouen
2024-07-30,37.8,20.9,0.0,Chefchaouen
2024-07-31,38.6,22.9,0.1,Chefchaouen
2024-08-01,36.9,22.2,0.0,Chefchaouen
2024-08-02,33.7,18.8,0.0,Chefchaouen
2024-08-03,35.4,17.9,0.0,Chefchaouen
2024-08-04,36.7,18.1,0.0,Chefchaouen
2024-08-05,36.4,20.9,0.0,Chefchaouen
2024-08-06,35.2,18.4,0.0,Chefchaouen
2024-08-07,36.1,18.6,0.0,Chefchaouen
2024-08-08,34.0,21.7,0.0,Chefchaouen
2024-08-09,35.8,17.5,0.0,Chefchaouen
2024-08-10,37.6,20.4,0.0,Chefchaouen
2024-08-11,38.8,22.9,0.0,Chefchaouen
2024-08-12,36.9,21.3,0.0,Chefchaouen
2024-08-13,30.3,17.7,0.0,Chefchaouen
2024-08-14,29.2,14.3,0.0,Chefchaouen
2024-08-15,30.9,16.7,0.0,Chefchaouen
2024-08-16,31.3,18.8,0.0,Chefchaouen
2024-08-17,34.2,19.4,0.0,Chefchaouen
2024-08-18,38.1,19.7,0.0,Chefchaouen
2024-08-19,34.7,22.0,0.0,Chefchaouen
2024-08-20,34.7,21.2,0.0,Chefchaouen
2024-08-21,34.5,22.3,0.2,Chefchaouen
2024-08-22,31.7,17.8,0.0,Chefchaouen
2024-08-23,32.3,17.1,0.0,Chefchaouen
2024-08-24,34.4,19.7,0.0,Chefchaouen
2024-08-25,36.3,20.1,0.0,Chefchaouen
2024-08-26,33.1,19.0,0.0,Chefchaouen
2024-08-27,32.6,18.4,0.0,Chefchaouen
2024-08-28,32.0,20.0,0.3,Chefchaouen
2024-08-29,30.5,20.5,0.8,Chefchaouen
2024-08-30,31.0,19.5,0.5,Chefchaouen
2024-08-31,32.0,19.7,0.1,Chefchaouen
2024-09-01,32.2,20.0,0.0,Chefchaouen
2024-09-02,32.1,17.5,0.0,Chefchaouen
2024-09-03,31.6,18.3,0.0,Chefchaouen
2024-09-04,30.9,14.8,0.0,Chefchaouen
2024-09-05,32.5,14.1,0.0,Chefchaouen
2024-09-06,32.3,20.5,0.0,Chefchaouen
2024-09-07,33.5,19.9,4.5,Chefchaouen
2024-09-08,27.3,17.4,2.8,Chefchaouen
2024-09-09,26.6,12.7,0.0,Chefchaouen
2024-09-10,25.5,12.2,0.0,Chefchaouen
2024-09-11,23.9,13.1,0.1,Chefchaouen
2024-09-12,29.2,14.3,0.0,Chefchaouen
2024-09-13,30.7,16.0,0.0,Chefchaouen
2024-09-14,26.8,17.6,0.0,Chefchaouen
2024-09-15,29.7,16.7,0.0,Chefchaouen
2024-09-16,32.0,17.5,0.4,Chefchaouen
2024-09-17,27.6,16.1,0.4,Chefchaouen
2024-09-18,27.2,15.2,0.5,Chefchaouen
2024-09-19,23.6,16.0,8.7,Chefchaouen
2024-09-20,27.5,15.9,1.9,Chefchaouen
2024-09-21,24.3,16.7,2.3,Chefchaouen
2024-09-22,24.7,16.6,0.0,Chefchaouen
2024-09-23,23.4,13.1,0.2,Chefchaouen
2024-09-24,22.3,11.4,0.0,Chefchaouen
2024-09-25,26.4,12.6,0.0,Chefchaouen
2024-09-26,25.7,14.8,0.0,Chefchaouen
2024-09-27,20.8,14.0,2.1,Chefchaouen
2024-09-28,25.8,10.8,0.0,Chefchaouen
2024-09-29,27.0,14.7,0.0,Chefchaouen
2024-09-30,31.0,16.1,0.0,Chefchaouen
2024-10-01,31.5,19.3,0.0,Chefchaouen
2024-10-02,28.5,16.6,0.0,Chefchaouen
2024-10-03,24.9,14.9,1.4,Chefchaouen
2024-10-04,24.1,15.3,0.0,Chefchaouen
2024-10-05,27.3,15.2,0.0,Chefchaouen
2024-10-06,30.3,15.5,0.0,Chefchaouen
2024-10-07,23.9,16.7,1.9,Chefchaouen
2024-10-08,21.7,14.8,4.7,Chefchaouen
2024-10-09,21.3,14.0,8.2,Chefchaouen
2024-10-10,21.4,14.2,8.6,Chefchaouen
2024-10-11,23.9,14.3,0.5,Chefchaouen
2024-10-12,23.6,16.6,2.4,Chefchaouen
2024-10-13,24.0,15.5,11.8,Chefchaouen
2024-10-14,22.6,14.9,11.1,Chefchaouen
2024-10-15,18.7,14.1,4.1,Chefchaouen
2024-10-16,17.3,15.4,21.8,Chefchaouen
2024-10-17,18.2,12.8,7.2,Chefchaouen
2024-10-18,21.0,9.2,0.0,Chefchaouen
2024-10-19,22.8,10.8,0.0,Chefchaouen
2024-10-20,25.3,11.7,0.0,Chefchaouen
2024-10-21,25.0,13.5,0.0,Chefchaouen
2024-10-22,23.0,13.9,0.0,Chefchaouen
2024-10-23,21.6,12.9,0.0,Chefchaouen
2024-10-24,23.3,11.9,1.1,Chefchaouen
2024-10-25,19.3,11.2,3.6,Chefchaouen
2024-10-26,15.1,9.0,0.9,Chefchaouen
2024-10-27,15.0,7.4,11.9,Chefchaouen
2024-10-28,15.5,5.5,2.4,Chefchaouen
2024-10-29,13.4,9.0,11.3,Chefchaouen
2024-10-30,15.0,10.4,20.3,Chefchaouen
2024-10-31,18.9,10.9,4.8,Chefchaouen
2024-11-01,20.8,9.7,0.0,Chefchaouen
2024-11-02,18.9,10.0,2.9,Chefchaouen
2024-11-03,21.0,10.4,0.0,Chefchaouen
2024-11-04,23.9,11.0,0.0,Chefchaouen
2024-11-05,24.0,12.8,0.0,Chefchaouen
2024-11-06,22.5,10.9,0.0,Chefchaouen
2024-11-07,25.4,10.5,0.0,Chefchaouen
2024-11-08,22.6,17.4,0.0,Chefchaouen
2024-11-09,23.3,13.6,0.0,Chefchaouen
2024-11-10,21.1,11.0,0.0,Chefchaouen
2024-11-11,20.3,9.3,0.0,Chefchaouen
2024-11-12,18.9,8.4,0.0,Chefchaouen
2024-11-13,14.8,9.1,2.4,Chefchaouen
2024-11-14,18.8,10.5,0.5,Chefchaouen
2024-11-15,22.6,8.7,0.0,Chefchaouen
2024-11-16,24.6,12.3,1.5,Chefchaouen
2024-11-17,24.4,12.0,0.2,Chefchaouen
2024-11-18,24.2,12.8,0.0,Chefchaouen
2024-11-19,16.1,13.1,3.1,Chefchaouen
2024-11-20,18.4,10.9,0.6,Chefchaouen
2024-11-21,17.5,9.2,0.0,Chefchaouen
2024-11-22,17.6,8.1,0.0,Chefchaouen
2024-11-23,21.6,5.9,0.0,Chefchaouen
2024-11-24,24.7,9.0,0.0,Chefchaouen
2024-11-25,21.6,13.9,0.0,Chefchaouen
2024-11-26,21.9,13.4,0.0,Chefchaouen
2024-11-27,21.9,12.2,0.0,Chefchaouen
2024-11-28,23.9,10.8,0.0,Chefchaouen
2024-11-29,24.5,11.6,0.0,Chefchaouen
2024-11-30,24.3,12.1,0.0,Chefchaouen
2024-12-01,23.3,11.5,0.0,Chefchaouen
2024-12-02,21.8,11.1,0.0,Chefchaouen
2024-12-03,19.0,11.1,0.0,Chefchaouen
2024-12-04,16.1,9.8,0.5,Chefchaouen
2024-12-05,18.8,6.7,0.0,Chefchaouen
2024-12-06,22.1,7.9,0.0,Chefchaouen
2024-12-07,19.9,10.8,0.0,Chefchaouen
2024-12-08,16.1,6.6,0.0,Chefchaouen
2024-12-09,12.2,1.7,0.0,Chefchaouen
2024-12-10,11.6,1.7,0.0,Chefchaouen
2024-12-11,9.6,0.7,3.3,Chefchaouen
2024-12-12,9.7,5.4,2.2,Chefchaouen
2024-12-13,13.0,4.5,1.0,Chefchaouen
2024-12-14,16.2,2.9,0.0,Chefchaouen
2024-12-15,16.7,4.0,0.0,Chefchaouen
2024-12-16,14.4,4.4,0.0,Chefchaouen
2024-12-17,20.0,5.7,0.0,Chefchaouen
2024-12-18,23.8,10.1,0.0,Chefchaouen
2024-12-19,17.4,10.6,0.2,Chefchaouen
2024-12-20,15.5,8.2,1.5,Chefchaouen
2024-12-21,14.1,5.3,0.0,Chefchaouen
2024-12-22,16.7,9.3,0.0,Chefchaouen
2024-12-23,18.6,7.4,0.0,Chefchaouen
2024-12-24,17.5,6.2,0.0,Chefchaouen
2024-12-25,18.6,5.0,0.0,Chefchaouen
2024-12-26,16.8,6.5,0.0,Chefchaouen
2024-12-27,14.0,6.2,0.0,Chefchaouen
2024-12-28,13.7,4.8,0.0,Chefchaouen
2024-12-29,14.7,3.4,0.0,Chefchaouen
2024-12-30,13.7,2.5,0.0,Chefchaouen
2024-12-31,13.6,1.8,0.2,Chefchaouen
2025-01-01,12.6,1.4,0.0,Chefchaouen
2025-01-02,14.8,1.6,0.0,Chefchaouen
2025-01-03,16.0,1.8,0.0,Chefchaouen
2025-01-04,14.5,5.4,0.0,Chefchaouen
2025-01-05,14.9,6.0,0.3,Chefchaouen
2025-01-06,10.1,6.7,25.7,Chefchaouen
2025-01-07,13.8,4.8,0.1,Chefchaouen
2025-01-08,16.2,4.5,0.0,Chefchaouen
2025-01-09,17.1,7.6,0.0,Chefchaouen
2025-01-10,19.0,8.0,0.0,Chefchaouen
2025-01-11,18.0,7.7,0.0,Chefchaouen
2025-01-12,17.7,5.7,0.0,Chefchaouen
2025-01-13,14.4,4.5,0.0,Chefchaouen
2025-01-14,11.0,1.7,0.0,Chefchaouen
2025-01-15,12.0,0.9,0.0,Chefchaouen
2025-01-16,11.7,1.8,0.0,Chefchaouen
2025-01-17,12.3,3.8,0.3,Chefchaouen
2025-01-18,13.4,1.8,0.0,Chefchaouen
2025-01-19,14.0,1.8,0.5,Chefchaouen
2025-01-20,14.2,6.3,0.9,Chefchaouen
2025-01-21,18.8,8.8,0.0,Chefchaouen
2025-01-22,17.8,8.6,0.0,Chefchaouen
2025-01-23,17.0,8.3,0.0,Chefchaouen
2025-01-24,20.0,6.8,0.0,Chefchaouen
2025-01-25,15.9,8.2,0.5,Chefchaouen
2025-01-26,16.8,9.1,0.0,Chefchaouen
2025-01-27,13.9,12.2,22.1,Chefchaouen
2025-01-28,12.1,7.6,4.7,Chefchaouen
2025-01-29,14.2,4.9,17.6,Chefchaouen
2025-01-30,11.9,3.0,15.0,Chefchaouen
2025-01-31,12.9,0.5,0.0,Chefchaouen
2025-02-01,12.0,2.0,0.0,Chefchaouen
2025-02-02,13.0,6.2,1.9,Chefchaouen
2025-02-03,9.5,3.5,8.9,Chefchaouen
2025-02-04,12.9,4.6,0.4,Chefchaouen
2025-02-05,14.1,3.1,0.0,Chefchaouen
2025-02-06,14.5,3.4,0.0,Chefchaouen
2025-02-07,15.1,2.6,0.0,Chefchaouen
2025-02-08,12.5,5.4,0.8,Chefchaouen
2025-02-09,17.3,5.5,0.0,Chefchaouen
2025-02-10,18.7,5.0,0.0,Chefchaouen
2025-02-11,18.1,6.4,0.0,Chefchaouen
2025-02-12,15.5,6.4,1.4,Chefchaouen
2025-02-13,18.4,4.7,0.0,Chefchaouen
2025-02-14,20.8,6.0,0.0,Chefchaouen
2025-02-15,21.2,8.3,0.0,Chefchaouen
2025-02-16,14.4,7.8,0.3,Chefchaouen
2025-02-17,18.8,5.6,0.0,Chefchaouen
2025-02-18,18.2,8.5,5.0,Chefchaouen
2025-02-19,17.9,8.6,2.7,Chefchaouen
2025-02-20,19.6,6.6,0.0,Chefchaouen
2025-02-21,18.5,6.2,0.0,Chefchaouen
2025-02-22,13.7,7.5,15.6,Chefchaouen
2025-02-23,16.9,4.9,0.0,Chefchaouen
2025-02-24,18.5,4.2,0.0,Chefchaouen
2025-02-25,17.3,7.5,0.0,Chefchaouen
2025-02-26,17.8,8.9,0.2,Chefchaouen
2025-02-27,16.2,8.2,0.0,Chefchaouen
2025-02-28,12.6,5.8,4.1,Chefchaouen
2025-03-01,12.9,5.7,0.2,Chefchaouen
2025-03-02,17.2,3.8,0.0,Chefchaouen
2025-03-03,19.7,6.2,0.3,Chefchaouen
2025-03-04,15.8,7.3,2.7,Chefchaouen
2025-03-05,15.6,7.8,2.6,Chefchaouen
2025-03-06,13.4,7.7,8.5,Chefchaouen
2025-03-07,14.4,6.6,1.5,Chefchaouen
2025-03-08,10.7,6.9,41.1,Chefchaouen
2025-03-09,8.9,5.5,60.4,Chefchaouen
2025-03-10,10.6,7.3,23.7,Chefchaouen
2025-03-11,11.7,8.9,46.6,Chefchaouen
2025-03-12,13.1,9.7,25.0,Chefchaouen
2025-03-13,11.3,8.4,60.3,Chefchaouen
2025-03-14,8.6,7.2,43.6,Chefchaouen
2025-03-15,11.2,6.4,4.1,Chefchaouen
2025-03-16,13.8,6.7,1.2,Chefchaouen
2025-03-17,12.2,8.2,12.4,Chefchaouen
2025-03-18,13.2,8.6,24.9,Chefchaouen
2025-03-19,22.0,5.5,0.0,Chefchaouen
2025-03-20,20.7,10.0,5.7,Chefchaouen
2025-03-21,14.4,8.7,19.1,Chefchaouen
2025-03-22,13.3,6.9,10.4,Chefchaouen
2025-03-23,9.6,4.5,29.4,Chefchaouen
2025-03-24,11.8,5.0,1.1,Chefchaouen
2025-03-25,14.5,3.1,5.9,Chefchaouen
2025-03-26,18.3,3.6,0.0,Chefchaouen
2025-03-27,18.4,5.0,0.0,Chefchaouen
2025-03-28,20.8,7.4,0.0,Chefchaouen
2025-03-29,23.7,5.8,0.0,Chefchaouen
2025-03-30,22.2,7.3,0.0,Chefchaouen
2025-03-31,25.1,7.9,0.0,Chefchaouen
2025-04-01,18.4,10.4,0.9,Chefchaouen
2025-04-02,17.0,10.5,2.8,Chefchaouen
2025-04-03,20.0,11.2,4.1,Chefchaouen
2025-04-04,15.1,10.7,9.1,Chefchaouen
2025-04-05,17.8,9.2,0.3,Chefchaouen
2025-04-06,17.8,8.8,0.0,Chefchaouen
2025-04-07,21.8,8.2,0.0,Chefchaouen
2025-04-08,25.0,10.0,0.0,Chefchaouen
2025-04-09,28.3,11.0,1.0,Chefchaouen
2025-04-10,25.0,11.9,0.7,Chefchaouen
2025-04-11,23.3,12.5,6.1,Chefchaouen
2025-04-12,20.3,12.9,6.3,Chefchaouen
2025-04-13,16.0,10.5,2.6,Chefchaouen
2025-04-14,14.8,10.8,8.9,Chefchaouen
2025-04-15,11.6,7.0,27.7,Chefchaouen
2025-04-16,14.1,5.8,3.6,Chefchaouen
2025-04-17,20.0,6.2,0.0,Chefchaouen
2025-04-18,21.7,8.2,0.0,Chefchaouen
2025-04-19,15.3,7.1,6.3,Chefchaouen
2025-04-20,12.9,5.8,2.9,Chefchaouen
2025-04-21,20.9,5.9,0.0,Chefchaouen
2025-04-22,20.6,7.8,0.0,Chefchaouen
2025-04-23,21.8,8.1,0.0,Chefchaouen
2025-04-24,28.2,11.3,0.5,Chefchaouen
2025-04-25,22.9,13.9,0.6,Chefchaouen
2025-04-26,23.2,12.8,0.0,Chefchaouen
2025-04-27,24.8,9.5,0.0,Chefchaouen
2025-04-28,22.5,10.7,0.0,Chefchaouen
2025-04-29,23.8,11.7,0.0,Chefchaouen
2025-04-30,17.7,13.7,3.8,Chefchaouen
2025-05-01,25.9,10.2,0.1,Chefchaouen
2025-05-02,20.0,12.2,0.6,Chefchaouen
2025-05-03,18.3,10.5,0.5,Chefchaouen
2025-05-04,17.3,10.4,2.8,Chefchaouen
2025-05-05,17.3,9.0,2.0,Chefchaouen
2025-05-06,21.2,6.6,0.0,Chefchaouen
2025-05-07,21.7,10.7,0.0,Chefchaouen
2025-05-08,17.0,10.2,1.6,Chefchaouen
2025-05-09,21.1,11.5,0.4,Chefchaouen
2025-05-10,19.8,9.7,0.1,Chefchaouen
2025-05-11,18.6,10.3,0.5,Chefchaouen
2025-05-12,20.0,9.9,0.0,Chefchaouen
2025-05-13,17.4,9.3,1.4,Chefchaouen
2025-05-14,18.0,7.2,0.9,Chefchaouen
2025-05-15,18.5,8.8,0.5,Chefchaouen
2025-05-16,23.6,7.9,0.0,Chefchaouen
2025-05-17,28.3,10.1,0.0,Chefchaouen
2025-05-18,26.5,14.6,0.0,Chefchaouen
2025-05-19,25.0,12.3,0.0,Chefchaouen
2025-05-20,25.6,11.2,0.0,Chefchaouen
2025-05-21,26.7,11.6,0.0,Chefchaouen
2025-05-22,27.8,13.3,0.0,Chefchaouen
2025-05-23,22.2,13.9,1.3,Chefchaouen
2025-05-24,23.3,12.4,0.0,Chefchaouen
2025-05-25,27.7,11.2,0.0,Chefchaouen
2025-05-26,29.6,13.4,0.0,Chefchaouen
2025-05-27,30.5,15.5,0.0,Chefchaouen
2025-05-28,31.1,16.0,0.0,Chefchaouen
2025-05-29,32.6,17.3,0.3,Chefchaouen
2025-05-30,32.6,19.2,0.0,Chefchaouen
2025-05-31,33.4,18.1,0.0,Chefchaouen
2025-06-01,32.4,16.9,0.0,Chefchaouen
2025-06-02,27.1,15.3,0.0,Chefchaouen
2025-06-03,20.7,11.7,0.9,Chefchaouen
2025-06-04,24.7,10.6,0.0,Chefchaouen
2025-06-05,28.2,13.3,0.0,Chefchaouen
2025-06-06,31.9,15.4,0.0,Chefchaouen
2025-06-07,35.6,18.6,0.0,Chefchaouen
2025-06-08,37.4,20.7,0.0,Chefchaouen
2025-06-09,33.8,20.9,0.0,Chefchaouen
2025-06-10,32.9,20.5,0.4,Chefchaouen
2025-06-11,28.1,18.2,0.5,Chefchaouen
2025-06-12,28.6,14.9,0.0,Chefchaouen
2025-06-13,29.6,16.4,0.0,Chefchaouen
2025-06-14,30.2,17.2,0.0,Chefchaouen
2025-06-15,34.6,18.8,0.1,Chefchaouen
2025-06-16,36.9,20.9,0.9,Chefchaouen
2025-06-17,37.1,21.9,0.0,Chefchaouen
2025-06-18,35.2,21.9,0.0,Chefchaouen
2025-06-19,36.7,21.3,0.7,Chefchaouen
2025-06-20,36.0,20.8,0.0,Chefchaouen
2025-06-21,36.1,22.5,0.0,Chefchaouen
2025-06-22,36.1,20.1,0.0,Chefchaouen
2025-06-23,33.6,20.2,0.0,Chefchaouen
2025-06-24,30.6,19.1,0.0,Chefchaouen
2025-06-25,31.5,17.1,0.0,Chefchaouen
2025-06-26,35.2,17.5,0.0,Chefchaouen
2025-06-27,35.8,21.2,0.0,Chefchaouen
2025-06-28,35.5,20.6,0.0,Chefchaouen
2025-06-29,36.2,21.2,0.0,Chefchaouen
2025-06-30,36.5,21.2,0.0,Chefchaouen
2025-07-01,35.8,20.6,0.0,Chefchaouen
2025-07-02,36.5,20.8,0.0,Chefchaouen
2025-07-03,37.2,21.9,0.0,Chefchaouen
2025-07-04,35.7,20.6,0.0,Chefchaouen
2025-07-05,33.9,19.8,0.0,Chefchaouen
2025-07-06,32.6,18.7,0.0,Chefchaouen
2025-07-07,35.4,18.9,0.0,Chefchaouen
2025-07-08,35.4,19.2,0.0,Chefchaouen
2025-07-09,37.6,21.5,0.0,Chefchaouen
2025-07-10,35.4,21.3,0.0,Chefchaouen
2025-07-11,27.4,16.3,0.0,Chefchaouen
2025-07-12,25.0,14.1,0.0,Chefchaouen
2025-07-13,30.7,15.6,0.0,Chefchaouen
2025-07-14,34.5,18.3,0.0,Chefchaouen
2025-07-15,38.4,20.1,0.0,Chefchaouen
2025-07-16,37.4,22.1,0.0,Chefchaouen
2025-07-17,37.0,22.7,0.0,Chefchaouen
2025-07-18,33.5,21.2,0.0,Chefchaouen
2025-07-19,32.7,16.6,0.0,Chefchaouen
2025-07-20,32.4,17.6,0.0,Chefchaouen
2025-07-21,32.7,17.3,0.0,Chefchaouen
2025-07-22,33.2,19.2,0.0,Chefchaouen
2025-07-23,34.0,20.0,0.0,Chefchaouen
2025-07-24,34.1,18.8,0.0,Chefchaouen
2025-07-25,29.0,18.6,0.0,Chefchaouen
2025-07-26,33.2,19.5,0.0,Chefchaouen
2025-07-27,35.1,18.7,0.0,Chefchaouen
2025-07-28,35.7,21.0,0.0,Chefchaouen
2025-07-29,33.2,19.0,0.0,Chefchaouen
2025-07-30,30.9,18.7,0.0,Chefchaouen
2025-07-31,31.8,19.2,0.0,Chefchaouen
2025-08-01,35.1,18.8,0.0,Chefchaouen
2025-08-02,35.3,18.8,0.0,Chefchaouen
2025-08-03,36.4,20.9,0.0,Chefchaouen
2025-08-04,35.5,20.5,0.0,Chefchaouen
2025-08-05,39.3,23.8,0.0,Chefchaouen
2025-08-06,37.4,22.9,0.6,Chefchaouen
2025-08-07,36.4,24.2,0.0,Chefchaouen
2025-08-08,35.4,21.7,0.0,Chefchaouen
2025-08-09,36.8,20.1,0.0,Chefchaouen
2025-08-10,35.8,21.5,0.0,Chefchaouen
2025-08-11,36.8,22.3,0.0,Chefchaouen
2025-08-12,36.5,21.9,0.0,Chefchaouen
2025-08-13,36.8,22.3,0.0,Chefchaouen
2025-08-14,36.4,20.6,0.0,Chefchaouen
2025-08-15,37.8,21.3,0.0,Chefchaouen
2025-08-16,39.6,22.9,0.0,Chefchaouen
2025-08-17,40.0,23.7,0.0,Chefchaouen
2025-08-18,39.7,23.8,0.0,Chefchaouen
2025-08-19,31.3,19.2,0.0,Chefchaouen
2025-08-20,28.7,15.1,0.0,Chefchaouen
2025-08-21,31.6,16.4,0.0,Chefchaouen
2025-08-22,35.2,17.5,0.0,Chefchaouen
2025-08-23,33.1,19.3,0.0,Chefchaouen
2025-08-24,31.5,19.2,0.1,Chefchaouen
2025-08-25,30.2,17.7,2.5,Chefchaouen
2025-08-26,32.5,18.5,0.0,Chefchaouen
2025-08-27,29.3,18.1,0.0,Chefchaouen
2025-08-28,25.4,15.0,0.0,Chefchaouen
2025-08-29,28.9,12.8,0.0,Chefchaouen
2025-08-30,33.4,16.8,0.0,Chefchaouen
2025-08-31,30.4,18.1,0.0,Chefchaouen
2025-09-01,25.8,14.6,0.0,Chefchaouen
2025-09-02,28.8,13.5,0.0,Chefchaouen
2025-09-03,31.6,15.0,0.0,Chefchaouen
2025-09-04,32.9,17.6,0.0,Chefchaouen
2025-09-05,32.9,18.3,0.0,Chefchaouen
2025-09-06,35.9,20.6,0.0,Chefchaouen
2025-09-07,31.9,21.4,0.6,Chefchaouen
2025-09-08,30.3,20.3,0.0,Chefchaouen
2025-09-09,23.2,13.2,2.4,Chefchaouen
2025-09-10,24.9,12.5,0.0,Chefchaouen
2025-09-11,31.2,15.5,0.0,Chefchaouen
2025-09-12,32.6,17.9,0.0,Chefchaouen
2025-09-13,33.6,17.9,0.0,Chefchaouen
2025-09-14,33.2,18.6,0.0,Chefchaouen
2025-09-15,33.1,17.7,0.0,Chefchaouen
2025-09-16,36.1,19.2,0.0,Chefchaouen
2025-09-17,35.7,19.6,0.0,Chefchaouen
2025-09-18,33.8,21.2,1.1,Chefchaouen
2025-09-19,34.4,22.5,0.6,Chefchaouen
2025-09-20,33.8,21.0,0.1,Chefchaouen
2025-09-21,28.2,19.7,0.4,Chefchaouen
2025-09-22,27.6,16.4,0.0,Chefchaouen
2025-09-23,26.4,14.9,0.0,Chefchaouen
2025-09-24,25.5,12.6,0.0,Chefchaouen
2025-09-25,26.0,14.0,0.6,Chefchaouen
2025-09-26,25.7,14.2,0.1,Chefchaouen
2025-09-27,28.1,15.0,0.0,Chefchaouen
2025-09-28,20.1,13.7,4.1,Chefchaouen
2025-09-29,19.6,14.5,10.2,Chefchaouen
2025-09-30,25.8,11.7,0.0,Chefchaouen
2025-10-01,26.1,14.3,0.0,Chefchaouen
2025-10-02,25.9,14.6,0.0,Chefchaouen
2025-10-03,30.1,14.8,0.0,Chefchaouen
2025-10-04,28.4,15.7,0.0,Chefchaouen
2025-10-05,28.5,16.2,0.0,Chefchaouen
2025-10-06,28.0,15.0,0.0,Chefchaouen
2025-10-07,31.0,15.7,0.0,Chefchaouen
2025-10-08,25.2,14.6,0.0,Chefchaouen
2025-10-09,22.6,13.7,0.0,Chefchaouen
2025-10-10,22.5,11.6,0.3,Chefchaouen
2025-10-11,23.7,15.2,0.0,Chefchaouen
2025-10-12,28.0,15.1,0.0,Chefchaouen
2025-10-13,27.5,15.0,0.0,Chefchaouen
2025-10-14,28.5,12.6,0.0,Chefchaouen
2025-10-15,28.1,13.6,0.0,Chefchaouen
2025-10-16,24.7,15.1,1.1,Chefchaouen
2025-10-17,24.7,14.3,0.0,Chefchaouen
2025-10-18,24.2,12.5,0.0,Chefchaouen
2025-10-19,27.3,10.7,0.0,Chefchaouen
2025-10-20,23.9,15.8,0.0,Chefchaouen
2025-10-21,23.9,14.1,0.0,Chefchaouen
2025-10-22,24.7,14.7,0.9,Chefchaouen
2025-10-23,30.2,14.3,0.0,Chefchaouen
2025-10-24,30.4,16.1,0.0,Chefchaouen
2025-10-25,27.7,16.4,0.0,Chefchaouen
2025-10-26,19.4,14.9,2.5,Chefchaouen
2025-10-27,23.6,13.0,0.4,Chefchaouen
2025-10-28,25.2,12.1,0.7,Chefchaouen
2025-10-29,18.7,13.8,18.8,Chefchaouen
2025-10-30,19.1,13.8,6.1,Chefchaouen
2025-10-31,22.9,13.1,0.0,Chefchaouen
2025-11-01,23.7,13.5,0.0,Chefchaouen
2025-11-02,23.8,12.6,0.0,Chefchaouen
2025-11-03,23.8,10.2,0.0,Chefchaouen
2025-11-04,24.6,11.2,0.0,Chefchaouen
2025-11-05,24.5,12.8,7.4,Chefchaouen
2025-11-06,16.7,10.2,3.3,Chefchaouen
2025-11-07,19.2,7.2,0.0,Chefchaouen
2025-11-08,18.2,9.5,0.3,Chefchaouen
2025-11-09,21.1,7.2,0.0,Chefchaouen
2025-11-10,19.7,7.9,0.0,Chefchaouen
2025-11-11,25.6,8.1,0.0,Chefchaouen
2025-11-12,25.9,13.8,0.0,Chefchaouen
2025-11-13,18.2,12.6,15.4,Chefchaouen
2025-11-14,16.0,11.0,18.7,Chefchaouen
2025-11-15,16.9,12.4,9.1,Chefchaouen
2025-11-16,15.5,12.0,40.7,Chefchaouen
2025-11-17,12.3,10.0,29.9,Chefchaouen
2025-11-18,16.3,8.6,0.2,Chefchaouen
2025-11-19,16.6,6.7,0.0,Chefchaouen
2025-11-20,14.3,7.0,0.3,Chefchaouen
2025-11-21,15.1,5.0,0.0,Chefchaouen
2025-11-22,15.5,2.5,0.0,Chefchaouen
2025-11-23,18.8,4.4,0.0,Chefchaouen
2025-11-24,15.8,8.4,0.0,Chefchaouen
2025-11-25,13.6,6.9,11.2,Chefchaouen
2025-11-26,16.2,4.2,0.0,Chefchaouen
2025-11-27,17.4,3.5,0.0,Chefchaouen
2025-11-28,17.6,4.4,0.0,Chefchaouen
2025-11-29,15.8,6.9,0.0,Chefchaouen
2025-11-30,10.4,5.5,4.8,Chefchaouen
2025-12-01,15.1,3.1,0.0,Chefchaouen
2025-12-02,12.3,5.0,5.6,Chefchaouen
2025-12-03,11.6,5.4,7.3,Chefchaouen
2025-12-04,13.7,3.9,0.0,Chefchaouen
2025-12-05,15.1,7.8,0.7,Chefchaouen
2025-12-06,18.8,7.2,0.0,Chefchaouen
2025-12-07,18.1,6.3,0.0,Chefchaouen
2025-12-08,19.7,8.3,0.0,Chefchaouen
2025-12-09,19.8,7.5,0.0,Chefchaouen
2025-12-10,12.6,8.3,7.3,Chefchaouen
2025-12-11,15.1,6.4,0.0,Chefchaouen
2025-12-12,15.5,5.4,0.0,Chefchaouen
2025-12-13,14.1,7.7,1.5,Chefchaouen
2025-12-14,15.0,7.3,1.0,Chefchaouen
2025-12-15,12.0,7.4,6.5,Chefchaouen
2025-12-16,9.4,6.1,34.9,Chefchaouen
2025-12-17,12.3,3.3,6.5,Chefchaouen
2025-12-18,15.2,3.3,0.0,Chefchaouen
2025-12-19,14.6,4.7,1.5,Chefchaouen
2025-12-20,10.2,6.9,6.4,Chefchaouen
2025-12-21,9.4,6.8,51.3,Chefchaouen
2025-12-22,8.4,4.1,3.8,Chefchaouen
2025-12-23,8.8,5.0,27.3,Chefchaouen
2025-12-24,11.2,6.1,12.0,Chefchaouen
2025-12-25,9.4,4.9,1.5,Chefchaouen
2025-12-26,9.2,6.4,6.2,Chefchaouen
2025-12-27,8.4,6.3,8.5,Chefchaouen
2025-12-28,9.5,6.0,11.2,Chefchaouen
2025-12-29,11.7,5.6,4.3,Chefchaouen
2025-12-30,12.0,4.7,0.2,Chefchaouen
2025-12-31,11.0,8.4,9.8,Chefchaouen
2026-01-01,17.4,10.3,0.1,Chefchaouen
2026-01-02,20.2,6.9,0.0,Chefchaouen
2026-01-03,12.9,9.9,8.0,Chefchaouen
2026-01-04,11.3,9.4,33.1,Chefchaouen
2026-01-05,11.7,6.9,5.6,Chefchaouen
2026-01-06,7.7,1.3,0.8,Chefchaouen
2026-01-07,9.2,-0.1,0.0,Chefchaouen
2026-01-08,11.0,5.4,0.7,Chefchaouen
2026-01-09,13.1,4.9,0.5,Chefchaouen
2026-01-10,13.0,6.6,2.6,Chefchaouen
2026-01-11,15.6,2.7,0.0,Chefchaouen
2026-01-12,18.1,5.6,0.0,Chefchaouen
2026-01-13,14.9,7.0,0.1,Chefchaouen
2026-01-14,11.1,7.4,4.3,Chefchaouen
2026-01-15,11.9,7.7,0.6,Chefchaouen
2026-01-16,9.2,7.5,27.4,Chefchaouen
2026-01-17,7.1,4.1,8.0,Chefchaouen
2026-01-18,8.8,3.9,6.4,Chefchaouen
2026-01-19,10.6,1.7,0.2,Chefchaouen
2026-01-20,9.5,2.3,1.1,Chefchaouen
2026-01-21,9.0,5.7,23.5,Chefchaouen
2026-01-22,12.6,8.5,17.6,Chefchaouen
2026-01-23,11.7,7.3,67.5,Chefchaouen
2026-01-24,6.6,2.0,18.2,Chefchaouen
2026-01-25,8.9,3.4,33.8,Chefchaouen
2026-01-26,11.1,8.8,63.3,Chefchaouen
2026-01-27,10.9,9.3,64.9,Chefchaouen
2026-01-28,13.0,9.4,147.7,Chefchaouen
2026-01-29,13.7,12.6,72.6,Chefchaouen
2026-01-30,13.7,12.4,73.7,Chefchaouen
2026-01-31,14.8,9.7,3.0,Chefchaouen
2026-02-01,15.6,8.1,0.0,Chefchaouen
2026-02-02,10.5,5.2,31.2,Chefchaouen
2026-02-03,8.7,5.7,45.0,Chefchaouen
2026-02-04,12.9,8.8,180.8,Chefchaouen
2026-02-05,13.2,11.1,81.9,Chefchaouen
2026-02-06,11.2,6.0,29.6,Chefchaouen
2026-02-07,9.9,5.5,57.6,Chefchaouen
2026-02-08,10.3,8.2,31.8,Chefchaouen
2026-02-09,14.0,9.6,53.4,Chefchaouen
2026-02-10,14.6,12.6,25.0,Chefchaouen
2026-02-11,17.9,10.6,0.6,Chefchaouen
2026-02-12,13.3,10.6,4.3,Chefchaouen
2026-02-13,12.0,6.2,49.7,Chefchaouen
2026-02-14,10.1,4.9,11.7,Chefchaouen
2026-02-15,13.7,2.9,0.0,Chefchaouen
2026-02-16,16.7,3.4,0.0,Chefchaouen
2026-02-17,22.3,7.0,0.0,Chefchaouen
2026-02-18,16.1,7.7,0.0,Chefchaouen
2026-02-19,15.2,5.6,1.0,Chefchaouen
2026-02-20,21.7,4.2,0.0,Chefchaouen
2026-02-21,22.4,8.1,0.0,Chefchaouen
2026-02-22,24.9,7.5,0.0,Chefchaouen
2026-02-23,23.2,10.1,0.0,Chefchaouen
2026-02-24,23.5,8.8,0.0,Chefchaouen
2026-02-25,20.9,9.5,0.0,Chefchaouen
2026-02-26,18.8,6.8,0.0,Chefchaouen
2026-02-27,21.5,7.4,0.0,Chefchaouen
2026-02-28,18.6,7.4,0.0,Chefchaouen
2026-03-01,16.5,6.0,0.0,Chefchaouen
2026-03-02,16.8,6.7,6.9,Chefchaouen
2026-03-03,15.5,6.2,12.9,Chefchaouen
2026-03-04,12.0,4.6,6.9,Chefchaouen
2026-03-05,10.4,4.8,7.7,Chefchaouen
2026-03-06,9.0,5.6,24.2,Chefchaouen
2026-03-07,10.5,6.1,8.7,Chefchaouen
2026-03-08,15.3,2.3,0.0,Chefchaouen
2026-03-09,15.4,3.2,0.2,Chefchaouen
2026-03-10,8.0,2.2,10.4,Chefchaouen
2026-03-11,13.8,-0.8,0.0,Chefchaouen
2026-03-12,17.6,4.0,0.0,Chefchaouen
2026-03-13,19.6,4.6,0.1,Chefchaouen
2026-03-14,12.9,6.5,4.8,Chefchaouen
2026-03-15,17.5,8.8,4.4,Chefchaouen
2026-03-16,20.1,5.6,0.0,Chefchaouen
2026-03-17,23.8,5.8,0.0,Chefchaouen
2026-03-18,18.8,9.7,3.4,Chefchaouen
2026-03-19,19.9,9.0,4.2,Chefchaouen
2026-03-20,17.3,10.1,3.7,Chefchaouen
2026-03-21,17.5,7.7,1.6,Chefchaouen
2026-03-22,17.9,8.2,1.5,Chefchaouen
2026-03-23,19.3,6.3,0.5,Chefchaouen
2026-03-24,16.2,8.7,0.0,Chefchaouen
2026-03-25,21.3,8.3,0.0,Chefchaouen
2026-03-26,20.6,8.9,0.5,Chefchaouen
2026-03-27,17.5,7.0,0.0,Chefchaouen
2026-03-28,18.2,6.3,0.0,Chefchaouen
2026-03-29,18.1,6.1,0.0,Chefchaouen
2026-03-30,14.3,1.4,0.0,Chefchaouen
2026-03-31,20.7,4.6,0.0,Chefchaouen
2026-04-01,20.5,7.6,0.0,Chefchaouen
2026-04-02,21.4,6.9,0.0,Chefchaouen
2026-04-03,21.4,7.3,0.0,Chefchaouen
2026-04-04,21.3,5.8,0.0,Chefchaouen
2026-04-05,24.7,6.9,0.0,Chefchaouen
2026-04-06,26.5,9.4,0.0,Chefchaouen
2026-04-07,20.1,11.8,9.8,Chefchaouen
2026-04-08,12.1,9.1,37.1,Chefchaouen
2026-04-09,19.1,9.2,2.2,Chefchaouen
2026-04-10,18.6,10.4,0.5,Chefchaouen
2026-04-11,12.7,10.2,9.0,Chefchaouen
2026-04-12,13.2,8.3,9.0,Chefchaouen
2026-04-13,14.3,7.2,0.9,Chefchaouen
2026-04-14,19.2,7.9,0.0,Chefchaouen
2026-04-15,22.6,7.5,0.0,Chefchaouen
2026-04-16,25.8,9.2,0.0,Chefchaouen
2026-04-17,26.2,10.5,0.0,Chefchaouen
2026-04-18,26.8,12.2,0.0,Chefchaouen
2026-04-19,26.6,13.2,0.0,Chefchaouen
2026-04-20,28.2,14.5,0.0,Chefchaouen
2026-04-21,27.4,13.8,1.0,Chefchaouen
2026-04-22,26.0,12.7,0.0,Chefchaouen
2026-04-23,22.5,13.4,0.2,Chefchaouen
2026-04-24,17.4,11.6,7.0,Chefchaouen
2026-04-25,20.0,8.9,0.6,Chefchaouen
2026-04-26,19.1,12.1,0.0,Chefchaouen
2026-04-27,22.4,12.4,0.0,Chefchaouen
2026-04-28,21.2,13.3,8.9,Chefchaouen
2026-04-29,19.4,12.6,0.7,Chefchaouen
2026-04-30,21.4,12.4,6.5,Chefchaouen
2026-05-01,23.9,11.7,0.0,Chefchaouen
2026-05-02,22.5,11.7,0.6,Chefchaouen
2026-05-03,21.6,13.4,0.0,Chefchaouen
2026-05-04,18.7,10.4,0.0,Chefchaouen
2026-05-05,18.9,8.7,0.0,Chefchaouen
2026-05-06,20.6,7.7,0.0,Chefchaouen
2026-05-07,17.3,8.3,0.2,Chefchaouen
2026-05-08,22.1,8.9,0.0,Chefchaouen
2026-05-09,16.8,10.4,6.7,Chefchaouen
2026-05-10,18.4,11.2,0.6,Chefchaouen
2026-05-11,20.5,9.5,0.0,Chefchaouen
2026-05-12,18.4,10.8,1.0,Chefchaouen
2026-05-13,21.7,9.1,0.0,Chefchaouen
2026-05-14,22.5,10.8,0.2,Chefchaouen
2026-05-15,17.8,10.1,3.2,Chefchaouen
2026-05-16,18.9,8.6,0.2,Chefchaouen
2026-05-17,20.4,10.4,0.0,Chefchaouen
2026-05-18,21.9,8.6,0.0,Chefchaouen
2026-05-19,26.2,10.2,0.0,Chefchaouen
2026-05-20,30.1,12.1,0.0,Chefchaouen
2026-05-21,28.3,13.3,0.0,Chefchaouen
2026-05-22,29.6,13.3,0.0,Chefchaouen
2026-05-23,31.1,15.0,0.0,Chefchaouen
2026-05-24,29.3,16.0,0.0,Chefchaouen
2026-05-25,30.2,14.7,0.0,Chefchaouen
2026-05-26,29.2,14.1,0.0,Chefchaouen
2026-05-27,27.7,13.0,0.0,Chefchaouen
2026-05-28,30.8,16.5,0.0,Chefchaouen
2026-05-29,31.7,16.8,0.0,Chefchaouen
2026-05-30,32.9,17.0,0.0,Chefchaouen
2026-05-31,33.2,17.4,0.0,Chefchaouen
2026-06-01,33.0,17.7,0.0,Chefchaouen
2026-06-02,29.6,16.8,0.0,Chefchaouen
2026-06-03,29.3,14.3,0.0,Chefchaouen
2026-06-04,30.2,16.8,0.0,Chefchaouen
2026-06-05,28.9,13.8,0.0,Chefchaouen
2026-06-06,29.9,15.0,0.0,Chefchaouen
2026-06-07,30.8,15.7,0.0,Chefchaouen
2026-06-08,32.8,16.8,0.0,Chefchaouen
2026-06-09,32.0,17.0,0.0,Chefchaouen
2026-06-10,31.7,16.8,0.0,Chefchaouen
2026-06-11,27.2,16.8,0.0,Chefchaouen
2026-06-12,27.3,16.0,0.0,Chefchaouen
2026-06-13,31.3,15.5,0.0,Chefchaouen
2026-06-14,27.1,17.3,0.2,Chefchaouen
2026-06-15,28.6,15.1,0.0,Chefchaouen
2026-06-16,29.5,16.7,0.0,Chefchaouen
2026-06-17,30.2,16.6,0.0,Chefchaouen
2026-06-18,31.1,17.0,0.0,Chefchaouen
2026-06-19,31.5,18.1,0.0,Chefchaouen
2026-06-20,32.8,19.3,0.0,Chefchaouen
2026-06-21,37.0,19.1,0.0,Chefchaouen
2026-06-22,36.4,19.3,0.0,Chefchaouen
2026-06-23,34.4,21.0,0.0,Chefchaouen
2026-06-24,32.5,20.1,0.0,Chefchaouen
2026-06-25,26.0,17.5,0.0,Chefchaouen
2026-06-26,30.9,16.6,0.0,Chefchaouen
2026-06-27,32.5,18.8,0.0,Chefchaouen
2026-06-28,32.9,19.4,0.0,Chefchaouen
2026-06-29,33.6,17.9,0.0,Chefchaouen
2026-06-30,33.3,18.5,0.0,Chefchaouen
2026-07-01,33.8,19.1,0.0,Chefchaouen
2026-07-02,35.1,19.6,0.0,Chefchaouen
2026-07-03,32.9,19.6,0.0,Chefchaouen
2026-07-04,34.1,19.1,0.0,Chefchaouen
2026-07-05,36.0,21.2,0.3,Chefchaouen
2026-07-06,38.0,21.5,0.0,Chefchaouen
2026-07-07,38.9,20.9,0.0,Chefchaouen
2026-07-08,37.6,24.0,0.0,Chefchaouen
2026-07-09,33.4,20.2,0.0,Chefchaouen
2026-07-10,32.1,17.2,0.0,Chefchaouen
2026-07-11,30.8,16.2,0.0,Chefchaouen
2026-07-12,30.3,16.9,0.0,Chefchaouen
2026-07-13,32.1,18.6,0.0,Chefchaouen
2026-07-14,34.9,20.1,0.0,Chefchaouen
2026-07-15,38.4,22.8,0.0,Chefchaouen
2026-07-16,37.5,21.9,0.0,Chefchaouen
2026-07-17,37.9,22.2,0.0,Chefchaouen
2026-07-18,37.5,21.8,0.0,Chefchaouen
2026-07-19,37.5,22.5,0.0,Chefchaouen
2026-07-20,38.3,22.6,0.0,Chefchaouen
2026-07-21,39.8,22.8,0.0,Chefchaouen
2026-07-22,40.5,22.8,0.0,Chefchaouen
2026-07-23,40.6,26.1,0.0,Chefchaouen
2026-07-24,35.3,21.4,0.0,Chefchaouen
2026-07-25,32.1,18.2,0.0,Chefchaouen
2026-07-26,33.0,17.9,0.0,Chefchaouen
2026-07-27,34.2,18.7,0.0,Chefchaouen
2026-07-28,36.6,20.2,0.0,Chefchaouen
2026-07-29,36.6,21.7,0.0,Chefchaouen
2026-07-30,39.9,23.9,0.0,Chefchaouen
2026-07-31,41.7,26.1,0.0,Chefchaouen
2026-08-01,40.0,26.2,0.1,Chefchaouen
2022-01-01,21.4,9.4,0.0,Fes
2022-01-02,20.8,7.8,0.0,Fes
2022-01-03,20.8,6.3,0.0,Fes
2022-01-04,18.9,4.3,1.5,Fes
2022-01-05,13.9,7.7,1.2,Fes
2022-01-06,13.1,6.8,3.8,Fes
2022-01-07,15.2,5.0,0.0,Fes
2022-01-08,16.5,4.0,0.0,Fes
2022-01-09,17.8,1.7,0.0,Fes
2022-01-10,16.7,3.9,0.0,Fes
2022-01-11,19.1,6.8,0.0,Fes
2022-01-12,16.8,7.3,0.0,Fes
2022-01-13,15.8,5.3,0.0,Fes
2022-01-14,17.6,3.8,0.0,Fes
2022-01-15,18.5,2.3,0.0,Fes
2022-01-16,17.4,3.3,0.0,Fes
2022-01-17,17.9,1.9,0.0,Fes
2022-01-18,18.1,2.2,0.0,Fes
2022-01-19,17.6,2.8,0.0,Fes
2022-01-20,17.0,2.3,0.0,Fes
2022-01-21,17.2,1.7,0.0,Fes
2022-01-22,19.0,2.4,0.0,Fes
2022-01-23,21.1,7.5,0.2,Fes
2022-01-24,17.2,6.1,11.8,Fes
2022-01-25,15.1,6.4,0.1,Fes
2022-01-26,20.1,7.7,0.0,Fes
2022-01-27,18.6,3.5,0.0,Fes
2022-01-28,19.0,8.0,0.0,Fes
2022-01-29,19.8,7.0,0.0,Fes
2022-01-30,22.5,6.9,0.0,Fes
2022-01-31,23.1,8.3,0.0,Fes
2022-02-01,20.7,8.6,0.0,Fes
2022-02-02,23.0,6.3,0.0,Fes
2022-02-03,24.0,5.6,0.0,Fes
2022-02-04,20.3,8.7,0.0,Fes
2022-02-05,20.1,6.7,0.0,Fes
2022-02-06,20.7,8.0,0.1,Fes
2022-02-07,22.1,8.2,0.0,Fes
2022-02-08,22.9,7.0,0.0,Fes
2022-02-09,22.9,7.3,0.0,Fes
2022-02-10,22.3,6.7,0.0,Fes
2022-02-11,15.7,7.4,0.0,Fes
2022-02-12,18.3,5.1,0.0,Fes
2022-02-13,20.0,3.7,0.0,Fes
2022-02-14,17.9,6.8,0.2,Fes
2022-02-15,18.6,5.2,0.0,Fes
2022-02-16,20.5,3.8,0.0,Fes
2022-02-17,21.3,4.6,0.0,Fes
2022-02-18,21.8,7.0,0.0,Fes
2022-02-19,18.8,9.3,0.4,Fes
2022-02-20,21.0,8.0,0.0,Fes
2022-02-21,24.3,8.1,0.0,Fes
2022-02-22,26.6,8.5,0.0,Fes
2022-02-23,28.2,12.1,0.0,Fes
2022-02-24,23.1,10.6,2.2,Fes
2022-02-25,22.2,10.5,8.8,Fes
2022-02-26,23.8,10.0,10.1,Fes
2022-02-27,20.0,10.5,6.7,Fes
2022-02-28,18.2,9.4,0.0,Fes
2022-03-01,19.7,7.2,0.0,Fes
2022-03-02,21.1,4.5,0.0,Fes
2022-03-03,19.2,7.3,2.2,Fes
2022-03-04,14.4,7.3,5.9,Fes
2022-03-05,14.4,5.8,1.5,Fes
2022-03-06,12.8,7.4,16.0,Fes
2022-03-07,15.1,7.6,2.4,Fes
2022-03-08,16.8,9.2,0.0,Fes
2022-03-09,20.9,5.6,0.0,Fes
2022-03-10,20.1,7.9,0.2,Fes
2022-03-11,21.3,7.5,0.3,Fes
2022-03-12,17.9,11.3,3.4,Fes
2022-03-13,19.1,10.6,6.4,Fes
2022-03-14,16.8,9.4,12.1,Fes
2022-03-15,12.7,4.6,17.4,Fes
2022-03-16,13.8,5.0,6.9,Fes
2022-03-17,15.4,6.5,0.6,Fes
2022-03-18,18.0,6.6,0.0,Fes
2022-03-19,20.2,9.0,0.0,Fes
2022-03-20,22.6,9.1,2.3,Fes
2022-03-21,19.2,11.6,0.3,Fes
2022-03-22,21.4,9.1,3.4,Fes
2022-03-23,16.9,9.0,22.4,Fes
2022-03-24,11.6,5.6,18.0,Fes
2022-03-25,15.8,3.7,1.0,Fes
2022-03-26,18.9,5.7,0.6,Fes
2022-03-27,22.6,8.4,0.0,Fes
2022-03-28,26.4,10.2,0.0,Fes
2022-03-29,21.3,11.0,17.0,Fes
2022-03-30,15.0,9.3,14.4,Fes
2022-03-31,18.1,9.6,1.0,Fes
2022-04-01,17.9,10.2,0.0,Fes
2022-04-02,19.6,6.2,0.0,Fes
2022-04-03,17.0,7.8,0.3,Fes
2022-04-04,14.1,7.7,16.7,Fes
2022-04-05,17.6,7.4,2.7,Fes
2022-04-06,15.7,9.1,2.1,Fes
2022-04-07,19.9,5.7,0.0,Fes
2022-04-08,22.1,5.8,0.0,Fes
2022-04-09,23.2,7.7,0.0,Fes
2022-04-10,30.0,8.4,0.0,Fes
2022-04-11,22.3,11.3,1.0,Fes
2022-04-12,18.8,12.0,17.0,Fes
2022-04-13,18.8,10.8,5.2,Fes
2022-04-14,20.8,7.8,0.0,Fes
2022-04-15,23.0,10.2,0.0,Fes
2022-04-16,25.4,9.0,0.0,Fes
2022-04-17,29.1,9.3,0.0,Fes
2022-04-18,28.0,14.3,0.0,Fes
2022-04-19,22.0,11.5,0.1,Fes
2022-04-20,15.5,9.2,3.5,Fes
2022-04-21,19.2,8.5,0.0,Fes
2022-04-22,23.0,6.0,0.0,Fes
2022-04-23,17.7,11.8,5.4,Fes
2022-04-24,20.5,8.9,0.0,Fes
2022-04-25,24.2,9.7,0.0,Fes
2022-04-26,20.5,11.5,5.1,Fes
2022-04-27,21.7,11.0,0.4,Fes
2022-04-28,21.8,10.2,0.1,Fes
2022-04-29,22.2,9.2,0.0,Fes
2022-04-30,24.5,10.6,0.0,Fes
2022-05-01,28.1,9.2,0.0,Fes
2022-05-02,23.9,11.3,0.0,Fes
2022-05-03,18.1,10.8,20.3,Fes
2022-05-04,19.6,8.8,5.5,Fes
2022-05-05,23.3,9.1,0.0,Fes
2022-05-06,27.9,11.7,0.0,Fes
2022-05-07,28.5,12.0,0.0,Fes
2022-05-08,30.7,11.5,0.0,Fes
2022-05-09,32.1,12.6,0.0,Fes
2022-05-10,31.3,16.1,0.0,Fes
2022-05-11,34.3,15.2,0.0,Fes
2022-05-12,32.6,16.6,0.7,Fes
2022-05-13,34.8,15.0,0.0,Fes
2022-05-14,32.6,18.3,0.0,Fes
2022-05-15,28.7,16.1,0.0,Fes
2022-05-16,30.7,14.2,0.0,Fes
2022-05-17,33.5,15.5,0.0,Fes
2022-05-18,36.7,16.7,0.0,Fes
2022-05-19,41.5,16.8,0.0,Fes
2022-05-20,41.6,22.4,0.1,Fes
2022-05-21,38.0,20.2,0.3,Fes
2022-05-22,28.3,17.0,0.0,Fes
2022-05-23,33.3,14.3,0.0,Fes
2022-05-24,27.7,15.7,0.0,Fes
2022-05-25,28.2,13.1,0.0,Fes
2022-05-26,32.1,15.5,0.0,Fes
2022-05-27,37.2,16.0,0.0,Fes
2022-05-28,36.5,20.9,0.1,Fes
2022-05-29,28.6,16.2,0.0,Fes
2022-05-30,30.4,16.8,0.0,Fes
2022-05-31,34.6,16.7,0.0,Fes
2022-06-01,31.9,18.1,0.0,Fes
2022-06-02,26.5,17.2,0.0,Fes
2022-06-03,29.4,15.6,0.0,Fes
2022-06-04,29.3,15.6,0.0,Fes
2022-06-05,32.1,16.1,0.0,Fes
2022-06-06,34.2,16.7,0.0,Fes
2022-06-07,35.7,18.6,0.0,Fes
2022-06-08,33.7,17.6,0.0,Fes
2022-06-09,37.2,17.4,0.0,Fes
2022-06-10,40.3,20.6,0.0,Fes
2022-06-11,41.7,23.3,0.0,Fes
2022-06-12,42.5,26.3,0.0,Fes
2022-06-13,42.4,26.0,0.0,Fes
2022-06-14,41.5,24.2,0.1,Fes
2022-06-15,41.2,25.0,0.0,Fes
2022-06-16,37.8,20.9,0.0,Fes
2022-06-17,40.7,19.4,0.2,Fes
2022-06-18,36.6,19.0,0.0,Fes
2022-06-19,34.0,18.8,0.0,Fes
2022-06-20,31.6,17.5,0.0,Fes
2022-06-21,28.0,17.4,0.4,Fes
2022-06-22,29.4,16.4,0.0,Fes
2022-06-23,30.1,14.7,0.0,Fes
2022-06-24,29.1,15.9,0.0,Fes
2022-06-25,30.2,15.5,0.0,Fes
2022-06-26,29.7,15.6,0.0,Fes
2022-06-27,28.5,14.6,0.0,Fes
2022-06-28,32.8,15.2,0.0,Fes
2022-06-29,32.0,17.7,0.0,Fes
2022-06-30,31.7,16.0,0.0,Fes
2022-07-01,37.3,16.0,0.0,Fes
2022-07-02,35.9,18.5,0.0,Fes
2022-07-03,33.4,18.0,0.0,Fes
2022-07-04,34.8,18.9,0.0,Fes
2022-07-05,33.8,18.7,0.0,Fes
2022-07-06,37.3,18.3,0.0,Fes
2022-07-07,41.5,20.4,0.0,Fes
2022-07-08,41.9,22.4,0.0,Fes
2022-07-09,40.8,23.5,0.0,Fes
2022-07-10,41.0,22.4,0.0,Fes
2022-07-11,42.5,21.8,0.0,Fes
2022-07-12,43.4,24.2,0.0,Fes
2022-07-13,42.9,26.8,0.0,Fes
2022-07-14,41.2,24.3,0.0,Fes
2022-07-15,41.6,23.9,0.0,Fes
2022-07-16,41.6,24.9,0.0,Fes
2022-07-17,43.0,23.6,0.0,Fes
2022-07-18,39.8,21.9,0.0,Fes
2022-07-19,38.8,21.1,0.0,Fes
2022-07-20,41.7,21.8,0.0,Fes
2022-07-21,42.3,23.9,0.0,Fes
2022-07-22,43.0,25.7,1.5,Fes
2022-07-23,43.1,24.8,0.0,Fes
2022-07-24,44.0,25.5,0.0,Fes
2022-07-25,44.0,27.0,0.0,Fes
2022-07-26,40.3,26.2,0.0,Fes
2022-07-27,36.3,21.3,0.0,Fes
2022-07-28,36.7,18.7,0.0,Fes
2022-07-29,38.2,20.6,0.0,Fes
2022-07-30,42.5,22.8,0.0,Fes
2022-07-31,45.2,26.0,0.0,Fes
2022-08-01,43.3,28.8,0.0,Fes
2022-08-02,43.7,25.1,0.0,Fes
2022-08-03,41.0,24.1,0.0,Fes
2022-08-04,38.3,20.9,0.0,Fes
2022-08-05,37.5,20.4,0.0,Fes
2022-08-06,37.6,20.7,0.0,Fes
2022-08-07,34.5,19.1,0.0,Fes
2022-08-08,33.7,18.3,0.0,Fes
2022-08-09,34.0,18.9,0.0,Fes
2022-08-10,34.7,19.8,0.0,Fes
2022-08-11,38.1,20.0,0.0,Fes
2022-08-12,43.8,22.9,0.0,Fes
2022-08-13,44.5,28.7,0.0,Fes
2022-08-14,36.4,22.1,0.0,Fes
2022-08-15,33.1,20.0,0.0,Fes
2022-08-16,31.8,18.4,0.1,Fes
2022-08-17,31.5,16.5,0.0,Fes
2022-08-18,35.8,15.2,0.0,Fes
2022-08-19,41.8,18.4,0.0,Fes
2022-08-20,41.9,23.1,0.0,Fes
2022-08-21,41.9,22.8,0.0,Fes
2022-08-22,39.5,21.9,0.0,Fes
2022-08-23,38.2,20.6,0.0,Fes
2022-08-24,34.3,21.6,0.0,Fes
2022-08-25,35.8,19.3,0.0,Fes
2022-08-26,36.1,19.8,0.0,Fes
2022-08-27,33.3,19.7,0.0,Fes
2022-08-28,37.6,19.5,0.0,Fes
2022-08-29,37.2,19.3,0.2,Fes
2022-08-30,34.9,23.4,0.2,Fes
2022-08-31,37.5,24.4,0.0,Fes
2022-09-01,36.4,21.7,0.0,Fes
2022-09-02,32.9,22.1,0.0,Fes
2022-09-03,30.8,20.4,0.0,Fes
2022-09-04,31.0,17.5,0.0,Fes
2022-09-05,32.2,16.7,0.0,Fes
2022-09-06,32.0,18.4,0.0,Fes
2022-09-07,31.9,17.6,0.0,Fes
2022-09-08,33.4,17.6,0.0,Fes
2022-09-09,35.6,17.8,0.0,Fes
2022-09-10,38.5,19.4,0.0,Fes
2022-09-11,40.8,22.2,0.0,Fes
2022-09-12,37.2,24.6,0.5,Fes
2022-09-13,29.6,21.9,0.0,Fes
2022-09-14,30.1,19.2,0.0,Fes
2022-09-15,29.1,17.2,0.0,Fes
2022-09-16,29.3,17.5,0.0,Fes
2022-09-17,32.7,17.1,0.0,Fes
2022-09-18,34.1,16.9,0.0,Fes
2022-09-19,30.4,18.7,0.0,Fes
2022-09-20,31.1,19.3,0.0,Fes
2022-09-21,30.5,18.8,17.4,Fes
2022-09-22,28.9,17.9,0.2,Fes
2022-09-23,32.9,17.6,0.0,Fes
2022-09-24,30.6,19.5,0.0,Fes
2022-09-25,25.5,17.3,7.0,Fes
2022-09-26,22.2,16.9,0.6,Fes
2022-09-27,25.8,14.9,0.0,Fes
2022-09-28,25.4,12.4,0.0,Fes
2022-09-29,25.3,15.0,0.0,Fes
2022-09-30,22.5,14.8,1.9,Fes
2022-10-01,25.7,12.2,0.0,Fes
2022-10-02,29.1,15.9,0.0,Fes
2022-10-03,32.6,16.4,0.0,Fes
2022-10-04,31.3,15.6,0.0,Fes
2022-10-05,31.5,15.5,0.0,Fes
2022-10-06,30.4,16.5,0.0,Fes
2022-10-07,32.1,15.9,0.0,Fes
2022-10-08,32.2,17.5,0.0,Fes
2022-10-09,30.0,16.9,0.0,Fes
2022-10-10,26.7,17.0,0.1,Fes
2022-10-11,24.6,16.4,25.0,Fes
2022-10-12,24.2,15.2,9.5,Fes
2022-10-13,25.7,17.5,0.0,Fes
2022-10-14,30.4,16.0,0.0,Fes
2022-10-15,31.1,18.5,0.0,Fes
2022-10-16,33.8,18.9,0.1,Fes
2022-10-17,35.1,17.8,0.1,Fes
2022-10-18,35.4,19.7,0.0,Fes
2022-10-19,33.5,17.2,0.0,Fes
2022-10-20,31.8,16.3,0.0,Fes
2022-10-21,32.5,16.0,0.0,Fes
2022-10-22,34.9,16.6,0.0,Fes
2022-10-23,31.6,15.6,0.0,Fes
2022-10-24,33.2,15.2,0.0,Fes
2022-10-25,34.9,15.6,0.0,Fes
2022-10-26,33.1,19.3,0.0,Fes
2022-10-27,33.4,16.2,0.0,Fes
2022-10-28,32.9,16.5,0.0,Fes
2022-10-29,31.9,14.1,0.0,Fes
2022-10-30,32.6,17.8,0.0,Fes
2022-10-31,32.0,14.8,0.0,Fes
2022-11-01,28.6,18.8,0.0,Fes
2022-11-02,30.1,14.9,0.0,Fes
2022-11-03,25.4,13.9,0.0,Fes
2022-11-04,25.4,13.2,0.0,Fes
2022-11-05,26.4,14.5,0.0,Fes
2022-11-06,26.2,12.9,0.0,Fes
2022-11-07,29.3,12.4,0.0,Fes
2022-11-08,27.8,13.1,0.0,Fes
2022-11-09,23.5,11.8,0.0,Fes
2022-11-10,25.0,12.5,0.0,Fes
2022-11-11,26.3,11.2,0.0,Fes
2022-11-12,29.7,12.2,0.0,Fes
2022-11-13,27.9,13.7,0.0,Fes
2022-11-14,27.9,13.9,0.0,Fes
2022-11-15,25.1,13.7,0.0,Fes
2022-11-16,25.6,13.5,0.0,Fes
2022-11-17,25.4,13.0,0.6,Fes
2022-11-18,21.9,10.8,6.9,Fes
2022-11-19,16.4,10.0,0.2,Fes
2022-11-20,18.6,9.6,0.0,Fes
2022-11-21,19.5,7.1,0.0,Fes
2022-11-22,20.0,13.2,1.2,Fes
2022-11-23,22.0,9.0,0.0,Fes
2022-11-24,23.7,9.7,0.0,Fes
2022-11-25,21.1,10.3,0.0,Fes
2022-11-26,25.0,9.1,0.0,Fes
2022-11-27,25.1,6.8,0.0,Fes
2022-11-28,19.2,8.2,0.0,Fes
2022-11-29,19.7,7.5,0.0,Fes
2022-11-30,20.4,7.1,0.0,Fes
2022-12-01,12.9,7.1,11.3,Fes
2022-12-02,16.2,8.8,10.9,Fes
2022-12-03,17.5,7.4,0.6,Fes
2022-12-04,19.9,8.8,0.0,Fes
2022-12-05,19.7,8.7,1.8,Fes
2022-12-06,17.5,11.8,1.4,Fes
2022-12-07,20.6,10.1,0.0,Fes
2022-12-08,19.3,11.1,0.6,Fes
2022-12-09,20.6,13.0,19.8,Fes
2022-12-10,17.3,14.0,4.0,Fes
2022-12-11,20.8,12.6,12.3,Fes
2022-12-12,21.6,13.8,16.1,Fes
2022-12-13,21.6,13.6,1.5,Fes
2022-12-14,22.5,14.3,38.8,Fes
2022-12-15,14.4,10.8,25.3,Fes
2022-12-16,18.0,10.7,3.4,Fes
2022-12-17,17.0,8.8,0.2,Fes
2022-12-18,18.8,6.1,0.0,Fes
2022-12-19,20.8,5.4,0.0,Fes
2022-12-20,20.4,6.2,0.0,Fes
2022-12-21,20.2,9.1,0.0,Fes
2022-12-22,18.9,8.8,0.0,Fes
2022-12-23,21.1,8.3,0.0,Fes
2022-12-24,21.1,7.3,0.0,Fes
2022-12-25,21.4,7.8,0.0,Fes
2022-12-26,20.3,7.7,0.0,Fes
2022-12-27,20.2,3.6,0.0,Fes
2022-12-28,19.7,6.5,0.0,Fes
2022-12-29,17.7,4.5,0.0,Fes
2022-12-30,20.0,3.2,0.0,Fes
2022-12-31,19.4,3.6,0.0,Fes
2023-01-01,19.5,8.7,0.0,Fes
2023-01-02,19.7,6.0,0.0,Fes
2023-01-03,18.5,6.7,0.0,Fes
2023-01-04,18.0,5.0,0.0,Fes
2023-01-05,18.1,4.1,0.0,Fes
2023-01-06,18.5,4.3,0.0,Fes
2023-01-07,17.9,4.7,0.0,Fes
2023-01-08,18.5,5.0,0.0,Fes
2023-01-09,16.9,11.3,1.2,Fes
2023-01-10,18.4,8.4,0.0,Fes
2023-01-11,17.4,9.6,0.3,Fes
2023-01-12,17.1,7.3,0.0,Fes
2023-01-13,18.3,6.3,0.0,Fes
2023-01-14,18.3,4.8,0.0,Fes
2023-01-15,16.2,5.5,0.0,Fes
2023-01-16,14.1,7.0,0.0,Fes
2023-01-17,17.0,8.8,0.0,Fes
2023-01-18,12.7,6.5,13.2,Fes
2023-01-19,12.9,5.1,0.0,Fes
2023-01-20,14.4,5.0,0.0,Fes
2023-01-21,15.2,9.5,2.4,Fes
2023-01-22,15.2,8.4,0.8,Fes
2023-01-23,14.5,4.9,0.0,Fes
2023-01-24,11.5,1.3,0.0,Fes
2023-01-25,11.3,-0.3,0.1,Fes
2023-01-26,12.6,-1.2,0.0,Fes
2023-01-27,10.8,4.8,16.3,Fes
2023-01-28,10.0,1.6,2.5,Fes
2023-01-29,13.0,-0.6,0.0,Fes
2023-01-30,14.2,-1.0,3.7,Fes
2023-01-31,14.9,0.5,0.0,Fes
2023-02-01,14.7,0.3,0.0,Fes
2023-02-02,14.3,0.7,0.0,Fes
2023-02-03,14.7,2.4,0.0,Fes
2023-02-04,15.7,5.1,0.0,Fes
2023-02-05,17.5,1.0,0.0,Fes
2023-02-06,17.0,0.8,0.0,Fes
2023-02-07,15.8,2.9,0.0,Fes
2023-02-08,16.5,3.1,0.5,Fes
2023-02-09,18.0,2.8,0.0,Fes
2023-02-10,15.0,8.3,0.0,Fes
2023-02-11,17.9,4.7,0.0,Fes
2023-02-12,19.9,4.9,0.0,Fes
2023-02-13,18.8,5.8,0.0,Fes
2023-02-14,16.0,9.9,1.3,Fes
2023-02-15,19.2,10.4,0.1,Fes
2023-02-16,19.7,10.1,0.3,Fes
2023-02-17,19.6,12.4,0.8,Fes
2023-02-18,23.5,9.6,0.2,Fes
2023-02-19,23.3,8.7,0.0,Fes
2023-02-20,24.8,9.1,1.5,Fes
2023-02-21,24.2,10.5,1.9,Fes
2023-02-22,21.8,10.2,0.0,Fes
2023-02-23,17.8,8.1,2.1,Fes
2023-02-24,13.0,6.7,6.5,Fes
2023-02-25,11.6,5.7,8.0,Fes
2023-02-26,10.1,7.8,31.1,Fes
2023-02-27,14.3,7.6,1.8,Fes
2023-02-28,14.4,9.1,14.1,Fes
2023-03-01,15.3,7.0,1.6,Fes
2023-03-02,11.7,10.0,4.8,Fes
2023-03-03,17.2,8.4,0.5,Fes
2023-03-04,17.9,7.9,0.4,Fes
2023-03-05,19.1,7.6,0.0,Fes
2023-03-06,19.3,8.0,0.0,Fes
2023-03-07,21.1,10.7,0.0,Fes
2023-03-08,22.9,8.9,0.0,Fes
2023-03-09,20.2,10.4,0.0,Fes
2023-03-10,23.0,9.3,0.0,Fes
2023-03-11,22.1,9.0,0.0,Fes
2023-03-12,26.0,9.0,0.0,Fes
2023-03-13,22.8,10.9,0.0,Fes
2023-03-14,21.9,11.0,0.0,Fes
2023-03-15,26.3,8.2,0.0,Fes
2023-03-16,25.9,9.9,0.0,Fes
2023-03-17,20.6,12.3,0.3,Fes
2023-03-18,18.7,11.4,0.3,Fes
2023-03-19,19.5,7.8,0.0,Fes
2023-03-20,20.6,7.5,0.0,Fes
2023-03-21,24.2,6.6,0.0,Fes
2023-03-22,25.4,8.6,0.0,Fes
2023-03-23,27.0,9.6,0.0,Fes
2023-03-24,24.5,11.3,0.0,Fes
2023-03-25,27.6,10.8,0.0,Fes
2023-03-26,27.5,12.6,0.0,Fes
2023-03-27,28.3,11.5,0.0,Fes
2023-03-28,29.2,11.8,0.0,Fes
2023-03-29,32.2,10.9,0.0,Fes
2023-03-30,28.6,12.2,0.0,Fes
2023-03-31,28.3,12.2,0.0,Fes
2023-04-01,24.3,10.9,0.0,Fes
2023-04-02,24.0,11.2,0.0,Fes
2023-04-03,25.9,10.4,0.0,Fes
2023-04-04,22.2,8.9,0.2,Fes
2023-04-05,24.8,12.3,0.0,Fes
2023-04-06,24.9,11.9,0.0,Fes
2023-04-07,27.2,11.0,0.0,Fes
2023-04-08,29.3,9.4,0.0,Fes
2023-04-09,28.9,13.4,0.0,Fes
2023-04-10,29.6,12.4,0.0,Fes
2023-04-11,29.1,12.0,0.0,Fes
2023-04-12,25.8,11.3,0.0,Fes
2023-04-13,23.2,10.6,0.0,Fes
2023-04-14,26.0,8.2,0.0,Fes
2023-04-15,27.7,9.7,0.0,Fes
2023-04-16,31.2,12.6,0.0,Fes
2023-04-17,31.5,13.5,0.0,Fes
2023-04-18,32.8,13.8,0.0,Fes
2023-04-19,27.7,15.0,1.6,Fes
2023-04-20,27.8,15.1,11.2,Fes
2023-04-21,24.6,13.8,0.4,Fes
2023-04-22,25.7,12.2,0.0,Fes
2023-04-23,28.3,13.1,0.0,Fes
2023-04-24,30.5,13.1,0.0,Fes
2023-04-25,34.6,13.6,0.0,Fes
2023-04-26,36.7,16.7,0.0,Fes
2023-04-27,38.9,19.8,0.0,Fes
2023-04-28,38.5,20.6,0.0,Fes
2023-04-29,31.1,18.1,0.0,Fes
2023-04-30,28.4,15.6,0.0,Fes
2023-05-01,31.5,13.2,0.0,Fes
2023-05-02,35.7,16.5,0.0,Fes
2023-05-03,33.5,18.3,0.0,Fes
2023-05-04,29.3,15.4,0.1,Fes
2023-05-05,29.0,15.4,0.0,Fes
2023-05-06,26.8,14.5,0.0,Fes
2023-05-07,29.2,12.9,0.0,Fes
2023-05-08,34.1,14.9,0.0,Fes
2023-05-09,33.9,18.5,0.0,Fes
2023-05-10,31.8,15.7,0.0,Fes
2023-05-11,30.7,16.0,0.0,Fes
2023-05-12,29.4,14.7,0.0,Fes
2023-05-13,26.4,13.7,0.0,Fes
2023-05-14,26.9,13.3,0.0,Fes
2023-05-15,27.9,11.6,0.0,Fes
2023-05-16,29.4,13.6,0.0,Fes
2023-05-17,20.0,14.2,20.3,Fes
2023-05-18,19.9,11.7,20.3,Fes
2023-05-19,21.8,11.9,6.0,Fes
2023-05-20,24.9,9.1,0.0,Fes
2023-05-21,16.9,11.5,16.7,Fes
2023-05-22,19.8,9.4,10.7,Fes
2023-05-23,20.4,10.4,7.3,Fes
2023-05-24,23.0,10.7,2.5,Fes
2023-05-25,26.2,12.1,0.0,Fes
2023-05-26,27.1,14.5,0.5,Fes
2023-05-27,21.3,16.0,9.8,Fes
2023-05-28,22.5,14.5,4.5,Fes
2023-05-29,23.9,10.6,0.0,Fes
2023-05-30,23.5,12.7,0.9,Fes
2023-05-31,26.6,12.1,0.0,Fes
2023-06-01,25.4,14.3,3.2,Fes
2023-06-02,24.6,14.1,21.0,Fes
2023-06-03,27.0,14.5,0.2,Fes
2023-06-04,27.4,16.1,1.1,Fes
2023-06-05,29.4,15.2,0.0,Fes
2023-06-06,33.6,19.4,0.5,Fes
2023-06-07,29.7,20.4,0.4,Fes
2023-06-08,29.0,17.9,9.4,Fes
2023-06-09,27.8,16.5,1.5,Fes
2023-06-10,27.7,16.0,0.0,Fes
2023-06-11,29.0,16.0,2.3,Fes
2023-06-12,28.5,15.9,0.0,Fes
2023-06-13,25.7,14.8,0.0,Fes
2023-06-14,30.0,13.2,0.0,Fes
2023-06-15,36.6,16.6,0.0,Fes
2023-06-16,39.4,20.2,0.0,Fes
2023-06-17,37.5,20.3,0.0,Fes
2023-06-18,31.8,19.8,0.0,Fes
2023-06-19,30.6,17.7,0.0,Fes
2023-06-20,32.3,17.4,0.0,Fes
2023-06-21,31.0,18.2,0.0,Fes
2023-06-22,36.2,17.9,0.0,Fes
2023-06-23,40.4,19.5,0.0,Fes
2023-06-24,43.3,21.9,0.0,Fes
2023-06-25,42.9,24.3,0.0,Fes
2023-06-26,41.5,25.4,0.0,Fes
2023-06-27,43.4,23.7,0.0,Fes
2023-06-28,38.9,24.5,0.0,Fes
2023-06-29,37.3,21.1,0.0,Fes
2023-06-30,36.0,20.6,0.0,Fes
2023-07-01,37.4,19.4,0.0,Fes
2023-07-02,38.7,20.3,0.0,Fes
2023-07-03,37.9,20.7,0.0,Fes
2023-07-04,36.4,19.0,0.0,Fes
2023-07-05,37.3,20.6,0.0,Fes
2023-07-06,37.3,20.1,0.0,Fes
2023-07-07,33.8,19.9,0.0,Fes
2023-07-08,33.5,18.6,0.0,Fes
2023-07-09,38.9,19.1,0.0,Fes
2023-07-10,45.7,21.5,0.0,Fes
2023-07-11,44.4,24.4,0.0,Fes
2023-07-12,41.4,23.8,0.0,Fes
2023-07-13,40.7,22.6,0.0,Fes
2023-07-14,38.9,22.5,0.0,Fes
2023-07-15,34.7,20.3,0.0,Fes
2023-07-16,39.7,19.9,0.0,Fes
2023-07-17,45.7,19.8,0.0,Fes
2023-07-18,42.7,22.1,0.0,Fes
2023-07-19,42.9,25.4,0.0,Fes
2023-07-20,37.5,23.1,0.0,Fes
2023-07-21,35.8,20.5,0.0,Fes
2023-07-22,35.4,20.1,0.0,Fes
2023-07-23,39.5,20.3,0.0,Fes
2023-07-24,34.2,21.2,0.0,Fes
2023-07-25,34.4,18.7,0.0,Fes
2023-07-26,34.1,18.9,0.0,Fes
2023-07-27,31.8,18.5,0.0,Fes
2023-07-28,34.8,18.4,0.0,Fes
2023-07-29,37.6,19.8,0.0,Fes
2023-07-30,38.9,21.0,0.0,Fes
2023-07-31,38.2,21.2,0.0,Fes
2023-08-01,36.9,18.4,0.0,Fes
2023-08-02,35.9,18.3,0.0,Fes
2023-08-03,34.0,18.4,0.0,Fes
2023-08-04,37.6,18.5,0.0,Fes
2023-08-05,40.5,23.5,0.0,Fes
2023-08-06,46.3,23.1,0.0,Fes
2023-08-07,45.4,23.9,0.0,Fes
2023-08-08,45.8,25.6,0.0,Fes
2023-08-09,44.8,24.2,0.0,Fes
2023-08-10,44.3,24.6,0.0,Fes
2023-08-11,44.0,26.1,0.0,Fes
2023-08-12,43.9,26.8,0.0,Fes
2023-08-13,42.1,27.7,0.0,Fes
2023-08-14,40.8,22.8,0.0,Fes
2023-08-15,40.3,23.4,0.0,Fes
2023-08-16,37.5,21.1,0.0,Fes
2023-08-17,38.0,19.9,0.0,Fes
2023-08-18,39.6,20.9,0.0,Fes
2023-08-19,41.6,24.6,0.0,Fes
2023-08-20,43.0,25.8,0.0,Fes
2023-08-21,40.1,24.9,0.0,Fes
2023-08-22,42.2,24.6,0.0,Fes
2023-08-23,42.8,25.6,0.0,Fes
2023-08-24,43.0,25.6,0.0,Fes
2023-08-25,42.8,24.8,0.0,Fes
2023-08-26,40.0,24.9,0.0,Fes
2023-08-27,31.5,21.1,0.0,Fes
2023-08-28,34.4,14.8,0.0,Fes
2023-08-29,35.3,17.9,0.0,Fes
2023-08-30,32.5,18.7,0.0,Fes
2023-08-31,35.0,16.8,0.0,Fes
2023-09-01,32.8,19.1,0.7,Fes
2023-09-02,24.4,18.1,15.0,Fes
2023-09-03,24.2,17.6,5.7,Fes
2023-09-04,29.4,17.4,0.0,Fes
2023-09-05,29.3,17.0,0.0,Fes
2023-09-06,34.3,17.8,0.0,Fes
2023-09-07,34.1,20.6,0.0,Fes
2023-09-08,34.4,18.5,0.0,Fes
2023-09-09,32.1,18.5,0.0,Fes
2023-09-10,31.0,19.5,0.0,Fes
2023-09-11,30.8,18.4,0.0,Fes
2023-09-12,29.7,17.5,0.0,Fes
2023-09-13,31.0,17.6,0.0,Fes
2023-09-14,33.2,17.9,1.0,Fes
2023-09-15,30.1,18.2,0.7,Fes
2023-09-16,31.7,17.8,0.0,Fes
2023-09-17,29.3,18.1,0.0,Fes
2023-09-18,29.6,17.7,0.0,Fes
2023-09-19,29.4,16.5,0.4,Fes
2023-09-20,28.8,15.1,0.0,Fes
2023-09-21,28.0,14.8,0.0,Fes
2023-09-22,28.2,13.7,0.0,Fes
2023-09-23,32.2,15.8,0.0,Fes
2023-09-24,34.9,17.6,0.0,Fes
2023-09-25,35.1,17.3,0.0,Fes
2023-09-26,33.2,17.8,0.0,Fes
2023-09-27,34.1,17.3,0.0,Fes
2023-09-28,35.0,18.8,0.0,Fes
2023-09-29,35.7,17.5,0.0,Fes
2023-09-30,35.0,18.1,0.0,Fes
2023-10-01,36.6,17.2,0.0,Fes
2023-10-02,37.0,19.0,0.0,Fes
2023-10-03,35.6,19.7,0.0,Fes
2023-10-04,33.8,18.3,0.0,Fes
2023-10-05,35.9,17.8,0.0,Fes
2023-10-06,36.3,19.0,0.0,Fes
2023-10-07,35.5,17.7,0.0,Fes
2023-10-08,34.3,18.7,0.0,Fes
2023-10-09,33.8,18.0,0.0,Fes
2023-10-10,34.0,16.3,0.0,Fes
2023-10-11,32.7,18.1,0.0,Fes
2023-10-12,33.7,17.0,0.0,Fes
2023-10-13,32.5,16.6,0.0,Fes
2023-10-14,28.5,16.6,0.5,Fes
2023-10-15,29.6,15.7,0.0,Fes
2023-10-16,31.8,17.2,0.0,Fes
2023-10-17,32.5,18.2,0.0,Fes
2023-10-18,30.2,18.4,0.1,Fes
2023-10-19,31.1,16.6,0.0,Fes
2023-10-20,22.5,14.5,30.5,Fes
2023-10-21,22.9,12.5,0.0,Fes
2023-10-22,28.0,13.4,0.4,Fes
2023-10-23,22.5,14.6,4.7,Fes
2023-10-24,21.2,11.5,0.0,Fes
2023-10-25,23.8,10.0,0.0,Fes
2023-10-26,24.3,11.7,0.0,Fes
2023-10-27,22.0,14.6,3.7,Fes
2023-10-28,21.5,15.1,1.2,Fes
2023-10-29,24.3,12.1,1.3,Fes
2023-10-30,21.9,14.8,14.6,Fes
2023-10-31,25.2,14.8,0.0,Fes
2023-11-01,23.8,14.7,0.2,Fes
2023-11-02,22.4,13.4,0.0,Fes
2023-11-03,18.4,14.7,5.0,Fes
2023-11-04,21.0,11.1,0.0,Fes
2023-11-05,20.6,10.3,0.0,Fes
2023-11-06,18.1,10.6,0.0,Fes
2023-11-07,18.1,7.5,0.0,Fes
2023-11-08,19.5,5.6,0.0,Fes
2023-11-09,22.0,7.6,0.0,Fes
2023-11-10,22.0,11.3,0.0,Fes
2023-11-11,24.1,12.0,0.0,Fes
2023-11-12,25.2,13.1,0.0,Fes
2023-11-13,28.0,11.4,0.0,Fes
2023-11-14,28.9,12.2,0.0,Fes
2023-11-15,28.0,12.2,0.0,Fes
2023-11-16,26.6,11.3,0.0,Fes
2023-11-17,26.9,14.0,0.0,Fes
2023-11-18,26.7,11.9,0.0,Fes
2023-11-19,26.7,10.5,0.0,Fes
2023-11-20,23.6,10.5,0.0,Fes
2023-11-21,20.3,10.8,0.1,Fes
2023-11-22,18.1,8.7,2.9,Fes
2023-11-23,18.4,6.8,0.0,Fes
2023-11-24,19.8,4.2,0.0,Fes
2023-11-25,18.8,4.9,0.0,Fes
2023-11-26,19.7,4.9,0.0,Fes
2023-11-27,19.0,5.3,0.0,Fes
2023-11-28,20.5,6.7,0.0,Fes
2023-11-29,20.3,6.3,0.0,Fes
2023-11-30,22.5,6.9,0.0,Fes
2023-12-01,23.1,10.4,6.4,Fes
2023-12-02,16.1,7.2,0.1,Fes
2023-12-03,17.4,4.6,0.0,Fes
2023-12-04,20.1,6.9,0.0,Fes
2023-12-05,20.5,7.5,1.3,Fes
2023-12-06,18.5,12.3,12.1,Fes
2023-12-07,20.3,9.0,0.0,Fes
2023-12-08,20.0,10.7,0.0,Fes
2023-12-09,20.5,12.7,0.0,Fes
2023-12-10,24.2,12.2,0.0,Fes
2023-12-11,26.0,13.9,0.0,Fes
2023-12-12,24.1,10.3,0.0,Fes
2023-12-13,19.5,11.3,2.9,Fes
2023-12-14,15.5,7.0,0.0,Fes
2023-12-15,17.9,4.2,0.0,Fes
2023-12-16,18.0,6.6,0.0,Fes
2023-12-17,17.2,5.8,0.0,Fes
2023-12-18,16.2,5.6,0.0,Fes
2023-12-19,16.9,3.9,0.0,Fes
2023-12-20,16.2,5.1,0.0,Fes
2023-12-21,17.8,7.3,0.0,Fes
2023-12-22,18.8,4.9,0.0,Fes
2023-12-23,19.1,3.8,0.0,Fes
2023-12-24,19.9,3.2,0.0,Fes
2023-12-25,18.6,4.0,0.0,Fes
2023-12-26,16.4,2.8,0.0,Fes
2023-12-27,17.3,2.4,0.0,Fes
2023-12-28,20.8,3.2,0.0,Fes
2023-12-29,20.7,5.0,0.0,Fes
2023-12-30,20.2,9.5,0.0,Fes
2023-12-31,20.9,3.6,0.0,Fes
2024-01-01,19.9,8.0,0.1,Fes
2024-01-02,22.1,6.0,0.0,Fes
2024-01-03,24.1,6.6,0.0,Fes
2024-01-04,20.9,8.5,0.0,Fes
2024-01-05,13.2,8.6,30.2,Fes
2024-01-06,14.4,6.1,0.0,Fes
2024-01-07,15.5,4.7,0.0,Fes
2024-01-08,18.0,2.5,0.0,Fes
2024-01-09,20.2,6.5,0.0,Fes
2024-01-10,17.8,9.6,15.5,Fes
2024-01-11,17.8,7.3,0.0,Fes
2024-01-12,21.0,4.6,0.0,Fes
2024-01-13,22.4,6.2,0.0,Fes
2024-01-14,23.0,8.3,0.0,Fes
2024-01-15,23.3,7.4,0.0,Fes
2024-01-16,22.6,8.1,1.2,Fes
2024-01-17,20.3,9.6,2.7,Fes
2024-01-18,21.6,9.9,0.0,Fes
2024-01-19,16.5,11.4,8.1,Fes
2024-01-20,16.7,10.2,0.6,Fes
2024-01-21,16.3,4.2,0.0,Fes
2024-01-22,18.2,6.2,0.0,Fes
2024-01-23,22.2,5.6,0.0,Fes
2024-01-24,23.3,7.5,0.0,Fes
2024-01-25,24.7,8.1,0.0,Fes
2024-01-26,24.6,9.9,0.0,Fes
2024-01-27,24.4,8.1,0.0,Fes
2024-01-28,23.4,10.1,0.0,Fes
2024-01-29,23.3,8.8,0.0,Fes
2024-01-30,22.5,8.1,0.0,Fes
2024-01-31,21.1,7.2,0.0,Fes
2024-02-01,21.7,7.0,0.0,Fes
2024-02-02,22.1,5.2,0.0,Fes
2024-02-03,20.9,6.1,0.0,Fes
2024-02-04,22.4,5.2,0.0,Fes
2024-02-05,21.6,8.4,0.0,Fes
2024-02-06,20.7,6.3,0.0,Fes
2024-02-07,22.0,5.6,0.0,Fes
2024-02-08,23.0,5.0,0.0,Fes
2024-02-09,15.6,9.8,42.1,Fes
2024-02-10,16.8,11.1,19.1,Fes
2024-02-11,20.7,11.5,0.5,Fes
2024-02-12,21.1,12.4,0.0,Fes
2024-02-13,23.9,9.7,0.0,Fes
2024-02-14,25.7,11.5,0.0,Fes
2024-02-15,22.5,11.0,4.9,Fes
2024-02-16,17.7,11.1,1.2,Fes
2024-02-17,18.4,8.4,0.0,Fes
2024-02-18,18.0,8.1,0.0,Fes
2024-02-19,22.5,8.3,0.0,Fes
2024-02-20,23.3,8.9,0.0,Fes
2024-02-21,24.1,5.7,0.0,Fes
2024-02-22,20.6,8.2,0.0,Fes
2024-02-23,13.9,10.5,5.3,Fes
2024-02-24,14.1,8.3,9.7,Fes
2024-02-25,17.6,6.6,0.0,Fes
2024-02-26,17.1,8.4,7.3,Fes
2024-02-27,12.7,6.7,4.4,Fes
2024-02-28,14.7,5.6,0.0,Fes
2024-02-29,16.6,3.2,0.0,Fes
2024-03-01,16.7,8.2,0.0,Fes
2024-03-02,16.8,4.8,0.0,Fes
2024-03-03,14.8,9.2,3.1,Fes
2024-03-04,18.0,7.6,0.0,Fes
2024-03-05,18.0,6.1,0.0,Fes
2024-03-06,21.8,7.4,0.0,Fes
2024-03-07,20.9,8.4,2.4,Fes
2024-03-08,16.2,8.1,1.5,Fes
2024-03-09,18.6,7.0,14.9,Fes
2024-03-10,14.9,9.7,11.3,Fes
2024-03-11,17.8,7.1,0.3,Fes
2024-03-12,22.0,6.3,0.0,Fes
2024-03-13,20.8,8.9,9.2,Fes
2024-03-14,21.2,10.5,0.3,Fes
2024-03-15,22.5,8.4,0.0,Fes
2024-03-16,26.3,10.4,0.0,Fes
2024-03-17,29.8,10.0,0.0,Fes
2024-03-18,30.2,12.2,0.0,Fes
2024-03-19,29.9,14.1,0.1,Fes
2024-03-20,19.9,11.3,0.8,Fes
2024-03-21,24.4,13.1,0.1,Fes
2024-03-22,27.3,11.8,0.0,Fes
2024-03-23,31.5,14.1,0.4,Fes
2024-03-24,29.1,13.0,2.3,Fes
2024-03-25,20.6,10.1,4.1,Fes
2024-03-26,11.7,7.7,20.8,Fes
2024-03-27,18.6,9.4,0.0,Fes
2024-03-28,21.8,6.8,0.0,Fes
2024-03-29,18.5,7.9,7.9,Fes
2024-03-30,16.8,9.3,25.4,Fes
2024-03-31,21.4,10.7,9.1,Fes
2024-04-01,17.0,10.6,10.8,Fes
2024-04-02,22.8,7.8,0.0,Fes
2024-04-03,23.7,9.3,0.0,Fes
2024-04-04,28.4,10.4,0.0,Fes
2024-04-05,31.9,11.3,0.0,Fes
2024-04-06,31.4,16.8,0.0,Fes
2024-04-07,24.4,13.5,0.0,Fes
2024-04-08,20.4,13.4,0.0,Fes
2024-04-09,23.3,10.5,0.0,Fes
2024-04-10,25.2,11.2,0.0,Fes
2024-04-11,28.2,10.4,0.0,Fes
2024-04-12,23.5,12.3,0.0,Fes
2024-04-13,25.2,11.3,0.0,Fes
2024-04-14,25.6,11.9,0.0,Fes
2024-04-15,29.3,11.8,0.0,Fes
2024-04-16,31.6,13.1,0.0,Fes
2024-04-17,29.9,14.8,0.0,Fes
2024-04-18,27.3,12.8,0.0,Fes
2024-04-19,27.2,13.6,0.0,Fes
2024-04-20,19.1,14.0,9.9,Fes
2024-04-21,20.7,11.4,6.4,Fes
2024-04-22,24.2,8.7,0.0,Fes
2024-04-23,26.1,10.3,0.0,Fes
2024-04-24,25.3,9.6,0.0,Fes
2024-04-25,23.2,12.3,0.0,Fes
2024-04-26,21.6,8.7,0.0,Fes
2024-04-27,22.0,10.6,0.0,Fes
2024-04-28,14.6,9.4,6.7,Fes
2024-04-29,16.2,8.5,1.1,Fes
2024-04-30,17.7,7.9,0.0,Fes
2024-05-01,21.0,7.6,0.3,Fes
2024-05-02,21.1,9.7,0.0,Fes
2024-05-03,26.4,7.4,0.0,Fes
2024-05-04,28.9,13.5,0.0,Fes
2024-05-05,28.5,11.0,0.0,Fes
2024-05-06,25.8,13.5,0.0,Fes
2024-05-07,31.4,12.1,0.0,Fes
2024-05-08,33.3,15.8,0.0,Fes
2024-05-09,34.1,14.9,0.0,Fes
2024-05-10,34.2,16.2,0.0,Fes
2024-05-11,32.5,20.4,0.0,Fes
2024-05-12,28.5,16.8,0.0,Fes
2024-05-13,28.3,15.6,0.0,Fes
2024-05-14,24.9,14.4,0.0,Fes
2024-05-15,23.0,13.4,0.0,Fes
2024-05-16,24.3,8.6,0.0,Fes
2024-05-17,24.7,10.4,0.0,Fes
2024-05-18,24.3,14.4,0.0,Fes
2024-05-19,22.0,12.1,0.0,Fes
2024-05-20,22.9,10.8,0.0,Fes
2024-05-21,24.3,10.6,0.0,Fes
2024-05-22,29.0,9.9,0.0,Fes
2024-05-23,30.3,14.7,0.0,Fes
2024-05-24,29.4,14.5,0.0,Fes
2024-05-25,33.7,14.8,0.0,Fes
2024-05-26,33.3,17.0,0.2,Fes
2024-05-27,32.6,17.0,0.0,Fes
2024-05-28,37.0,16.9,0.3,Fes
2024-05-29,40.0,19.8,0.0,Fes
2024-05-30,36.9,21.2,0.4,Fes
2024-05-31,38.7,20.5,0.0,Fes
2024-06-01,36.5,19.7,0.7,Fes
2024-06-02,35.4,18.2,0.0,Fes
2024-06-03,33.5,18.7,0.5,Fes
2024-06-04,31.0,17.3,0.0,Fes
2024-06-05,35.8,18.3,0.0,Fes
2024-06-06,36.1,18.2,0.0,Fes
2024-06-07,26.5,17.9,0.0,Fes
2024-06-08,27.2,15.8,0.5,Fes
2024-06-09,27.1,15.4,0.0,Fes
2024-06-10,27.3,15.5,1.0,Fes
2024-06-11,25.8,16.2,8.8,Fes
2024-06-12,28.9,14.3,0.0,Fes
2024-06-13,34.1,15.3,0.0,Fes
2024-06-14,33.1,17.9,0.0,Fes
2024-06-15,31.2,19.1,1.4,Fes
2024-06-16,31.7,15.0,0.0,Fes
2024-06-17,33.3,17.0,0.0,Fes
2024-06-18,28.8,16.8,0.0,Fes
2024-06-19,24.8,16.4,0.0,Fes
2024-06-20,27.3,15.0,0.0,Fes
2024-06-21,33.4,13.7,0.0,Fes
2024-06-22,37.3,16.8,0.0,Fes
2024-06-23,40.2,18.8,0.0,Fes
2024-06-24,40.0,20.4,0.0,Fes
2024-06-25,36.1,20.4,0.0,Fes
2024-06-26,26.0,19.8,0.0,Fes
2024-06-27,24.4,18.3,0.3,Fes
2024-06-28,29.8,16.5,0.0,Fes
2024-06-29,31.5,15.7,0.0,Fes
2024-06-30,29.9,16.3,0.0,Fes
2024-07-01,31.8,16.8,0.0,Fes
2024-07-02,36.3,16.4,0.0,Fes
2024-07-03,40.0,19.7,0.0,Fes
2024-07-04,41.4,20.2,0.0,Fes
2024-07-05,34.1,21.0,0.0,Fes
2024-07-06,31.7,17.8,0.0,Fes
2024-07-07,31.6,16.3,0.0,Fes
2024-07-08,32.6,16.5,0.0,Fes
2024-07-09,33.6,17.7,0.0,Fes
2024-07-10,38.9,18.5,0.0,Fes
2024-07-11,39.8,20.3,0.0,Fes
2024-07-12,39.5,20.7,0.0,Fes
2024-07-13,36.6,20.2,0.0,Fes
2024-07-14,37.6,18.5,0.0,Fes
2024-07-15,35.3,18.2,0.0,Fes
2024-07-16,35.3,18.4,0.0,Fes
2024-07-17,39.3,19.6,0.0,Fes
2024-07-18,43.5,25.1,0.0,Fes
2024-07-19,42.7,26.8,0.0,Fes
2024-07-20,39.1,26.3,0.0,Fes
2024-07-21,36.6,19.6,0.0,Fes
2024-07-22,42.6,19.6,0.0,Fes
2024-07-23,45.6,23.4,0.0,Fes
2024-07-24,45.4,27.2,0.0,Fes
2024-07-25,40.3,25.2,0.0,Fes
2024-07-26,38.0,19.5,0.0,Fes
2024-07-27,36.8,19.4,0.0,Fes
2024-07-28,39.5,20.8,0.0,Fes
2024-07-29,38.6,25.0,0.0,Fes
2024-07-30,39.5,21.2,0.0,Fes
2024-07-31,41.3,23.2,0.0,Fes
2024-08-01,39.5,23.3,0.0,Fes
2024-08-02,38.0,22.3,0.0,Fes
2024-08-03,39.0,20.0,0.0,Fes
2024-08-04,40.5,19.9,0.0,Fes
2024-08-05,39.3,21.1,0.0,Fes
2024-08-06,37.6,20.9,0.0,Fes
2024-08-07,37.8,20.3,0.0,Fes
2024-08-08,36.1,21.0,0.0,Fes
2024-08-09,39.4,20.2,0.0,Fes
2024-08-10,42.6,22.4,0.0,Fes
2024-08-11,41.7,23.5,0.0,Fes
2024-08-12,40.0,23.3,0.2,Fes
2024-08-13,34.6,20.7,0.0,Fes
2024-08-14,33.5,17.6,0.0,Fes
2024-08-15,37.8,19.0,0.0,Fes
2024-08-16,38.2,23.8,0.0,Fes
2024-08-17,41.2,24.3,0.0,Fes
2024-08-18,41.9,24.6,0.0,Fes
2024-08-19,38.2,22.5,0.0,Fes
2024-08-20,37.9,21.0,0.0,Fes
2024-08-21,37.6,24.6,0.2,Fes
2024-08-22,34.0,20.2,0.0,Fes
2024-08-23,36.3,18.8,0.1,Fes
2024-08-24,36.5,21.0,0.0,Fes
2024-08-25,38.4,21.9,0.0,Fes
2024-08-26,36.6,20.8,0.0,Fes
2024-08-27,36.4,21.3,0.0,Fes
2024-08-28,33.2,20.9,0.0,Fes
2024-08-29,32.7,20.9,0.0,Fes
2024-08-30,34.0,20.1,0.0,Fes
2024-08-31,33.8,22.1,0.0,Fes
2024-09-01,33.9,21.0,0.0,Fes
2024-09-02,35.1,19.3,0.0,Fes
2024-09-03,34.3,19.0,0.0,Fes
2024-09-04,34.4,19.6,0.0,Fes
2024-09-05,37.4,18.0,0.0,Fes
2024-09-06,36.0,18.4,0.1,Fes
2024-09-07,38.5,20.3,0.1,Fes
2024-09-08,31.4,21.3,0.0,Fes
2024-09-09,30.5,18.5,0.0,Fes
2024-09-10,29.3,15.8,0.0,Fes
2024-09-11,26.4,16.6,0.1,Fes
2024-09-12,32.5,16.7,0.0,Fes
2024-09-13,36.4,17.5,0.0,Fes
2024-09-14,35.4,20.7,0.0,Fes
2024-09-15,36.0,20.0,0.2,Fes
2024-09-16,33.9,20.7,0.3,Fes
2024-09-17,31.1,18.3,0.6,Fes
2024-09-18,32.2,18.0,0.0,Fes
2024-09-19,29.2,17.8,18.8,Fes
2024-09-20,31.0,18.2,0.5,Fes
2024-09-21,27.4,17.5,2.4,Fes
2024-09-22,28.1,18.4,1.5,Fes
2024-09-23,27.9,15.3,0.0,Fes
2024-09-24,28.7,15.3,0.0,Fes
2024-09-25,30.1,13.4,0.0,Fes
2024-09-26,29.5,16.3,0.0,Fes
2024-09-27,29.5,18.1,0.3,Fes
2024-09-28,29.8,18.4,0.0,Fes
2024-09-29,34.9,16.9,0.0,Fes
2024-09-30,37.1,18.8,0.0,Fes
2024-10-01,36.1,19.2,0.0,Fes
2024-10-02,32.9,19.2,0.0,Fes
2024-10-03,27.5,17.2,0.0,Fes
2024-10-04,30.4,18.5,0.0,Fes
2024-10-05,29.3,18.1,0.0,Fes
2024-10-06,33.1,17.6,0.1,Fes
2024-10-07,28.0,18.2,0.1,Fes
2024-10-08,27.2,16.6,0.1,Fes
2024-10-09,28.8,15.6,0.0,Fes
2024-10-10,25.5,18.5,0.4,Fes
2024-10-11,29.8,16.6,0.0,Fes
2024-10-12,29.5,16.8,5.4,Fes
2024-10-13,26.4,17.6,1.4,Fes
2024-10-14,24.8,14.8,6.4,Fes
2024-10-15,23.3,13.7,0.7,Fes
2024-10-16,25.7,16.4,2.6,Fes
2024-10-17,22.2,14.6,3.1,Fes
2024-10-18,22.3,11.2,0.0,Fes
2024-10-19,24.1,11.9,0.0,Fes
2024-10-20,27.3,12.6,0.0,Fes
2024-10-21,28.7,14.0,0.0,Fes
2024-10-22,26.3,14.2,0.0,Fes
2024-10-23,26.8,15.1,1.6,Fes
2024-10-24,27.6,14.7,0.6,Fes
2024-10-25,24.4,15.2,17.4,Fes
2024-10-26,18.0,10.9,4.9,Fes
2024-10-27,15.9,10.5,18.2,Fes
2024-10-28,14.8,8.8,6.1,Fes
2024-10-29,17.2,7.9,3.6,Fes
2024-10-30,21.5,11.3,2.6,Fes
2024-10-31,22.1,10.8,0.0,Fes
2024-11-01,22.7,10.3,0.0,Fes
2024-11-02,22.2,12.9,6.3,Fes
2024-11-03,23.3,11.6,0.0,Fes
2024-11-04,25.9,10.9,0.0,Fes
2024-11-05,26.6,12.3,0.0,Fes
2024-11-06,26.0,10.7,0.0,Fes
2024-11-07,26.8,11.9,0.0,Fes
2024-11-08,26.4,12.7,0.0,Fes
2024-11-09,25.8,13.1,0.0,Fes
2024-11-10,22.2,12.3,0.0,Fes
2024-11-11,22.8,9.3,0.0,Fes
2024-11-12,22.8,10.5,0.0,Fes
2024-11-13,21.3,9.9,0.0,Fes
2024-11-14,22.8,10.3,0.0,Fes
2024-11-15,22.5,11.9,0.0,Fes
2024-11-16,28.8,14.7,2.2,Fes
2024-11-17,27.6,15.8,0.1,Fes
2024-11-18,25.9,12.8,0.0,Fes
2024-11-19,21.7,13.5,10.2,Fes
2024-11-20,21.8,11.7,2.2,Fes
2024-11-21,20.9,10.3,0.0,Fes
2024-11-22,20.8,9.5,0.0,Fes
2024-11-23,23.8,8.4,0.0,Fes
2024-11-24,27.1,9.5,0.0,Fes
2024-11-25,25.1,12.5,0.0,Fes
2024-11-26,25.9,11.8,0.0,Fes
2024-11-27,26.1,13.2,0.0,Fes
2024-11-28,26.5,9.1,0.0,Fes
2024-11-29,26.3,11.6,0.0,Fes
2024-11-30,26.4,10.5,0.0,Fes
2024-12-01,24.9,10.6,0.0,Fes
2024-12-02,24.4,10.9,0.0,Fes
2024-12-03,21.7,10.0,0.0,Fes
2024-12-04,19.0,11.9,0.7,Fes
2024-12-05,19.2,8.4,0.0,Fes
2024-12-06,21.4,6.6,0.0,Fes
2024-12-07,20.6,8.1,0.0,Fes
2024-12-08,18.7,10.3,0.0,Fes
2024-12-09,15.1,7.7,0.0,Fes
2024-12-10,13.9,3.3,0.0,Fes
2024-12-11,15.2,0.9,0.0,Fes
2024-12-12,17.6,5.2,0.3,Fes
2024-12-13,18.1,6.1,0.5,Fes
2024-12-14,18.8,4.7,0.0,Fes
2024-12-15,18.7,5.8,0.0,Fes
2024-12-16,19.0,6.6,0.0,Fes
2024-12-17,22.0,7.0,0.0,Fes
2024-12-18,23.4,10.1,0.0,Fes
2024-12-19,20.7,8.3,0.0,Fes
2024-12-20,16.8,9.0,0.6,Fes
2024-12-21,17.6,10.2,2.9,Fes
2024-12-22,20.6,9.1,0.0,Fes
2024-12-23,19.9,7.1,0.0,Fes
2024-12-24,18.8,6.2,0.0,Fes
2024-12-25,19.2,4.7,0.0,Fes
2024-12-26,20.1,5.7,0.0,Fes
2024-12-27,17.4,5.1,0.0,Fes
2024-12-28,16.4,6.0,2.6,Fes
2024-12-29,17.2,6.2,0.2,Fes
2024-12-30,16.4,4.4,0.0,Fes
2024-12-31,15.7,3.0,0.0,Fes
2025-01-01,15.2,2.8,0.0,Fes
2025-01-02,16.7,3.3,0.0,Fes
2025-01-03,19.0,3.2,0.0,Fes
2025-01-04,18.8,3.6,0.0,Fes
2025-01-05,19.8,5.0,0.0,Fes
2025-01-06,14.7,8.8,8.8,Fes
2025-01-07,16.4,8.3,0.0,Fes
2025-01-08,19.3,5.1,0.0,Fes
2025-01-09,20.5,5.4,0.0,Fes
2025-01-10,20.5,8.1,0.0,Fes
2025-01-11,17.9,7.8,0.0,Fes
2025-01-12,17.5,8.0,0.0,Fes
2025-01-13,17.5,6.9,0.0,Fes
2025-01-14,13.9,3.7,0.0,Fes
2025-01-15,14.3,4.8,0.0,Fes
2025-01-16,16.3,1.5,0.0,Fes
2025-01-17,10.5,5.9,11.3,Fes
2025-01-18,14.9,2.4,0.0,Fes
2025-01-19,16.7,2.4,0.0,Fes
2025-01-20,18.9,3.7,0.0,Fes
2025-01-21,21.4,8.9,0.0,Fes
2025-01-22,20.3,6.3,0.0,Fes
2025-01-23,20.7,7.3,0.0,Fes
2025-01-24,21.7,7.3,0.0,Fes
2025-01-25,19.9,5.5,0.0,Fes
2025-01-26,21.0,7.7,0.0,Fes
2025-01-27,21.5,9.5,0.1,Fes
2025-01-28,18.6,10.6,2.8,Fes
2025-01-29,17.7,5.5,0.0,Fes
2025-01-30,12.5,7.6,13.1,Fes
2025-01-31,13.5,6.6,0.6,Fes
2025-02-01,14.2,1.5,0.0,Fes
2025-02-02,14.0,8.0,8.3,Fes
2025-02-03,11.6,6.6,11.7,Fes
2025-02-04,14.3,4.7,0.1,Fes
2025-02-05,15.8,5.9,0.0,Fes
2025-02-06,16.4,5.4,0.0,Fes
2025-02-07,17.3,1.2,0.0,Fes
2025-02-08,17.6,4.7,0.0,Fes
2025-02-09,19.2,7.4,0.0,Fes
2025-02-10,21.3,5.9,0.0,Fes
2025-02-11,22.1,7.3,0.0,Fes
2025-02-12,18.6,7.2,0.3,Fes
2025-02-13,19.3,6.2,0.0,Fes
2025-02-14,22.5,7.0,0.0,Fes
2025-02-15,23.6,9.2,0.0,Fes
2025-02-16,18.5,10.5,0.5,Fes
2025-02-17,20.4,5.9,0.0,Fes
2025-02-18,21.9,8.6,6.5,Fes
2025-02-19,18.5,9.9,8.8,Fes
2025-02-20,20.5,9.7,0.1,Fes
2025-02-21,23.4,7.5,0.1,Fes
2025-02-22,19.3,10.5,5.7,Fes
2025-02-23,16.8,7.3,1.0,Fes
2025-02-24,19.7,5.2,0.0,Fes
2025-02-25,20.1,6.0,0.0,Fes
2025-02-26,21.0,9.7,0.0,Fes
2025-02-27,20.5,9.1,0.0,Fes
2025-02-28,17.0,9.1,0.9,Fes
2025-03-01,16.0,6.8,5.7,Fes
2025-03-02,19.4,5.7,0.0,Fes
2025-03-03,22.0,8.7,0.5,Fes
2025-03-04,20.3,10.6,5.0,Fes
2025-03-05,19.2,10.0,12.4,Fes
2025-03-06,15.0,9.7,18.3,Fes
2025-03-07,19.3,6.5,0.1,Fes
2025-03-08,21.0,9.5,10.7,Fes
2025-03-09,16.1,8.7,16.0,Fes
2025-03-10,17.4,10.0,10.2,Fes
2025-03-11,16.0,12.3,7.0,Fes
2025-03-12,16.6,12.3,31.5,Fes
2025-03-13,16.9,11.1,7.7,Fes
2025-03-14,14.7,9.9,9.0,Fes
2025-03-15,15.1,8.6,5.9,Fes
2025-03-16,18.1,6.6,0.0,Fes
2025-03-17,18.9,8.6,5.6,Fes
2025-03-18,20.0,10.6,1.9,Fes
2025-03-19,22.9,7.7,0.0,Fes
2025-03-20,22.3,10.0,0.1,Fes
2025-03-21,18.8,11.2,6.6,Fes
2025-03-22,12.9,10.3,3.8,Fes
2025-03-23,15.3,7.9,10.2,Fes
2025-03-24,14.1,7.3,2.4,Fes
2025-03-25,16.2,5.5,0.0,Fes
2025-03-26,17.9,4.6,0.0,Fes
2025-03-27,19.8,5.2,0.0,Fes
2025-03-28,22.0,9.0,0.0,Fes
2025-03-29,23.6,9.5,0.0,Fes
2025-03-30,24.7,10.5,0.0,Fes
2025-03-31,26.7,9.1,0.0,Fes
2025-04-01,21.2,10.8,0.2,Fes
2025-04-02,22.3,9.4,0.3,Fes
2025-04-03,22.0,12.8,3.1,Fes
2025-04-04,22.9,10.9,1.2,Fes
2025-04-05,21.4,12.9,0.9,Fes
2025-04-06,21.3,10.3,0.0,Fes
2025-04-07,24.7,10.5,0.0,Fes
2025-04-08,29.2,11.5,0.0,Fes
2025-04-09,29.5,12.6,0.0,Fes
2025-04-10,26.6,14.8,0.0,Fes
2025-04-11,26.1,14.8,0.3,Fes
2025-04-12,21.6,15.2,3.3,Fes
2025-04-13,17.4,13.1,21.1,Fes
2025-04-14,19.5,11.9,3.9,Fes
2025-04-15,14.3,9.5,15.0,Fes
2025-04-16,15.8,8.4,1.0,Fes
2025-04-17,20.2,7.4,0.0,Fes
2025-04-18,25.3,11.6,0.0,Fes
2025-04-19,18.4,12.0,1.8,Fes
2025-04-20,16.6,9.0,0.1,Fes
2025-04-21,21.2,8.0,0.0,Fes
2025-04-22,21.6,9.0,0.0,Fes
2025-04-23,27.2,9.7,0.0,Fes
2025-04-24,30.7,13.4,0.4,Fes
2025-04-25,26.3,16.2,2.5,Fes
2025-04-26,25.1,15.6,0.0,Fes
2025-04-27,29.0,12.1,0.0,Fes
2025-04-28,30.5,13.8,0.0,Fes
2025-04-29,25.1,14.3,0.0,Fes
2025-04-30,19.2,15.2,0.6,Fes
2025-05-01,28.9,12.0,0.0,Fes
2025-05-02,25.6,13.4,0.2,Fes
2025-05-03,23.6,14.4,0.5,Fes
2025-05-04,24.3,12.8,0.0,Fes
2025-05-05,24.1,12.2,0.0,Fes
2025-05-06,23.6,11.0,0.0,Fes
2025-05-07,26.4,13.7,0.0,Fes
2025-05-08,23.0,12.9,0.1,Fes
2025-05-09,26.9,12.9,0.0,Fes
2025-05-10,26.0,13.6,0.0,Fes
2025-05-11,24.3,13.3,0.4,Fes
2025-05-12,25.4,12.2,0.0,Fes
2025-05-13,22.2,12.6,9.1,Fes
2025-05-14,20.7,11.7,1.0,Fes
2025-05-15,23.8,10.8,0.0,Fes
2025-05-16,27.2,9.4,0.0,Fes
2025-05-17,33.0,13.7,0.0,Fes
2025-05-18,28.6,15.3,0.0,Fes
2025-05-19,26.8,13.8,0.0,Fes
2025-05-20,28.3,13.1,0.0,Fes
2025-05-21,31.1,14.5,0.0,Fes
2025-05-22,30.4,17.4,0.0,Fes
2025-05-23,27.3,14.9,1.2,Fes
2025-05-24,28.3,15.8,0.0,Fes
2025-05-25,33.9,14.8,0.0,Fes
2025-05-26,34.8,19.2,0.0,Fes
2025-05-27,36.2,20.2,0.0,Fes
2025-05-28,36.8,20.9,0.0,Fes
2025-05-29,37.6,21.3,0.1,Fes
2025-05-30,37.8,23.4,0.0,Fes
2025-05-31,38.5,21.8,0.0,Fes
2025-06-01,35.2,20.7,0.0,Fes
2025-06-02,30.7,18.0,0.0,Fes
2025-06-03,25.9,16.6,0.0,Fes
2025-06-04,27.7,13.6,0.0,Fes
2025-06-05,31.3,14.4,0.0,Fes
2025-06-06,34.5,16.8,0.0,Fes
2025-06-07,39.5,19.8,0.5,Fes
2025-06-08,42.9,24.6,0.0,Fes
2025-06-09,35.3,21.7,0.0,Fes
2025-06-10,34.0,20.5,0.2,Fes
2025-06-11,29.4,18.7,0.0,Fes
2025-06-12,31.0,17.2,0.0,Fes
2025-06-13,31.7,16.9,0.0,Fes
2025-06-14,31.1,18.2,0.0,Fes
2025-06-15,35.9,18.7,0.4,Fes
2025-06-16,40.7,24.4,0.0,Fes
2025-06-17,40.7,25.2,0.0,Fes
2025-06-18,40.7,23.8,0.0,Fes
2025-06-19,39.6,27.2,0.0,Fes
2025-06-20,41.0,26.1,0.0,Fes
2025-06-21,40.4,21.9,0.0,Fes
2025-06-22,39.6,20.3,0.1,Fes
2025-06-23,34.5,21.5,0.0,Fes
2025-06-24,31.7,19.0,0.0,Fes
2025-06-25,33.4,19.0,0.0,Fes
2025-06-26,38.5,18.5,0.0,Fes
2025-06-27,41.0,25.2,0.0,Fes
2025-06-28,41.9,24.9,0.0,Fes
2025-06-29,41.6,25.5,0.0,Fes
2025-06-30,41.4,24.5,0.0,Fes
2025-07-01,42.2,24.3,0.0,Fes
2025-07-02,41.5,24.8,0.0,Fes
2025-07-03,42.1,23.9,0.0,Fes
2025-07-04,39.1,22.8,0.0,Fes
2025-07-05,35.3,20.4,0.0,Fes
2025-07-06,34.0,19.8,0.0,Fes
2025-07-07,36.7,20.0,0.0,Fes
2025-07-08,37.6,20.8,0.0,Fes
2025-07-09,40.1,23.1,0.3,Fes
2025-07-10,36.2,22.0,0.0,Fes
2025-07-11,30.9,18.8,0.0,Fes
2025-07-12,30.2,17.8,0.0,Fes
2025-07-13,34.0,17.4,0.0,Fes
2025-07-14,36.1,19.6,0.0,Fes
2025-07-15,42.9,22.4,0.0,Fes
2025-07-16,40.5,23.6,0.0,Fes
2025-07-17,39.9,22.5,0.0,Fes
2025-07-18,36.9,21.7,0.0,Fes
2025-07-19,34.3,19.4,0.0,Fes
2025-07-20,33.6,19.5,0.0,Fes
2025-07-21,33.7,18.5,0.0,Fes
2025-07-22,34.9,19.9,0.0,Fes
2025-07-23,34.6,20.8,0.0,Fes
2025-07-24,35.1,19.9,0.0,Fes
2025-07-25,37.8,21.4,0.0,Fes
2025-07-26,40.4,22.0,0.0,Fes
2025-07-27,39.5,22.7,0.0,Fes
2025-07-28,38.6,20.9,0.0,Fes
2025-07-29,36.8,19.8,0.0,Fes
2025-07-30,39.2,23.3,0.0,Fes
2025-07-31,39.6,24.2,0.0,Fes
2025-08-01,41.1,23.8,0.0,Fes
2025-08-02,43.8,25.0,0.0,Fes
2025-08-03,37.8,24.5,0.0,Fes
2025-08-04,39.4,22.2,0.0,Fes
2025-08-05,42.4,23.6,0.0,Fes
2025-08-06,42.1,24.0,0.0,Fes
2025-08-07,39.4,23.1,0.0,Fes
2025-08-08,38.5,22.6,0.0,Fes
2025-08-09,40.3,21.7,0.0,Fes
2025-08-10,42.1,24.9,0.0,Fes
2025-08-11,40.8,25.3,0.0,Fes
2025-08-12,41.7,24.9,0.0,Fes
2025-08-13,41.0,26.3,0.0,Fes
2025-08-14,43.2,24.6,0.0,Fes
2025-08-15,43.4,25.8,0.0,Fes
2025-08-16,42.4,26.6,0.0,Fes
2025-08-17,42.6,26.5,0.0,Fes
2025-08-18,43.5,26.6,0.0,Fes
2025-08-19,35.3,23.0,0.0,Fes
2025-08-20,33.1,18.3,0.0,Fes
2025-08-21,34.9,17.3,0.0,Fes
2025-08-22,37.8,19.2,0.0,Fes
2025-08-23,35.5,19.6,1.7,Fes
2025-08-24,31.6,19.5,0.1,Fes
2025-08-25,31.6,20.7,0.7,Fes
2025-08-26,32.3,20.2,0.3,Fes
2025-08-27,32.8,19.9,0.0,Fes
2025-08-28,29.7,19.8,0.1,Fes
2025-08-29,30.5,16.7,0.0,Fes
2025-08-30,34.9,16.5,0.0,Fes
2025-08-31,33.1,18.6,0.0,Fes
2025-09-01,28.7,18.8,0.4,Fes
2025-09-02,31.9,14.0,0.0,Fes
2025-09-03,34.3,17.1,0.0,Fes
2025-09-04,35.1,17.9,0.0,Fes
2025-09-05,37.4,19.1,0.0,Fes
2025-09-06,39.4,26.2,0.0,Fes
2025-09-07,36.6,25.6,0.3,Fes
2025-09-08,34.4,21.7,0.0,Fes
2025-09-09,24.7,18.2,18.1,Fes
2025-09-10,26.5,14.8,0.0,Fes
2025-09-11,33.2,15.6,0.0,Fes
2025-09-12,38.0,19.4,0.0,Fes
2025-09-13,36.3,21.3,0.0,Fes
2025-09-14,35.1,19.1,0.0,Fes
2025-09-15,36.8,20.5,0.0,Fes
2025-09-16,39.9,22.9,0.0,Fes
2025-09-17,38.7,23.4,0.1,Fes
2025-09-18,38.5,24.7,0.0,Fes
2025-09-19,39.8,24.2,5.1,Fes
2025-09-20,38.2,23.6,0.2,Fes
2025-09-21,30.6,22.5,1.7,Fes
2025-09-22,30.6,18.0,0.0,Fes
2025-09-23,28.9,16.0,0.0,Fes
2025-09-24,31.4,16.0,0.0,Fes
2025-09-25,29.0,16.2,0.0,Fes
2025-09-26,29.9,16.8,0.0,Fes
2025-09-27,31.6,16.5,0.0,Fes
2025-09-28,24.9,16.4,0.0,Fes
2025-09-29,26.4,16.6,0.0,Fes
2025-09-30,29.1,15.7,0.0,Fes
2025-10-01,30.6,16.4,0.0,Fes
2025-10-02,32.0,17.9,0.0,Fes
2025-10-03,33.5,17.6,0.0,Fes
2025-10-04,30.8,17.3,0.0,Fes
2025-10-05,31.5,16.7,0.0,Fes
2025-10-06,35.0,17.9,0.0,Fes
2025-10-07,34.2,18.8,0.0,Fes
2025-10-08,28.5,17.7,0.0,Fes
2025-10-09,26.0,17.8,0.0,Fes
2025-10-10,28.0,14.2,0.0,Fes
2025-10-11,30.2,18.5,0.0,Fes
2025-10-12,31.9,16.4,0.0,Fes
2025-10-13,30.4,17.4,0.0,Fes
2025-10-14,32.3,16.8,0.0,Fes
2025-10-15,32.3,17.9,0.0,Fes
2025-10-16,27.9,17.9,0.0,Fes
2025-10-17,29.4,16.2,0.0,Fes
2025-10-18,29.9,15.4,0.0,Fes
2025-10-19,30.8,14.9,0.0,Fes
2025-10-20,27.9,16.9,0.0,Fes
2025-10-21,27.3,15.5,0.0,Fes
2025-10-22,27.4,16.1,0.0,Fes
2025-10-23,34.1,16.7,0.0,Fes
2025-10-24,33.1,18.0,0.0,Fes
2025-10-25,31.2,18.4,0.0,Fes
2025-10-26,25.9,16.3,0.0,Fes
2025-10-27,27.7,15.9,0.0,Fes
2025-10-28,30.4,15.4,0.0,Fes
2025-10-29,26.1,15.9,5.4,Fes
2025-10-30,23.8,15.7,2.3,Fes
2025-10-31,25.7,14.1,0.0,Fes
2025-11-01,25.4,14.2,0.0,Fes
2025-11-02,23.8,13.3,0.0,Fes
2025-11-03,25.3,12.9,0.0,Fes
2025-11-04,27.5,12.7,0.0,Fes
2025-11-05,29.5,14.0,0.3,Fes
2025-11-06,20.9,14.8,4.8,Fes
2025-11-07,20.4,10.5,0.0,Fes
2025-11-08,22.2,9.6,0.0,Fes
2025-11-09,23.0,9.1,0.0,Fes
2025-11-10,21.9,10.3,0.0,Fes
2025-11-11,29.4,10.5,0.0,Fes
2025-11-12,30.5,13.6,0.0,Fes
2025-11-13,22.4,14.7,0.6,Fes
2025-11-14,23.1,14.2,9.3,Fes
2025-11-15,23.1,12.0,0.0,Fes
2025-11-16,20.0,14.3,10.0,Fes
2025-11-17,18.1,11.5,30.3,Fes
2025-11-18,16.6,9.8,2.8,Fes
2025-11-19,17.7,8.4,0.3,Fes
2025-11-20,17.8,7.6,0.0,Fes
2025-11-21,17.2,9.8,0.0,Fes
2025-11-22,17.5,5.3,0.0,Fes
2025-11-23,19.4,6.2,0.0,Fes
2025-11-24,19.1,7.6,0.0,Fes
2025-11-25,19.5,8.8,0.8,Fes
2025-11-26,16.3,9.3,0.0,Fes
2025-11-27,18.2,4.3,0.0,Fes
2025-11-28,18.9,5.2,0.0,Fes
2025-11-29,17.5,6.3,0.0,Fes
2025-11-30,16.5,9.6,16.4,Fes
2025-12-01,15.4,6.2,0.1,Fes
2025-12-02,16.9,4.7,1.2,Fes
2025-12-03,14.5,7.2,8.4,Fes
2025-12-04,15.1,4.4,0.0,Fes
2025-12-05,18.0,5.0,0.0,Fes
2025-12-06,18.4,6.3,0.0,Fes
2025-12-07,18.8,5.8,0.0,Fes
2025-12-08,20.3,7.1,0.0,Fes
2025-12-09,20.7,6.3,0.0,Fes
2025-12-10,13.8,6.9,6.4,Fes
2025-12-11,16.4,7.7,0.4,Fes
2025-12-12,16.5,5.4,0.0,Fes
2025-12-13,17.0,8.7,1.8,Fes
2025-12-14,19.5,8.9,0.2,Fes
2025-12-15,16.2,6.9,2.3,Fes
2025-12-16,12.6,7.3,25.7,Fes
2025-12-17,12.5,5.7,6.4,Fes
2025-12-18,14.5,3.8,0.0,Fes
2025-12-19,15.2,5.9,1.6,Fes
2025-12-20,13.8,7.3,3.0,Fes
2025-12-21,15.3,6.1,13.0,Fes
2025-12-22,11.0,6.9,23.2,Fes
2025-12-23,14.5,7.6,12.2,Fes
2025-12-24,13.4,9.1,14.4,Fes
2025-12-25,11.7,6.7,8.2,Fes
2025-12-26,14.2,7.9,8.8,Fes
2025-12-27,14.0,5.9,7.2,Fes
2025-12-28,13.8,6.5,9.4,Fes
2025-12-29,13.8,7.5,5.2,Fes
2025-12-30,15.6,5.6,0.0,Fes
2025-12-31,12.9,8.9,23.7,Fes
2026-01-01,18.8,9.9,3.0,Fes
2026-01-02,19.8,7.8,0.0,Fes
2026-01-03,17.3,11.0,6.8,Fes
2026-01-04,17.5,10.6,13.8,Fes
2026-01-05,13.7,9.4,20.8,Fes
2026-01-06,9.4,5.1,5.9,Fes
2026-01-07,11.2,4.3,0.0,Fes
2026-01-08,14.4,6.0,0.0,Fes
2026-01-09,13.9,4.1,0.0,Fes
2026-01-10,15.1,6.9,0.0,Fes
2026-01-11,14.6,7.7,0.0,Fes
2026-01-12,18.6,6.1,0.0,Fes
2026-01-13,17.8,7.0,0.0,Fes
2026-01-14,13.1,7.0,3.3,Fes
2026-01-15,14.9,5.8,0.0,Fes
2026-01-16,15.5,8.6,11.8,Fes
2026-01-17,10.3,5.3,12.1,Fes
2026-01-18,10.9,2.4,1.2,Fes
2026-01-19,11.0,4.7,1.6,Fes
2026-01-20,11.9,6.5,3.8,Fes
2026-01-21,14.9,7.1,2.4,Fes
2026-01-22,16.2,10.6,11.0,Fes
2026-01-23,15.5,9.7,19.1,Fes
2026-01-24,9.9,5.2,20.2,Fes
2026-01-25,14.0,6.9,3.5,Fes
2026-01-26,15.1,9.8,0.2,Fes
2026-01-27,16.9,8.4,21.8,Fes
2026-01-28,17.0,12.5,6.1,Fes
2026-01-29,17.4,14.2,1.4,Fes
2026-01-30,18.5,14.3,2.2,Fes
2026-01-31,17.5,10.9,1.5,Fes
2026-02-01,18.3,9.4,0.0,Fes
2026-02-02,16.7,8.0,10.3,Fes
2026-02-03,13.0,7.9,20.4,Fes
2026-02-04,19.9,10.8,6.3,Fes
2026-02-05,20.5,10.0,0.9,Fes
2026-02-06,16.4,9.1,16.0,Fes
2026-02-07,18.0,9.4,6.9,Fes
2026-02-08,13.2,10.5,25.2,Fes
2026-02-09,18.4,11.0,9.4,Fes
2026-02-10,19.9,14.0,2.0,Fes
2026-02-11,21.6,13.4,0.1,Fes
2026-02-12,19.1,12.6,0.3,Fes
2026-02-13,15.3,8.4,13.7,Fes
2026-02-14,11.7,7.3,7.6,Fes
2026-02-15,14.4,7.5,0.0,Fes
2026-02-16,16.8,5.5,0.0,Fes
2026-02-17,20.0,6.8,0.0,Fes
2026-02-18,15.8,6.7,0.0,Fes
2026-02-19,16.4,8.2,0.0,Fes
2026-02-20,19.5,6.3,0.0,Fes
2026-02-21,21.8,7.3,0.0,Fes
2026-02-22,23.5,8.9,0.0,Fes
2026-02-23,23.3,7.5,0.0,Fes
2026-02-24,22.7,6.3,0.0,Fes
2026-02-25,21.6,8.4,0.0,Fes
2026-02-26,20.6,7.5,0.0,Fes
2026-02-27,21.9,8.7,0.0,Fes
2026-02-28,17.5,8.9,0.0,Fes
2026-03-01,19.4,9.4,0.0,Fes
2026-03-02,19.0,10.3,3.8,Fes
2026-03-03,15.4,7.0,3.5,Fes
2026-03-04,13.9,4.7,2.2,Fes
2026-03-05,12.9,4.6,5.8,Fes
2026-03-06,12.0,7.6,6.6,Fes
2026-03-07,15.6,5.2,0.0,Fes
2026-03-08,16.0,7.0,2.9,Fes
2026-03-09,17.0,5.9,0.0,Fes
2026-03-10,12.4,5.1,12.9,Fes
2026-03-11,14.0,3.3,0.0,Fes
2026-03-12,18.1,5.6,0.0,Fes
2026-03-13,19.8,6.1,0.0,Fes
2026-03-14,16.5,8.8,0.1,Fes
2026-03-15,16.6,10.8,0.6,Fes
2026-03-16,20.3,9.2,0.0,Fes
2026-03-17,22.5,7.1,0.0,Fes
2026-03-18,20.5,10.3,0.0,Fes
2026-03-19,23.0,9.6,0.1,Fes
2026-03-20,20.8,12.4,1.9,Fes
2026-03-21,20.0,11.8,0.2,Fes
2026-03-22,19.8,9.7,0.6,Fes
2026-03-23,20.2,10.3,1.9,Fes
2026-03-24,20.1,10.3,0.0,Fes
2026-03-25,22.1,9.9,0.0,Fes
2026-03-26,21.9,11.3,1.5,Fes
2026-03-27,19.2,11.8,0.0,Fes
2026-03-28,19.9,7.1,0.0,Fes
2026-03-29,20.1,8.6,0.0,Fes
2026-03-30,15.4,6.8,0.0,Fes
2026-03-31,20.3,4.6,0.0,Fes
2026-04-01,20.9,7.6,0.0,Fes
2026-04-02,21.6,8.0,0.0,Fes
2026-04-03,23.4,7.9,0.0,Fes
2026-04-04,23.9,9.7,0.0,Fes
2026-04-05,26.7,9.5,0.0,Fes
2026-04-06,28.2,11.4,0.0,Fes
2026-04-07,23.4,14.5,3.1,Fes
2026-04-08,14.2,11.2,4.2,Fes
2026-04-09,17.2,10.8,0.3,Fes
2026-04-10,18.8,8.7,1.9,Fes
2026-04-11,14.5,10.0,13.8,Fes
2026-04-12,15.4,10.6,4.9,Fes
2026-04-13,15.8,9.3,0.3,Fes
2026-04-14,17.9,6.3,0.0,Fes
2026-04-15,23.5,8.8,0.0,Fes
2026-04-16,26.6,10.3,0.0,Fes
2026-04-17,28.5,11.6,0.0,Fes
2026-04-18,29.1,13.1,0.0,Fes
2026-04-19,29.3,15.7,0.0,Fes
2026-04-20,30.1,15.3,0.0,Fes
2026-04-21,29.1,15.1,0.0,Fes
2026-04-22,25.5,13.5,0.0,Fes
2026-04-23,22.0,13.6,0.0,Fes
2026-04-24,20.7,13.3,8.9,Fes
2026-04-25,23.6,10.7,0.0,Fes
2026-04-26,26.7,13.7,0.0,Fes
2026-04-27,28.3,14.4,0.5,Fes
2026-04-28,23.9,15.8,12.3,Fes
2026-04-29,22.2,15.2,3.8,Fes
2026-04-30,22.7,15.4,0.3,Fes
2026-05-01,25.6,12.2,0.0,Fes
2026-05-02,23.6,13.2,0.0,Fes
2026-05-03,24.1,13.4,0.2,Fes
2026-05-04,22.2,13.8,11.7,Fes
2026-05-05,21.2,12.1,0.0,Fes
2026-05-06,20.9,11.6,0.6,Fes
2026-05-07,20.4,12.9,3.9,Fes
2026-05-08,24.0,11.8,1.1,Fes
2026-05-09,24.6,13.0,6.1,Fes
2026-05-10,25.0,13.2,0.0,Fes
2026-05-11,25.5,12.3,0.0,Fes
2026-05-12,24.0,12.4,0.0,Fes
2026-05-13,24.7,12.2,0.0,Fes
2026-05-14,24.0,12.1,0.3,Fes
2026-05-15,21.4,11.6,0.0,Fes
2026-05-16,21.2,12.3,1.8,Fes
2026-05-17,23.6,12.1,0.3,Fes
2026-05-18,23.8,12.9,0.0,Fes
2026-05-19,27.9,12.1,0.0,Fes
2026-05-20,35.0,17.0,0.0,Fes
2026-05-21,36.2,18.1,0.0,Fes
2026-05-22,37.0,19.0,0.0,Fes
2026-05-23,35.0,20.5,0.0,Fes
2026-05-24,35.1,19.8,0.0,Fes
2026-05-25,35.2,19.1,0.0,Fes
2026-05-26,34.1,18.5,0.0,Fes
2026-05-27,34.6,18.1,0.0,Fes
2026-05-28,33.2,19.4,0.0,Fes
2026-05-29,34.5,17.1,0.0,Fes
2026-05-30,35.3,17.1,0.0,Fes
2026-05-31,35.9,17.9,0.0,Fes
2026-06-01,34.9,20.6,0.0,Fes
2026-06-02,32.6,16.5,0.0,Fes
2026-06-03,31.4,16.2,0.0,Fes
2026-06-04,32.5,16.9,0.0,Fes
2026-06-05,30.1,15.5,0.0,Fes
2026-06-06,32.7,15.7,0.0,Fes
2026-06-07,35.6,19.1,0.0,Fes
2026-06-08,34.1,19.7,0.0,Fes
2026-06-09,33.4,18.7,0.0,Fes
2026-06-10,34.2,17.8,0.0,Fes
2026-06-11,35.5,21.1,0.1,Fes
2026-06-12,36.0,20.3,0.0,Fes
2026-06-13,36.2,19.4,0.0,Fes
2026-06-14,30.7,19.1,0.0,Fes
2026-06-15,30.9,16.9,0.0,Fes
2026-06-16,32.7,17.5,0.0,Fes
2026-06-17,35.8,18.0,0.0,Fes
2026-06-18,35.2,19.5,0.0,Fes
2026-06-19,33.4,20.4,0.0,Fes
2026-06-20,36.0,20.1,0.0,Fes
2026-06-21,36.9,20.6,0.0,Fes
2026-06-22,36.4,20.8,0.0,Fes
2026-06-23,32.9,20.5,0.0,Fes
2026-06-24,32.5,20.2,0.0,Fes
2026-06-25,29.9,18.9,0.0,Fes
2026-06-26,32.8,18.8,0.0,Fes
2026-06-27,32.9,19.0,0.1,Fes
2026-06-28,33.9,19.3,0.0,Fes
2026-06-29,36.8,19.8,0.0,Fes
2026-06-30,38.0,21.0,0.0,Fes
2026-07-01,38.8,22.4,0.0,Fes
2026-07-02,40.0,23.9,0.0,Fes
2026-07-03,39.6,24.3,0.0,Fes
2026-07-04,40.4,23.3,0.0,Fes
2026-07-05,41.6,25.0,0.0,Fes
2026-07-06,41.4,25.9,0.0,Fes
2026-07-07,41.8,24.6,0.0,Fes
2026-07-08,39.3,24.1,0.0,Fes
2026-07-09,36.7,22.1,0.0,Fes
2026-07-10,31.9,18.7,0.0,Fes
2026-07-11,30.8,18.8,0.0,Fes
2026-07-12,31.6,18.8,0.0,Fes
2026-07-13,33.4,19.6,0.0,Fes
2026-07-14,34.3,20.3,0.3,Fes
2026-07-15,36.9,21.2,0.0,Fes
2026-07-16,37.6,20.4,0.0,Fes
2026-07-17,37.5,22.0,0.0,Fes
2026-07-18,36.4,21.5,0.0,Fes
2026-07-19,36.9,21.7,0.0,Fes
2026-07-20,36.8,20.5,0.0,Fes
2026-07-21,39.9,21.0,0.0,Fes
2026-07-22,42.1,21.7,0.2,Fes
2026-07-23,40.3,22.6,0.0,Fes
2026-07-24,35.8,20.9,0.0,Fes
2026-07-25,32.7,19.4,0.0,Fes
2026-07-26,36.2,18.2,0.0,Fes
2026-07-27,41.0,21.3,0.0,Fes
2026-07-28,37.5,24.2,0.0,Fes
2026-07-29,37.5,22.0,0.0,Fes
2026-07-30,42.1,23.1,0.2,Fes
2026-07-31,42.4,26.2,0.0,Fes
2026-08-01,43.4,30.1,0.0,Fes
2022-01-01,23.6,13.0,0.0,Essaouira
2022-01-02,24.2,12.9,0.0,Essaouira
2022-01-03,19.7,10.2,0.0,Essaouira
2022-01-04,18.8,8.8,0.0,Essaouira
2022-01-05,19.2,14.0,0.0,Essaouira
2022-01-06,20.4,12.3,0.0,Essaouira
2022-01-07,19.7,12.2,0.0,Essaouira
2022-01-08,19.3,9.6,0.0,Essaouira
2022-01-09,18.8,9.1,0.0,Essaouira
2022-01-10,17.3,8.1,0.0,Essaouira
2022-01-11,16.7,8.9,0.0,Essaouira
2022-01-12,17.4,8.6,0.0,Essaouira
2022-01-13,20.0,8.6,0.0,Essaouira
2022-01-14,20.3,10.5,0.0,Essaouira
2022-01-15,19.5,10.1,0.0,Essaouira
2022-01-16,19.8,8.9,0.0,Essaouira
2022-01-17,19.6,10.2,0.0,Essaouira
2022-01-18,21.0,10.4,0.0,Essaouira
2022-01-19,20.0,10.6,0.0,Essaouira
2022-01-20,19.1,10.1,0.0,Essaouira
2022-01-21,20.1,9.1,0.0,Essaouira
2022-01-22,26.8,15.2,0.1,Essaouira
2022-01-23,19.1,10.7,0.0,Essaouira
2022-01-24,18.9,13.1,0.0,Essaouira
2022-01-25,17.5,12.4,0.0,Essaouira
2022-01-26,17.9,8.6,0.0,Essaouira
2022-01-27,19.6,9.3,0.0,Essaouira
2022-01-28,21.7,12.2,0.3,Essaouira
2022-01-29,21.7,11.9,0.8,Essaouira
2022-01-30,25.6,10.8,0.0,Essaouira
2022-01-31,24.7,13.7,0.0,Essaouira
2022-02-01,26.7,16.5,0.0,Essaouira
2022-02-02,22.1,11.3,0.0,Essaouira
2022-02-03,26.6,12.3,0.2,Essaouira
2022-02-04,25.4,14.7,0.0,Essaouira
2022-02-05,22.1,17.0,0.0,Essaouira
2022-02-06,19.8,15.2,0.0,Essaouira
2022-02-07,22.2,11.7,0.0,Essaouira
2022-02-08,25.8,14.2,0.0,Essaouira
2022-02-09,24.0,13.5,0.0,Essaouira
2022-02-10,22.9,11.5,0.0,Essaouira
2022-02-11,20.8,11.4,0.0,Essaouira
2022-02-12,21.7,12.5,0.0,Essaouira
2022-02-13,19.3,11.7,0.0,Essaouira
2022-02-14,18.9,12.1,0.0,Essaouira
2022-02-15,19.7,12.7,0.0,Essaouira
2022-02-16,21.6,12.8,0.0,Essaouira
2022-02-17,20.8,13.1,0.0,Essaouira
2022-02-18,18.2,11.0,0.0,Essaouira
2022-02-19,18.0,12.8,1.1,Essaouira
2022-02-20,21.7,13.1,0.0,Essaouira
2022-02-21,21.3,10.8,0.0,Essaouira
2022-02-22,29.4,17.3,0.0,Essaouira
2022-02-23,26.4,16.3,4.9,Essaouira
2022-02-24,24.5,15.7,2.4,Essaouira
2022-02-25,19.6,14.8,0.0,Essaouira
2022-02-26,18.8,15.5,0.0,Essaouira
2022-02-27,19.5,15.8,0.2,Essaouira
2022-02-28,20.9,14.5,0.0,Essaouira
2022-03-01,19.4,14.5,0.0,Essaouira
2022-03-02,20.1,12.7,0.0,Essaouira
2022-03-03,19.4,12.6,0.0,Essaouira
2022-03-04,18.9,13.4,0.0,Essaouira
2022-03-05,19.0,13.0,0.0,Essaouira
2022-03-06,17.0,11.1,10.3,Essaouira
2022-03-07,17.5,10.7,0.0,Essaouira
2022-03-08,19.1,10.4,0.0,Essaouira
2022-03-09,17.3,11.3,0.0,Essaouira
2022-03-10,18.2,11.6,0.0,Essaouira
2022-03-11,18.2,9.8,0.0,Essaouira
2022-03-12,18.5,12.2,0.0,Essaouira
2022-03-13,19.6,12.4,4.1,Essaouira
2022-03-14,15.5,10.0,44.2,Essaouira
2022-03-15,15.0,11.0,5.6,Essaouira
2022-03-16,16.5,10.3,1.0,Essaouira
2022-03-17,17.5,13.6,2.4,Essaouira
2022-03-18,19.4,13.0,0.0,Essaouira
2022-03-19,18.2,11.1,0.0,Essaouira
2022-03-20,18.5,12.7,0.1,Essaouira
2022-03-21,18.3,10.5,0.0,Essaouira
2022-03-22,18.1,12.8,0.0,Essaouira
2022-03-23,16.7,11.9,11.7,Essaouira
2022-03-24,15.1,10.2,10.1,Essaouira
2022-03-25,17.4,10.8,2.1,Essaouira
2022-03-26,18.3,10.0,0.0,Essaouira
2022-03-27,26.0,11.5,0.0,Essaouira
2022-03-28,19.6,14.3,0.6,Essaouira
2022-03-29,18.2,13.7,10.1,Essaouira
2022-03-30,17.9,14.0,1.9,Essaouira
2022-03-31,18.7,12.7,0.0,Essaouira
2022-04-01,20.4,13.6,0.0,Essaouira
2022-04-02,19.3,14.1,0.0,Essaouira
2022-04-03,18.3,14.2,0.7,Essaouira
2022-04-04,16.8,13.6,22.6,Essaouira
2022-04-05,16.7,11.9,3.0,Essaouira
2022-04-06,16.8,11.6,0.9,Essaouira
2022-04-07,19.0,13.2,0.0,Essaouira
2022-04-08,19.5,13.8,0.0,Essaouira
2022-04-09,21.2,14.2,0.0,Essaouira
2022-04-10,19.1,13.0,0.0,Essaouira
2022-04-11,19.0,12.1,0.2,Essaouira
2022-04-12,18.5,12.8,0.4,Essaouira
2022-04-13,19.3,14.3,0.0,Essaouira
2022-04-14,21.0,13.7,0.0,Essaouira
2022-04-15,24.1,16.2,0.0,Essaouira
2022-04-16,26.4,17.7,0.0,Essaouira
2022-04-17,23.8,14.4,0.0,Essaouira
2022-04-18,20.2,16.2,0.0,Essaouira
2022-04-19,20.3,14.9,0.0,Essaouira
2022-04-20,19.1,13.6,0.0,Essaouira
2022-04-21,19.4,13.3,0.0,Essaouira
2022-04-22,19.1,11.3,0.0,Essaouira
2022-04-23,18.6,14.0,2.3,Essaouira
2022-04-24,18.6,15.3,0.0,Essaouira
2022-04-25,19.1,13.0,0.0,Essaouira
2022-04-26,19.0,13.4,0.0,Essaouira
2022-04-27,20.3,14.8,0.0,Essaouira
2022-04-28,20.9,14.8,0.0,Essaouira
2022-04-29,22.4,14.3,0.0,Essaouira
2022-04-30,21.1,14.4,0.0,Essaouira
2022-05-01,21.2,14.7,0.0,Essaouira
2022-05-02,20.3,15.2,0.0,Essaouira
2022-05-03,19.0,14.6,0.1,Essaouira
2022-05-04,19.4,13.5,0.0,Essaouira
2022-05-05,21.6,15.5,0.0,Essaouira
2022-05-06,25.2,17.5,0.0,Essaouira
2022-05-07,24.9,18.2,0.0,Essaouira
2022-05-08,24.2,18.0,0.0,Essaouira
2022-05-09,25.8,17.6,0.0,Essaouira
2022-05-10,23.0,16.5,0.0,Essaouira
2022-05-11,27.1,15.0,0.0,Essaouira
2022-05-12,28.1,17.3,0.7,Essaouira
2022-05-13,21.2,14.4,0.0,Essaouira
2022-05-14,21.6,15.3,0.0,Essaouira
2022-05-15,21.5,15.1,0.0,Essaouira
2022-05-16,22.3,17.0,0.0,Essaouira
2022-05-17,22.3,17.1,0.0,Essaouira
2022-05-18,22.4,17.3,0.0,Essaouira
2022-05-19,23.3,18.7,0.0,Essaouira
2022-05-20,22.0,17.7,0.0,Essaouira
2022-05-21,21.8,17.6,0.0,Essaouira
2022-05-22,22.2,17.2,0.0,Essaouira
2022-05-23,21.9,17.2,0.0,Essaouira
2022-05-24,22.3,17.1,0.0,Essaouira
2022-05-25,21.3,15.9,0.0,Essaouira
2022-05-26,21.9,15.7,0.0,Essaouira
2022-05-27,23.8,16.5,0.0,Essaouira
2022-05-28,21.8,16.8,0.0,Essaouira
2022-05-29,21.4,14.9,0.0,Essaouira
2022-05-30,21.9,14.8,0.0,Essaouira
2022-05-31,23.2,15.0,0.0,Essaouira
2022-06-01,24.0,15.9,0.0,Essaouira
2022-06-02,22.9,16.8,0.1,Essaouira
2022-06-03,22.8,17.3,0.2,Essaouira
2022-06-04,23.4,18.9,0.0,Essaouira
2022-06-05,24.3,18.2,0.0,Essaouira
2022-06-06,23.7,18.2,0.0,Essaouira
2022-06-07,23.7,18.4,0.0,Essaouira
2022-06-08,25.4,18.3,0.0,Essaouira
2022-06-09,24.2,19.5,0.0,Essaouira
2022-06-10,22.7,18.3,0.0,Essaouira
2022-06-11,22.4,18.6,0.0,Essaouira
2022-06-12,22.1,18.4,0.0,Essaouira
2022-06-13,22.7,18.3,0.3,Essaouira
2022-06-14,22.5,17.7,0.0,Essaouira
2022-06-15,22.3,18.7,1.3,Essaouira
2022-06-16,23.6,17.4,0.0,Essaouira
2022-06-17,23.3,18.2,0.0,Essaouira
2022-06-18,23.2,18.7,0.0,Essaouira
2022-06-19,22.8,17.9,0.0,Essaouira
2022-06-20,23.2,18.0,0.0,Essaouira
2022-06-21,22.6,17.7,0.0,Essaouira
2022-06-22,22.2,17.0,0.0,Essaouira
2022-06-23,22.5,15.9,0.0,Essaouira
2022-06-24,23.6,17.9,0.0,Essaouira
2022-06-25,23.1,18.4,0.0,Essaouira
2022-06-26,23.3,18.3,0.0,Essaouira
2022-06-27,23.7,18.1,0.0,Essaouira
2022-06-28,22.9,17.3,0.0,Essaouira
2022-06-29,22.4,17.6,0.0,Essaouira
2022-06-30,22.1,18.2,0.0,Essaouira
2022-07-01,22.2,17.5,0.0,Essaouira
2022-07-02,22.7,17.5,0.0,Essaouira
2022-07-03,22.7,17.6,0.0,Essaouira
2022-07-04,22.9,18.1,0.0,Essaouira
2022-07-05,22.8,17.8,0.0,Essaouira
2022-07-06,22.8,17.7,0.0,Essaouira
2022-07-07,24.2,18.2,0.0,Essaouira
2022-07-08,26.8,21.2,0.0,Essaouira
2022-07-09,30.6,22.6,0.0,Essaouira
2022-07-10,30.4,22.2,0.0,Essaouira
2022-07-11,24.8,20.2,0.0,Essaouira
2022-07-12,22.7,18.7,0.0,Essaouira
2022-07-13,23.5,18.4,0.0,Essaouira
2022-07-14,24.9,18.8,0.0,Essaouira
2022-07-15,24.0,20.0,0.0,Essaouira
2022-07-16,24.4,19.8,0.0,Essaouira
2022-07-17,24.1,19.5,0.0,Essaouira
2022-07-18,24.7,19.5,0.0,Essaouira
2022-07-19,26.4,20.3,0.0,Essaouira
2022-07-20,32.1,20.2,0.0,Essaouira
2022-07-21,28.6,21.9,0.0,Essaouira
2022-07-22,28.7,19.9,0.0,Essaouira
2022-07-23,30.5,19.1,0.0,Essaouira
2022-07-24,30.1,20.6,0.0,Essaouira
2022-07-25,36.8,21.6,0.0,Essaouira
2022-07-26,30.3,24.1,0.0,Essaouira
2022-07-27,26.2,20.5,0.0,Essaouira
2022-07-28,24.0,19.2,0.0,Essaouira
2022-07-29,24.9,20.1,0.0,Essaouira
2022-07-30,25.4,19.7,0.0,Essaouira
2022-07-31,26.4,18.1,0.0,Essaouira
2022-08-01,28.3,20.5,0.0,Essaouira
2022-08-02,26.0,19.9,0.0,Essaouira
2022-08-03,25.7,19.4,0.0,Essaouira
2022-08-04,24.2,19.2,0.0,Essaouira
2022-08-05,24.3,18.8,0.0,Essaouira
2022-08-06,25.6,18.7,0.0,Essaouira
2022-08-07,24.6,18.7,0.0,Essaouira
2022-08-08,23.8,18.6,0.0,Essaouira
2022-08-09,23.6,18.4,0.0,Essaouira
2022-08-10,23.2,18.1,0.0,Essaouira
2022-08-11,23.7,18.3,0.0,Essaouira
2022-08-12,24.6,18.6,0.0,Essaouira
2022-08-13,25.0,18.9,0.0,Essaouira
2022-08-14,23.9,19.8,0.0,Essaouira
2022-08-15,23.4,19.1,0.2,Essaouira
2022-08-16,23.6,18.4,0.0,Essaouira
2022-08-17,24.7,19.8,0.0,Essaouira
2022-08-18,24.6,18.8,0.0,Essaouira
2022-08-19,25.1,17.6,0.0,Essaouira
2022-08-20,27.2,18.1,0.0,Essaouira
2022-08-21,30.5,22.1,0.0,Essaouira
2022-08-22,26.5,20.5,0.0,Essaouira
2022-08-23,24.1,19.2,0.0,Essaouira
2022-08-24,23.8,19.6,0.0,Essaouira
2022-08-25,24.3,19.1,0.0,Essaouira
2022-08-26,23.7,19.5,0.0,Essaouira
2022-08-27,23.1,19.3,0.0,Essaouira
2022-08-28,23.3,18.0,0.0,Essaouira
2022-08-29,24.9,18.8,0.0,Essaouira
2022-08-30,28.7,19.1,0.0,Essaouira
2022-08-31,27.1,20.9,0.0,Essaouira
2022-09-01,27.4,20.8,0.0,Essaouira
2022-09-02,26.4,19.8,0.0,Essaouira
2022-09-03,24.4,18.9,0.0,Essaouira
2022-09-04,23.8,18.7,0.0,Essaouira
2022-09-05,23.9,18.6,0.0,Essaouira
2022-09-06,24.1,18.6,0.0,Essaouira
2022-09-07,24.2,19.2,0.0,Essaouira
2022-09-08,25.0,19.4,0.0,Essaouira
2022-09-09,24.8,19.4,0.0,Essaouira
2022-09-10,23.4,19.3,0.0,Essaouira
2022-09-11,24.6,18.3,0.0,Essaouira
2022-09-12,23.3,18.5,0.0,Essaouira
2022-09-13,24.0,19.9,0.4,Essaouira
2022-09-14,24.0,20.2,0.0,Essaouira
2022-09-15,24.6,19.3,0.0,Essaouira
2022-09-16,24.6,19.8,0.0,Essaouira
2022-09-17,25.1,19.6,0.0,Essaouira
2022-09-18,24.2,19.4,0.0,Essaouira
2022-09-19,24.5,19.6,0.0,Essaouira
2022-09-20,24.8,19.6,0.0,Essaouira
2022-09-21,25.5,19.5,0.0,Essaouira
2022-09-22,24.6,19.6,0.0,Essaouira
2022-09-23,24.8,19.3,0.0,Essaouira
2022-09-24,24.3,19.6,0.1,Essaouira
2022-09-25,21.5,18.9,3.0,Essaouira
2022-09-26,23.3,17.7,0.0,Essaouira
2022-09-27,24.2,17.4,0.0,Essaouira
2022-09-28,23.0,16.9,0.0,Essaouira
2022-09-29,23.8,18.0,0.0,Essaouira
2022-09-30,23.6,17.9,0.0,Essaouira
2022-10-01,23.7,17.1,0.0,Essaouira
2022-10-02,26.0,17.8,0.0,Essaouira
2022-10-03,25.6,17.6,0.0,Essaouira
2022-10-04,24.2,17.7,0.0,Essaouira
2022-10-05,23.9,17.5,0.0,Essaouira
2022-10-06,22.0,17.5,0.0,Essaouira
2022-10-07,23.7,19.0,0.0,Essaouira
2022-10-08,24.2,19.2,0.0,Essaouira
2022-10-09,23.2,18.8,0.0,Essaouira
2022-10-10,22.3,18.2,0.0,Essaouira
2022-10-11,22.2,17.5,0.5,Essaouira
2022-10-12,22.1,16.6,1.6,Essaouira
2022-10-13,24.4,17.8,0.0,Essaouira
2022-10-14,26.6,19.8,0.0,Essaouira
2022-10-15,28.4,17.1,0.0,Essaouira
2022-10-16,27.7,18.2,0.8,Essaouira
2022-10-17,26.9,18.5,0.0,Essaouira
2022-10-18,27.8,18.1,0.0,Essaouira
2022-10-19,27.4,17.5,0.0,Essaouira
2022-10-20,22.7,17.1,0.0,Essaouira
2022-10-21,24.2,15.7,0.0,Essaouira
2022-10-22,23.9,16.2,0.0,Essaouira
2022-10-23,22.2,16.5,0.0,Essaouira
2022-10-24,27.3,14.6,0.0,Essaouira
2022-10-25,26.8,17.6,0.0,Essaouira
2022-10-26,31.1,19.2,0.0,Essaouira
2022-10-27,28.9,16.0,0.0,Essaouira
2022-10-28,29.3,17.8,0.0,Essaouira
2022-10-29,28.4,19.4,0.0,Essaouira
2022-10-30,30.8,16.9,0.0,Essaouira
2022-10-31,25.3,16.0,0.0,Essaouira
2022-11-01,24.0,16.8,0.0,Essaouira
2022-11-02,23.2,16.9,0.0,Essaouira
2022-11-03,22.8,16.7,0.0,Essaouira
2022-11-04,22.8,16.9,0.0,Essaouira
2022-11-05,22.4,16.2,0.0,Essaouira
2022-11-06,22.7,16.8,0.0,Essaouira
2022-11-07,22.0,14.8,0.0,Essaouira
2022-11-08,22.0,13.6,0.0,Essaouira
2022-11-09,21.9,15.2,0.0,Essaouira
2022-11-10,23.7,17.0,0.0,Essaouira
2022-11-11,21.4,13.5,0.0,Essaouira
2022-11-12,24.3,12.7,0.0,Essaouira
2022-11-13,26.6,13.9,0.0,Essaouira
2022-11-14,31.1,18.4,0.0,Essaouira
2022-11-15,24.8,17.1,0.0,Essaouira
2022-11-16,24.8,13.4,0.0,Essaouira
2022-11-17,21.6,13.0,0.0,Essaouira
2022-11-18,22.6,17.0,0.6,Essaouira
2022-11-19,22.9,15.6,0.0,Essaouira
2022-11-20,24.4,14.4,0.0,Essaouira
2022-11-21,22.1,15.0,0.0,Essaouira
2022-11-22,23.4,15.8,0.0,Essaouira
2022-11-23,23.6,16.3,0.0,Essaouira
2022-11-24,21.4,14.5,0.0,Essaouira
2022-11-25,22.5,15.8,0.0,Essaouira
2022-11-26,23.8,12.7,0.0,Essaouira
2022-11-27,22.9,13.4,0.0,Essaouira
2022-11-28,23.4,15.3,0.0,Essaouira
2022-11-29,21.9,13.6,0.0,Essaouira
2022-11-30,18.9,10.4,0.0,Essaouira
2022-12-01,19.4,11.0,1.0,Essaouira
2022-12-02,19.2,13.8,0.1,Essaouira
2022-12-03,19.4,12.8,0.4,Essaouira
2022-12-04,22.4,13.3,0.1,Essaouira
2022-12-05,20.6,15.9,33.5,Essaouira
2022-12-06,19.8,15.2,0.3,Essaouira
2022-12-07,22.7,13.8,0.2,Essaouira
2022-12-08,20.9,16.4,11.8,Essaouira
2022-12-09,20.1,17.6,4.5,Essaouira
2022-12-10,21.2,15.9,0.6,Essaouira
2022-12-11,21.5,16.0,0.0,Essaouira
2022-12-12,22.3,17.1,0.0,Essaouira
2022-12-13,22.4,15.8,0.0,Essaouira
2022-12-14,23.3,17.9,30.0,Essaouira
2022-12-15,19.6,16.3,2.5,Essaouira
2022-12-16,19.2,13.5,2.0,Essaouira
2022-12-17,19.7,13.2,0.0,Essaouira
2022-12-18,21.0,12.1,0.0,Essaouira
2022-12-19,21.6,11.7,0.0,Essaouira
2022-12-20,21.6,12.6,0.0,Essaouira
2022-12-21,21.0,14.6,0.0,Essaouira
2022-12-22,21.0,12.8,0.0,Essaouira
2022-12-23,21.0,11.1,0.0,Essaouira
2022-12-24,23.0,11.2,0.0,Essaouira
2022-12-25,22.4,14.2,0.0,Essaouira
2022-12-26,24.8,13.5,0.0,Essaouira
2022-12-27,20.4,10.9,0.0,Essaouira
2022-12-28,22.5,10.3,0.0,Essaouira
2022-12-29,20.3,11.5,0.0,Essaouira
2022-12-30,22.7,10.6,0.0,Essaouira
2022-12-31,23.1,12.8,0.0,Essaouira
2023-01-01,21.3,11.6,0.0,Essaouira
2023-01-02,20.8,11.6,0.0,Essaouira
2023-01-03,20.0,11.0,0.0,Essaouira
2023-01-04,20.7,11.7,0.0,Essaouira
2023-01-05,19.2,10.4,0.0,Essaouira
2023-01-06,18.3,10.0,0.0,Essaouira
2023-01-07,18.9,9.7,0.0,Essaouira
2023-01-08,19.1,10.4,0.0,Essaouira
2023-01-09,21.2,13.4,0.0,Essaouira
2023-01-10,20.1,11.9,0.0,Essaouira
2023-01-11,20.3,12.8,0.0,Essaouira
2023-01-12,20.4,14.1,0.0,Essaouira
2023-01-13,20.3,13.4,0.0,Essaouira
2023-01-14,19.8,13.0,0.0,Essaouira
2023-01-15,18.9,12.8,0.0,Essaouira
2023-01-16,19.9,12.7,0.0,Essaouira
2023-01-17,18.5,11.6,0.0,Essaouira
2023-01-18,18.5,13.1,0.3,Essaouira
2023-01-19,19.6,11.9,0.0,Essaouira
2023-01-20,19.8,11.1,0.0,Essaouira
2023-01-21,20.2,12.2,0.0,Essaouira
2023-01-22,19.8,12.8,0.0,Essaouira
2023-01-23,18.2,12.3,0.0,Essaouira
2023-01-24,18.3,10.2,0.0,Essaouira
2023-01-25,17.4,9.5,0.0,Essaouira
2023-01-26,17.4,8.6,0.0,Essaouira
2023-01-27,15.7,9.5,5.1,Essaouira
2023-01-28,16.2,10.0,0.0,Essaouira
2023-01-29,16.5,8.7,0.0,Essaouira
2023-01-30,16.8,7.6,0.0,Essaouira
2023-01-31,17.1,8.5,0.0,Essaouira
2023-02-01,18.0,11.0,1.3,Essaouira
2023-02-02,17.5,9.6,0.0,Essaouira
2023-02-03,17.5,8.0,0.0,Essaouira
2023-02-04,18.0,7.6,0.0,Essaouira
2023-02-05,17.0,6.0,0.0,Essaouira
2023-02-06,17.0,7.3,0.0,Essaouira
2023-02-07,16.1,7.4,0.0,Essaouira
2023-02-08,17.4,11.6,0.0,Essaouira
2023-02-09,19.0,8.5,0.0,Essaouira
2023-02-10,16.4,13.1,6.8,Essaouira
2023-02-11,19.5,11.3,2.2,Essaouira
2023-02-12,21.3,12.9,0.0,Essaouira
2023-02-13,20.5,11.9,0.2,Essaouira
2023-02-14,17.8,13.7,1.8,Essaouira
2023-02-15,15.3,10.6,38.6,Essaouira
2023-02-16,16.1,10.1,3.0,Essaouira
2023-02-17,20.4,11.4,15.8,Essaouira
2023-02-18,19.1,9.6,0.0,Essaouira
2023-02-19,22.4,12.0,0.0,Essaouira
2023-02-20,21.4,14.4,0.0,Essaouira
2023-02-21,19.0,14.0,0.0,Essaouira
2023-02-22,18.9,14.0,0.0,Essaouira
2023-02-23,19.4,14.0,9.3,Essaouira
2023-02-24,16.7,11.5,0.8,Essaouira
2023-02-25,17.1,9.4,0.0,Essaouira
2023-02-26,17.6,12.3,11.5,Essaouira
2023-02-27,17.8,12.6,0.9,Essaouira
2023-02-28,18.7,11.9,0.0,Essaouira
2023-03-01,17.6,13.2,0.0,Essaouira
2023-03-02,17.8,11.0,2.4,Essaouira
2023-03-03,18.4,13.8,0.3,Essaouira
2023-03-04,17.5,12.9,0.0,Essaouira
2023-03-05,18.4,11.5,0.0,Essaouira
2023-03-06,19.0,10.0,0.0,Essaouira
2023-03-07,20.2,12.4,0.0,Essaouira
2023-03-08,20.5,14.5,0.0,Essaouira
2023-03-09,20.6,14.5,0.0,Essaouira
2023-03-10,24.5,16.5,0.0,Essaouira
2023-03-11,26.1,18.2,0.0,Essaouira
2023-03-12,22.1,15.2,0.0,Essaouira
2023-03-13,20.9,13.4,0.0,Essaouira
2023-03-14,21.2,14.6,0.0,Essaouira
2023-03-15,20.0,13.2,0.0,Essaouira
2023-03-16,18.7,11.9,0.0,Essaouira
2023-03-17,19.9,14.5,0.0,Essaouira
2023-03-18,19.8,14.8,0.0,Essaouira
2023-03-19,20.1,13.5,0.0,Essaouira
2023-03-20,20.2,14.7,0.0,Essaouira
2023-03-21,20.9,11.6,0.0,Essaouira
2023-03-22,20.9,14.0,0.0,Essaouira
2023-03-23,20.2,14.8,0.0,Essaouira
2023-03-24,20.4,14.9,0.0,Essaouira
2023-03-25,21.5,15.5,0.0,Essaouira
2023-03-26,22.6,15.7,0.0,Essaouira
2023-03-27,22.4,16.6,0.0,Essaouira
2023-03-28,25.4,17.4,0.0,Essaouira
2023-03-29,24.9,18.2,0.0,Essaouira
2023-03-30,30.1,20.6,0.0,Essaouira
2023-03-31,26.0,18.1,0.0,Essaouira
2023-04-01,23.5,16.5,0.0,Essaouira
2023-04-02,24.0,16.6,0.0,Essaouira
2023-04-03,20.8,15.8,0.0,Essaouira
2023-04-04,17.7,14.2,1.9,Essaouira
2023-04-05,18.6,12.1,10.5,Essaouira
2023-04-06,19.7,15.1,0.0,Essaouira
2023-04-07,19.9,14.0,0.0,Essaouira
2023-04-08,19.0,14.8,0.0,Essaouira
2023-04-09,28.7,14.2,0.0,Essaouira
2023-04-10,24.4,17.0,0.0,Essaouira
2023-04-11,24.4,18.1,0.0,Essaouira
2023-04-12,22.8,16.3,0.0,Essaouira
2023-04-13,22.3,14.2,0.0,Essaouira
2023-04-14,21.5,14.1,0.0,Essaouira
2023-04-15,25.7,16.8,0.0,Essaouira
2023-04-16,23.2,15.1,0.0,Essaouira
2023-04-17,20.2,12.7,0.0,Essaouira
2023-04-18,19.8,15.5,0.2,Essaouira
2023-04-19,21.3,15.7,2.3,Essaouira
2023-04-20,20.6,16.1,0.1,Essaouira
2023-04-21,20.0,15.2,0.0,Essaouira
2023-04-22,21.5,13.1,0.0,Essaouira
2023-04-23,23.2,16.3,0.0,Essaouira
2023-04-24,25.2,17.6,0.0,Essaouira
2023-04-25,22.7,16.0,0.0,Essaouira
2023-04-26,23.2,16.2,0.0,Essaouira
2023-04-27,22.0,16.0,0.0,Essaouira
2023-04-28,21.7,16.6,0.0,Essaouira
2023-04-29,26.1,16.9,0.0,Essaouira
2023-04-30,25.5,18.5,0.0,Essaouira
2023-05-01,24.4,16.8,0.0,Essaouira
2023-05-02,23.2,15.1,0.0,Essaouira
2023-05-03,22.4,17.4,0.0,Essaouira
2023-05-04,22.3,17.6,0.0,Essaouira
2023-05-05,21.9,16.9,0.0,Essaouira
2023-05-06,22.3,16.2,0.0,Essaouira
2023-05-07,23.9,17.7,0.0,Essaouira
2023-05-08,25.8,17.9,0.0,Essaouira
2023-05-09,27.4,19.4,0.0,Essaouira
2023-05-10,26.5,19.4,0.0,Essaouira
2023-05-11,23.3,17.2,0.0,Essaouira
2023-05-12,21.7,16.1,0.0,Essaouira
2023-05-13,21.7,16.2,0.0,Essaouira
2023-05-14,21.8,15.8,0.0,Essaouira
2023-05-15,21.5,16.1,0.0,Essaouira
2023-05-16,21.2,15.6,0.0,Essaouira
2023-05-17,20.4,14.6,1.7,Essaouira
2023-05-18,20.5,14.4,0.5,Essaouira
2023-05-19,21.4,15.1,0.0,Essaouira
2023-05-20,21.3,15.9,0.1,Essaouira
2023-05-21,20.6,15.6,1.4,Essaouira
2023-05-22,21.6,14.9,0.4,Essaouira
2023-05-23,21.5,15.0,0.2,Essaouira
2023-05-24,21.9,14.8,0.0,Essaouira
2023-05-25,22.4,16.5,0.0,Essaouira
2023-05-26,21.9,17.4,1.2,Essaouira
2023-05-27,22.0,16.6,0.8,Essaouira
2023-05-28,22.6,15.9,0.3,Essaouira
2023-05-29,22.7,17.6,0.0,Essaouira
2023-05-30,23.4,15.9,0.0,Essaouira
2023-05-31,23.1,17.2,0.0,Essaouira
2023-06-01,22.6,16.0,0.0,Essaouira
2023-06-02,23.6,17.6,0.0,Essaouira
2023-06-03,23.6,17.7,0.0,Essaouira
2023-06-04,23.3,17.9,0.0,Essaouira
2023-06-05,23.1,17.3,0.0,Essaouira
2023-06-06,22.8,16.7,0.0,Essaouira
2023-06-07,25.7,19.9,0.0,Essaouira
2023-06-08,23.5,19.5,2.3,Essaouira
2023-06-09,23.4,18.0,0.9,Essaouira
2023-06-10,24.2,17.8,0.0,Essaouira
2023-06-11,24.2,18.2,0.0,Essaouira
2023-06-12,24.2,18.6,0.0,Essaouira
2023-06-13,23.8,19.9,0.0,Essaouira
2023-06-14,25.5,19.3,0.0,Essaouira
2023-06-15,25.2,19.1,0.0,Essaouira
2023-06-16,25.4,18.7,0.0,Essaouira
2023-06-17,23.7,19.6,0.0,Essaouira
2023-06-18,24.1,20.3,0.0,Essaouira
2023-06-19,24.0,18.2,0.2,Essaouira
2023-06-20,24.7,19.1,0.0,Essaouira
2023-06-21,24.5,18.5,0.0,Essaouira
2023-06-22,25.3,19.8,0.0,Essaouira
2023-06-23,25.1,20.1,0.0,Essaouira
2023-06-24,25.1,20.2,0.0,Essaouira
2023-06-25,26.3,19.7,0.0,Essaouira
2023-06-26,32.3,22.9,0.0,Essaouira
2023-06-27,36.3,25.4,0.0,Essaouira
2023-06-28,29.4,21.3,0.0,Essaouira
2023-06-29,25.8,19.5,0.0,Essaouira
2023-06-30,26.1,20.0,0.0,Essaouira
2023-07-01,24.7,18.6,0.0,Essaouira
2023-07-02,25.8,19.5,0.0,Essaouira
2023-07-03,25.2,19.2,0.0,Essaouira
2023-07-04,25.3,19.0,0.0,Essaouira
2023-07-05,26.1,19.3,0.0,Essaouira
2023-07-06,25.1,19.2,0.0,Essaouira
2023-07-07,24.9,18.8,0.0,Essaouira
2023-07-08,25.3,19.1,0.0,Essaouira
2023-07-09,26.0,19.4,0.0,Essaouira
2023-07-10,26.3,21.0,0.0,Essaouira
2023-07-11,26.6,19.6,0.0,Essaouira
2023-07-12,28.2,19.6,0.0,Essaouira
2023-07-13,29.3,20.4,0.0,Essaouira
2023-07-14,27.1,19.7,0.0,Essaouira
2023-07-15,27.0,19.0,0.0,Essaouira
2023-07-16,25.6,19.5,0.0,Essaouira
2023-07-17,25.4,19.0,0.0,Essaouira
2023-07-18,27.0,19.4,0.1,Essaouira
2023-07-19,25.3,19.0,0.0,Essaouira
2023-07-20,25.2,19.6,0.0,Essaouira
2023-07-21,26.1,19.9,0.0,Essaouira
2023-07-22,25.0,19.8,0.0,Essaouira
2023-07-23,24.4,18.9,0.0,Essaouira
2023-07-24,24.2,18.7,0.0,Essaouira
2023-07-25,24.3,18.6,0.0,Essaouira
2023-07-26,23.8,17.7,0.0,Essaouira
2023-07-27,24.7,18.3,0.0,Essaouira
2023-07-28,25.4,19.0,0.0,Essaouira
2023-07-29,24.9,19.2,0.0,Essaouira
2023-07-30,26.5,19.6,0.0,Essaouira
2023-07-31,26.9,20.7,0.0,Essaouira
2023-08-01,26.6,19.9,0.0,Essaouira
2023-08-02,26.3,18.9,0.0,Essaouira
2023-08-03,26.9,19.8,0.0,Essaouira
2023-08-04,24.2,19.2,0.0,Essaouira
2023-08-05,24.4,18.3,0.0,Essaouira
2023-08-06,24.0,18.5,0.0,Essaouira
2023-08-07,23.1,17.5,0.0,Essaouira
2023-08-08,24.6,18.4,0.0,Essaouira
2023-08-09,25.8,19.1,0.0,Essaouira
2023-08-10,32.9,21.3,0.0,Essaouira
2023-08-11,37.0,24.5,0.0,Essaouira
2023-08-12,38.5,26.5,0.0,Essaouira
2023-08-13,33.1,22.0,0.0,Essaouira
2023-08-14,27.2,20.4,0.0,Essaouira
2023-08-15,25.3,19.4,0.0,Essaouira
2023-08-16,25.8,18.7,0.0,Essaouira
2023-08-17,25.6,19.0,0.0,Essaouira
2023-08-18,27.3,19.2,0.0,Essaouira
2023-08-19,28.8,21.2,0.0,Essaouira
2023-08-20,30.4,17.6,0.0,Essaouira
2023-08-21,26.8,22.0,0.0,Essaouira
2023-08-22,27.0,21.2,0.0,Essaouira
2023-08-23,29.7,18.4,0.0,Essaouira
2023-08-24,37.7,24.2,0.0,Essaouira
2023-08-25,36.6,22.2,0.0,Essaouira
2023-08-26,26.3,21.1,0.0,Essaouira
2023-08-27,28.5,21.2,0.0,Essaouira
2023-08-28,28.4,19.8,0.0,Essaouira
2023-08-29,27.0,20.6,0.0,Essaouira
2023-08-30,24.6,19.6,0.0,Essaouira
2023-08-31,23.9,18.6,0.0,Essaouira
2023-09-01,24.5,18.5,0.0,Essaouira
2023-09-02,24.5,18.6,0.0,Essaouira
2023-09-03,24.0,16.3,0.9,Essaouira
2023-09-04,25.3,18.2,0.0,Essaouira
2023-09-05,25.2,16.9,0.0,Essaouira
2023-09-06,26.0,16.7,0.0,Essaouira
2023-09-07,25.9,17.6,0.0,Essaouira
2023-09-08,25.7,16.5,0.0,Essaouira
2023-09-09,25.9,20.0,0.0,Essaouira
2023-09-10,25.9,16.9,0.0,Essaouira
2023-09-11,26.0,18.3,0.0,Essaouira
2023-09-12,25.9,20.2,0.0,Essaouira
2023-09-13,26.5,20.2,0.0,Essaouira
2023-09-14,25.6,20.4,0.0,Essaouira
2023-09-15,25.9,19.3,0.0,Essaouira
2023-09-16,24.9,17.7,0.0,Essaouira
2023-09-17,24.3,17.6,0.2,Essaouira
2023-09-18,25.1,18.4,0.0,Essaouira
2023-09-19,25.0,18.5,0.0,Essaouira
2023-09-20,25.8,17.7,0.0,Essaouira
2023-09-21,25.5,17.7,0.0,Essaouira
2023-09-22,26.6,18.8,0.0,Essaouira
2023-09-23,25.6,18.0,0.0,Essaouira
2023-09-24,24.2,17.5,0.0,Essaouira
2023-09-25,23.6,17.6,0.0,Essaouira
2023-09-26,23.9,17.2,0.0,Essaouira
2023-09-27,25.1,18.5,0.0,Essaouira
2023-09-28,26.2,19.1,0.0,Essaouira
2023-09-29,25.4,19.0,0.0,Essaouira
2023-09-30,26.2,18.0,0.0,Essaouira
2023-10-01,28.0,21.0,0.0,Essaouira
2023-10-02,30.5,21.5,0.0,Essaouira
2023-10-03,26.7,20.6,0.0,Essaouira
2023-10-04,26.9,20.2,0.0,Essaouira
2023-10-05,27.6,19.9,0.0,Essaouira
2023-10-06,28.4,18.1,0.0,Essaouira
2023-10-07,31.7,23.1,0.0,Essaouira
2023-10-08,32.5,22.5,0.0,Essaouira
2023-10-09,30.5,20.4,0.0,Essaouira
2023-10-10,26.5,18.2,0.0,Essaouira
2023-10-11,26.3,17.2,0.0,Essaouira
2023-10-12,26.9,17.0,0.0,Essaouira
2023-10-13,30.8,18.0,0.0,Essaouira
2023-10-14,35.5,20.5,0.0,Essaouira
2023-10-15,30.2,22.5,0.0,Essaouira
2023-10-16,27.9,21.3,0.0,Essaouira
2023-10-17,28.1,21.2,0.0,Essaouira
2023-10-18,25.2,20.0,0.0,Essaouira
2023-10-19,24.9,16.2,0.4,Essaouira
2023-10-20,23.8,19.5,11.2,Essaouira
2023-10-21,23.0,16.1,0.0,Essaouira
2023-10-22,23.0,19.0,2.6,Essaouira
2023-10-23,20.2,15.3,27.4,Essaouira
2023-10-24,23.4,15.1,0.0,Essaouira
2023-10-25,25.5,16.2,0.0,Essaouira
2023-10-26,23.5,15.2,0.0,Essaouira
2023-10-27,24.8,17.6,0.0,Essaouira
2023-10-28,23.0,18.4,0.0,Essaouira
2023-10-29,22.3,13.5,0.1,Essaouira
2023-10-30,24.2,19.5,0.0,Essaouira
2023-10-31,26.3,17.0,0.0,Essaouira
2023-11-01,26.5,17.0,0.0,Essaouira
2023-11-02,23.7,18.0,0.0,Essaouira
2023-11-03,23.8,18.0,0.0,Essaouira
2023-11-04,23.3,17.0,0.0,Essaouira
2023-11-05,24.6,16.5,0.0,Essaouira
2023-11-06,21.3,17.6,0.2,Essaouira
2023-11-07,22.9,15.4,0.0,Essaouira
2023-11-08,23.2,13.4,0.0,Essaouira
2023-11-09,23.9,14.8,0.0,Essaouira
2023-11-10,25.0,16.6,0.0,Essaouira
2023-11-11,25.3,18.0,0.0,Essaouira
2023-11-12,24.8,13.9,0.0,Essaouira
2023-11-13,26.1,15.4,0.0,Essaouira
2023-11-14,31.5,18.7,0.0,Essaouira
2023-11-15,25.9,19.2,0.0,Essaouira
2023-11-16,23.8,16.8,0.0,Essaouira
2023-11-17,24.0,13.7,0.0,Essaouira
2023-11-18,22.8,12.3,0.0,Essaouira
2023-11-19,22.9,11.5,0.0,Essaouira
2023-11-20,25.1,11.0,0.0,Essaouira
2023-11-21,23.6,15.2,0.0,Essaouira
2023-11-22,21.6,14.8,0.0,Essaouira
2023-11-23,21.2,12.8,0.0,Essaouira
2023-11-24,20.5,9.1,0.0,Essaouira
2023-11-25,21.4,11.7,0.0,Essaouira
2023-11-26,20.6,10.9,0.0,Essaouira
2023-11-27,20.4,10.3,0.0,Essaouira
2023-11-28,21.2,10.0,0.0,Essaouira
2023-11-29,21.1,12.4,0.0,Essaouira
2023-11-30,21.7,11.7,0.0,Essaouira
2023-12-01,24.1,16.0,3.4,Essaouira
2023-12-02,21.6,14.1,0.5,Essaouira
2023-12-03,21.6,12.3,0.0,Essaouira
2023-12-04,21.5,9.8,0.0,Essaouira
2023-12-05,21.5,14.7,0.5,Essaouira
2023-12-06,20.7,15.6,1.6,Essaouira
2023-12-07,20.2,14.2,0.0,Essaouira
2023-12-08,24.4,13.2,0.0,Essaouira
2023-12-09,26.7,18.1,0.0,Essaouira
2023-12-10,27.0,13.0,0.0,Essaouira
2023-12-11,24.4,13.5,0.0,Essaouira
2023-12-12,23.1,12.5,0.0,Essaouira
2023-12-13,23.8,11.6,0.0,Essaouira
2023-12-14,22.5,16.1,0.0,Essaouira
2023-12-15,22.0,11.6,0.0,Essaouira
2023-12-16,21.2,10.2,0.0,Essaouira
2023-12-17,19.3,7.6,0.0,Essaouira
2023-12-18,19.0,8.8,0.0,Essaouira
2023-12-19,20.0,7.4,0.0,Essaouira
2023-12-20,19.6,10.2,0.0,Essaouira
2023-12-21,20.8,12.3,0.0,Essaouira
2023-12-22,21.8,7.7,0.0,Essaouira
2023-12-23,20.6,9.2,0.0,Essaouira
2023-12-24,20.4,6.9,0.0,Essaouira
2023-12-25,22.8,9.0,0.0,Essaouira
2023-12-26,20.7,10.5,0.0,Essaouira
2023-12-27,20.4,7.9,0.0,Essaouira
2023-12-28,22.2,7.0,0.0,Essaouira
2023-12-29,23.6,7.7,0.0,Essaouira
2023-12-30,21.8,8.3,0.0,Essaouira
2023-12-31,21.1,8.2,0.0,Essaouira
2024-01-01,23.0,11.6,0.0,Essaouira
2024-01-02,22.1,10.7,0.0,Essaouira
2024-01-03,24.2,10.8,0.0,Essaouira
2024-01-04,22.2,11.3,0.0,Essaouira
2024-01-05,21.1,14.3,1.7,Essaouira
2024-01-06,21.2,13.5,0.0,Essaouira
2024-01-07,18.8,9.3,0.0,Essaouira
2024-01-08,20.0,8.6,0.0,Essaouira
2024-01-09,21.0,10.0,0.0,Essaouira
2024-01-10,21.9,10.9,0.0,Essaouira
2024-01-11,23.3,8.8,0.0,Essaouira
2024-01-12,29.1,9.8,0.0,Essaouira
2024-01-13,26.3,14.8,0.0,Essaouira
2024-01-14,26.1,11.3,0.0,Essaouira
2024-01-15,25.4,11.1,0.0,Essaouira
2024-01-16,26.6,20.7,0.0,Essaouira
2024-01-17,25.0,18.2,1.3,Essaouira
2024-01-18,22.6,14.5,0.0,Essaouira
2024-01-19,19.6,13.8,8.8,Essaouira
2024-01-20,20.3,12.8,0.0,Essaouira
2024-01-21,20.5,12.8,0.0,Essaouira
2024-01-22,22.1,13.1,0.0,Essaouira
2024-01-23,21.8,10.3,0.0,Essaouira
2024-01-24,21.9,9.2,0.0,Essaouira
2024-01-25,22.5,10.1,0.0,Essaouira
2024-01-26,22.1,9.8,0.0,Essaouira
2024-01-27,24.6,9.3,0.0,Essaouira
2024-01-28,24.5,10.9,0.0,Essaouira
2024-01-29,27.3,12.5,0.0,Essaouira
2024-01-30,23.7,10.8,0.0,Essaouira
2024-01-31,24.2,13.4,0.0,Essaouira
2024-02-01,23.3,11.4,0.0,Essaouira
2024-02-02,20.7,10.1,0.0,Essaouira
2024-02-03,22.0,9.5,0.0,Essaouira
2024-02-04,22.2,11.5,0.0,Essaouira
2024-02-05,22.1,11.5,0.0,Essaouira
2024-02-06,21.3,8.3,0.0,Essaouira
2024-02-07,22.8,8.8,0.0,Essaouira
2024-02-08,26.1,10.3,0.0,Essaouira
2024-02-09,21.6,14.3,34.8,Essaouira
2024-02-10,19.4,13.3,1.6,Essaouira
2024-02-11,20.7,12.4,0.0,Essaouira
2024-02-12,23.7,14.8,0.0,Essaouira
2024-02-13,25.2,15.9,0.0,Essaouira
2024-02-14,34.3,17.8,0.0,Essaouira
2024-02-15,21.9,17.2,0.3,Essaouira
2024-02-16,22.7,16.5,0.0,Essaouira
2024-02-17,23.8,15.3,0.0,Essaouira
2024-02-18,22.5,15.7,0.0,Essaouira
2024-02-19,23.2,12.1,0.0,Essaouira
2024-02-20,21.0,13.3,0.0,Essaouira
2024-02-21,22.9,12.1,0.0,Essaouira
2024-02-22,21.9,13.4,0.0,Essaouira
2024-02-23,19.6,15.1,0.2,Essaouira
2024-02-24,20.2,13.4,0.0,Essaouira
2024-02-25,21.4,13.1,0.0,Essaouira
2024-02-26,21.1,12.3,0.0,Essaouira
2024-02-27,19.7,13.9,0.0,Essaouira
2024-02-28,20.0,10.8,0.0,Essaouira
2024-02-29,21.2,11.7,0.0,Essaouira
2024-03-01,21.7,13.2,0.0,Essaouira
2024-03-02,19.5,12.0,0.0,Essaouira
2024-03-03,20.9,11.9,0.0,Essaouira
2024-03-04,20.7,13.5,0.0,Essaouira
2024-03-05,22.2,13.8,0.0,Essaouira
2024-03-06,20.5,12.8,0.0,Essaouira
2024-03-07,19.1,9.6,0.5,Essaouira
2024-03-08,18.3,10.4,0.1,Essaouira
2024-03-09,18.4,11.9,3.1,Essaouira
2024-03-10,18.3,13.7,1.4,Essaouira
2024-03-11,20.8,13.4,0.0,Essaouira
2024-03-12,19.4,10.6,0.0,Essaouira
2024-03-13,19.3,14.7,2.2,Essaouira
2024-03-14,20.0,12.3,0.0,Essaouira
2024-03-15,21.4,14.5,0.0,Essaouira
2024-03-16,26.8,15.6,0.0,Essaouira
2024-03-17,32.7,15.2,0.0,Essaouira
2024-03-18,25.3,18.0,0.0,Essaouira
2024-03-19,21.4,15.3,0.0,Essaouira
2024-03-20,20.3,14.8,0.2,Essaouira
2024-03-21,19.2,12.8,2.7,Essaouira
2024-03-22,18.1,10.8,0.7,Essaouira
2024-03-23,20.5,11.3,4.8,Essaouira
2024-03-24,18.2,13.5,3.8,Essaouira
2024-03-25,18.4,14.8,15.9,Essaouira
2024-03-26,17.4,13.0,4.0,Essaouira
2024-03-27,19.4,10.2,0.0,Essaouira
2024-03-28,20.3,13.7,0.0,Essaouira
2024-03-29,18.1,14.2,13.9,Essaouira
2024-03-30,19.8,14.2,6.8,Essaouira
2024-03-31,19.5,16.4,6.1,Essaouira
2024-04-01,19.4,14.7,7.2,Essaouira
2024-04-02,19.7,12.3,0.0,Essaouira
2024-04-03,23.1,13.7,0.0,Essaouira
2024-04-04,23.0,15.7,0.0,Essaouira
2024-04-05,31.7,15.0,0.0,Essaouira
2024-04-06,22.5,17.2,0.0,Essaouira
2024-04-07,21.4,17.4,0.0,Essaouira
2024-04-08,21.2,16.2,0.0,Essaouira
2024-04-09,26.4,16.5,0.0,Essaouira
2024-04-10,29.4,16.9,0.0,Essaouira
2024-04-11,26.9,17.6,0.0,Essaouira
2024-04-12,26.9,17.5,0.0,Essaouira
2024-04-13,26.1,14.3,0.0,Essaouira
2024-04-14,28.5,16.3,0.0,Essaouira
2024-04-15,27.9,19.2,0.0,Essaouira
2024-04-16,26.8,17.7,0.0,Essaouira
2024-04-17,23.5,16.7,0.0,Essaouira
2024-04-18,20.5,13.7,0.0,Essaouira
2024-04-19,20.8,14.7,0.2,Essaouira
2024-04-20,21.1,14.6,0.0,Essaouira
2024-04-21,20.7,14.7,0.0,Essaouira
2024-04-22,23.7,15.5,0.0,Essaouira
2024-04-23,26.3,17.7,0.0,Essaouira
2024-04-24,24.6,16.9,0.0,Essaouira
2024-04-25,21.3,14.9,0.0,Essaouira
2024-04-26,20.8,14.4,0.0,Essaouira
2024-04-27,20.0,12.3,0.4,Essaouira
2024-04-28,18.9,12.8,0.2,Essaouira
2024-04-29,19.5,13.3,0.1,Essaouira
2024-04-30,21.7,13.3,0.0,Essaouira
2024-05-01,22.1,14.6,0.0,Essaouira
2024-05-02,21.5,15.4,0.0,Essaouira
2024-05-03,22.8,14.5,0.0,Essaouira
2024-05-04,22.3,14.2,0.0,Essaouira
2024-05-05,22.4,15.0,0.0,Essaouira
2024-05-06,23.2,16.3,0.0,Essaouira
2024-05-07,23.6,16.8,0.0,Essaouira
2024-05-08,24.3,16.6,0.0,Essaouira
2024-05-09,26.3,17.2,0.0,Essaouira
2024-05-10,21.4,17.0,0.0,Essaouira
2024-05-11,23.7,16.8,0.0,Essaouira
2024-05-12,23.5,16.7,0.0,Essaouira
2024-05-13,23.4,16.6,0.0,Essaouira
2024-05-14,24.3,16.4,0.0,Essaouira
2024-05-15,21.8,15.6,0.0,Essaouira
2024-05-16,21.6,15.1,0.0,Essaouira
2024-05-17,22.1,15.6,0.0,Essaouira
2024-05-18,21.5,16.2,0.0,Essaouira
2024-05-19,20.5,15.5,0.1,Essaouira
2024-05-20,21.3,14.3,0.0,Essaouira
2024-05-21,22.4,15.8,0.0,Essaouira
2024-05-22,22.0,15.3,0.0,Essaouira
2024-05-23,21.7,15.8,0.0,Essaouira
2024-05-24,21.4,15.3,0.0,Essaouira
2024-05-25,22.5,15.7,0.0,Essaouira
2024-05-26,23.5,16.9,0.0,Essaouira
2024-05-27,21.7,17.1,0.0,Essaouira
2024-05-28,21.9,16.3,0.0,Essaouira
2024-05-29,21.8,15.9,0.0,Essaouira
2024-05-30,22.2,17.6,0.3,Essaouira
2024-05-31,22.9,18.0,0.2,Essaouira
2024-06-01,22.5,17.3,0.0,Essaouira
2024-06-02,22.0,17.0,0.0,Essaouira
2024-06-03,21.8,16.7,0.0,Essaouira
2024-06-04,21.9,18.2,0.0,Essaouira
2024-06-05,23.0,18.0,0.0,Essaouira
2024-06-06,21.9,18.0,0.0,Essaouira
2024-06-07,22.6,17.8,0.0,Essaouira
2024-06-08,23.4,16.6,0.4,Essaouira
2024-06-09,23.2,17.4,0.3,Essaouira
2024-06-10,23.2,17.4,0.2,Essaouira
2024-06-11,23.0,18.0,0.8,Essaouira
2024-06-12,24.0,18.1,0.0,Essaouira
2024-06-13,23.7,17.6,0.0,Essaouira
2024-06-14,21.9,18.4,0.0,Essaouira
2024-06-15,24.0,16.9,0.0,Essaouira
2024-06-16,23.1,16.7,0.0,Essaouira
2024-06-17,23.1,16.5,0.0,Essaouira
2024-06-18,23.4,16.5,0.0,Essaouira
2024-06-19,23.2,17.7,0.0,Essaouira
2024-06-20,23.7,17.1,0.0,Essaouira
2024-06-21,23.6,17.4,0.0,Essaouira
2024-06-22,25.1,17.4,0.0,Essaouira
2024-06-23,25.3,16.8,0.0,Essaouira
2024-06-24,23.5,18.0,0.0,Essaouira
2024-06-25,23.0,18.7,0.4,Essaouira
2024-06-26,23.3,18.3,0.0,Essaouira
2024-06-27,23.0,16.8,0.0,Essaouira
2024-06-28,23.1,15.9,0.0,Essaouira
2024-06-29,23.8,17.4,0.0,Essaouira
2024-06-30,22.8,17.5,0.0,Essaouira
2024-07-01,24.7,17.7,0.0,Essaouira
2024-07-02,23.5,17.7,0.0,Essaouira
2024-07-03,23.5,17.6,0.0,Essaouira
2024-07-04,23.3,18.1,0.0,Essaouira
2024-07-05,23.4,18.3,0.0,Essaouira
2024-07-06,24.0,17.3,0.0,Essaouira
2024-07-07,23.5,18.3,0.0,Essaouira
2024-07-08,23.1,16.8,0.0,Essaouira
2024-07-09,24.2,17.0,0.0,Essaouira
2024-07-10,26.8,18.8,0.0,Essaouira
2024-07-11,26.0,19.5,0.0,Essaouira
2024-07-12,25.5,19.2,0.0,Essaouira
2024-07-13,24.6,17.6,0.0,Essaouira
2024-07-14,25.2,17.1,0.0,Essaouira
2024-07-15,25.0,17.8,0.0,Essaouira
2024-07-16,25.3,18.8,0.0,Essaouira
2024-07-17,25.8,18.2,0.0,Essaouira
2024-07-18,26.9,18.4,0.0,Essaouira
2024-07-19,29.0,18.6,0.0,Essaouira
2024-07-20,26.4,19.7,0.0,Essaouira
2024-07-21,27.6,19.7,0.0,Essaouira
2024-07-22,24.8,19.0,0.0,Essaouira
2024-07-23,27.9,18.8,0.0,Essaouira
2024-07-24,30.3,21.2,0.0,Essaouira
2024-07-25,29.5,20.5,0.0,Essaouira
2024-07-26,25.8,19.0,0.0,Essaouira
2024-07-27,25.2,19.1,0.0,Essaouira
2024-07-28,24.3,19.0,0.0,Essaouira
2024-07-29,23.8,18.7,0.0,Essaouira
2024-07-30,25.3,18.4,0.0,Essaouira
2024-07-31,25.7,19.4,0.0,Essaouira
2024-08-01,25.6,19.6,0.0,Essaouira
2024-08-02,27.4,20.0,0.0,Essaouira
2024-08-03,27.1,20.7,0.0,Essaouira
2024-08-04,26.2,18.7,0.0,Essaouira
2024-08-05,24.6,18.8,0.0,Essaouira
2024-08-06,24.4,18.1,0.0,Essaouira
2024-08-07,25.4,19.0,0.0,Essaouira
2024-08-08,25.3,19.4,0.0,Essaouira
2024-08-09,25.2,18.8,0.0,Essaouira
2024-08-10,25.8,18.8,0.0,Essaouira
2024-08-11,25.6,18.3,0.0,Essaouira
2024-08-12,26.1,18.9,0.0,Essaouira
2024-08-13,26.5,18.5,0.0,Essaouira
2024-08-14,26.7,18.8,0.0,Essaouira
2024-08-15,25.8,18.9,0.0,Essaouira
2024-08-16,24.6,18.3,0.0,Essaouira
2024-08-17,26.3,17.4,0.0,Essaouira
2024-08-18,30.4,22.0,0.0,Essaouira
2024-08-19,29.2,21.5,0.0,Essaouira
2024-08-20,26.1,21.0,0.0,Essaouira
2024-08-21,25.8,20.3,0.0,Essaouira
2024-08-22,24.7,19.0,0.0,Essaouira
2024-08-23,23.9,17.7,0.0,Essaouira
2024-08-24,26.0,19.2,0.0,Essaouira
2024-08-25,25.3,19.6,0.0,Essaouira
2024-08-26,24.9,18.8,0.0,Essaouira
2024-08-27,24.4,17.8,0.0,Essaouira
2024-08-28,24.8,16.9,0.0,Essaouira
2024-08-29,25.5,19.0,0.0,Essaouira
2024-08-30,24.7,19.2,0.0,Essaouira
2024-08-31,24.6,20.0,0.0,Essaouira
2024-09-01,25.2,18.9,0.0,Essaouira
2024-09-02,25.9,19.3,0.0,Essaouira
2024-09-03,25.2,19.7,0.0,Essaouira
2024-09-04,25.5,19.1,0.0,Essaouira
2024-09-05,24.7,18.5,0.0,Essaouira
2024-09-06,25.2,18.6,0.0,Essaouira
2024-09-07,27.6,19.3,4.2,Essaouira
2024-09-08,23.6,18.1,1.1,Essaouira
2024-09-09,24.6,18.3,0.0,Essaouira
2024-09-10,23.8,17.8,0.0,Essaouira
2024-09-11,24.6,17.9,0.0,Essaouira
2024-09-12,28.9,18.1,0.0,Essaouira
2024-09-13,24.9,18.6,0.0,Essaouira
2024-09-14,23.7,17.0,0.0,Essaouira
2024-09-15,22.8,18.0,0.0,Essaouira
2024-09-16,22.9,17.3,0.1,Essaouira
2024-09-17,23.1,17.4,0.0,Essaouira
2024-09-18,23.6,18.3,0.0,Essaouira
2024-09-19,23.3,15.0,0.0,Essaouira
2024-09-20,24.0,18.3,0.3,Essaouira
2024-09-21,24.7,16.7,0.0,Essaouira
2024-09-22,25.4,19.3,0.0,Essaouira
2024-09-23,25.3,19.1,0.0,Essaouira
2024-09-24,25.3,18.7,0.0,Essaouira
2024-09-25,25.7,18.7,0.0,Essaouira
2024-09-26,25.2,15.7,0.0,Essaouira
2024-09-27,26.0,18.8,0.0,Essaouira
2024-09-28,24.5,19.2,0.0,Essaouira
2024-09-29,24.8,17.9,0.0,Essaouira
2024-09-30,24.0,17.0,0.0,Essaouira
2024-10-01,26.3,18.4,0.0,Essaouira
2024-10-02,26.0,20.6,0.0,Essaouira
2024-10-03,26.6,19.2,0.0,Essaouira
2024-10-04,26.1,19.0,0.0,Essaouira
2024-10-05,26.0,19.8,0.0,Essaouira
2024-10-06,25.0,18.8,0.0,Essaouira
2024-10-07,23.1,17.1,0.2,Essaouira
2024-10-08,23.3,17.1,0.0,Essaouira
2024-10-09,24.1,16.0,0.0,Essaouira
2024-10-10,24.2,19.6,0.0,Essaouira
2024-10-11,24.0,18.7,0.0,Essaouira
2024-10-12,25.0,19.3,8.9,Essaouira
2024-10-13,23.3,18.4,0.7,Essaouira
2024-10-14,22.7,17.0,3.8,Essaouira
2024-10-15,23.0,19.3,4.5,Essaouira
2024-10-16,23.6,19.1,1.3,Essaouira
2024-10-17,24.3,18.1,0.0,Essaouira
2024-10-18,26.0,17.3,0.0,Essaouira
2024-10-19,26.7,17.8,0.0,Essaouira
2024-10-20,25.2,17.9,0.0,Essaouira
2024-10-21,23.8,17.8,0.0,Essaouira
2024-10-22,23.9,17.1,0.0,Essaouira
2024-10-23,24.3,17.4,0.0,Essaouira
2024-10-24,25.1,16.7,0.0,Essaouira
2024-10-25,23.2,17.4,0.0,Essaouira
2024-10-26,23.2,17.5,0.0,Essaouira
2024-10-27,22.6,15.9,0.0,Essaouira
2024-10-28,18.8,13.8,0.7,Essaouira
2024-10-29,19.9,12.5,0.7,Essaouira
2024-10-30,22.5,17.6,0.0,Essaouira
2024-10-31,22.1,15.0,0.0,Essaouira
2024-11-01,21.8,12.4,0.0,Essaouira
2024-11-02,21.9,13.4,0.0,Essaouira
2024-11-03,22.2,14.9,0.0,Essaouira
2024-11-04,23.8,12.0,0.0,Essaouira
2024-11-05,28.0,16.1,0.0,Essaouira
2024-11-06,29.5,16.1,0.0,Essaouira
2024-11-07,27.0,16.7,0.0,Essaouira
2024-11-08,27.0,16.5,0.0,Essaouira
2024-11-09,32.3,24.0,0.0,Essaouira
2024-11-10,27.6,19.8,0.0,Essaouira
2024-11-11,24.0,16.7,0.0,Essaouira
2024-11-12,21.7,15.6,0.0,Essaouira
2024-11-13,20.7,13.7,2.2,Essaouira
2024-11-14,20.8,15.8,0.6,Essaouira
2024-11-15,23.0,16.3,1.5,Essaouira
2024-11-16,22.8,14.1,0.0,Essaouira
2024-11-17,23.0,16.1,0.0,Essaouira
2024-11-18,25.9,14.8,0.3,Essaouira
2024-11-19,25.2,17.1,1.4,Essaouira
2024-11-20,26.9,16.0,0.0,Essaouira
2024-11-21,26.6,16.8,0.0,Essaouira
2024-11-22,28.8,18.5,0.0,Essaouira
2024-11-23,31.5,14.5,0.0,Essaouira
2024-11-24,32.4,27.4,0.0,Essaouira
2024-11-25,26.1,17.1,0.0,Essaouira
2024-11-26,24.1,15.9,0.0,Essaouira
2024-11-27,27.1,14.0,0.0,Essaouira
2024-11-28,27.5,14.9,0.0,Essaouira
2024-11-29,29.4,17.1,0.0,Essaouira
2024-11-30,26.0,14.7,0.0,Essaouira
2024-12-01,25.6,14.5,0.0,Essaouira
2024-12-02,24.6,14.7,0.0,Essaouira
2024-12-03,22.4,15.9,0.0,Essaouira
2024-12-04,22.5,15.4,0.0,Essaouira
2024-12-05,24.1,15.1,0.0,Essaouira
2024-12-06,22.2,12.8,0.0,Essaouira
2024-12-07,22.2,12.9,0.0,Essaouira
2024-12-08,22.3,14.4,0.0,Essaouira
2024-12-09,20.1,13.5,0.0,Essaouira
2024-12-10,18.5,11.7,0.0,Essaouira
2024-12-11,18.8,9.0,0.0,Essaouira
2024-12-12,18.9,10.0,0.7,Essaouira
2024-12-13,20.2,8.5,0.0,Essaouira
2024-12-14,23.7,10.9,0.0,Essaouira
2024-12-15,22.5,12.1,0.0,Essaouira
2024-12-16,23.7,14.1,0.0,Essaouira
2024-12-17,23.0,12.5,0.0,Essaouira
2024-12-18,20.5,11.7,0.0,Essaouira
2024-12-19,19.9,10.1,0.0,Essaouira
2024-12-20,21.8,13.9,0.0,Essaouira
2024-12-21,19.1,14.4,0.0,Essaouira
2024-12-22,20.3,12.8,0.0,Essaouira
2024-12-23,20.6,13.5,0.0,Essaouira
2024-12-24,24.8,10.4,0.0,Essaouira
2024-12-25,27.5,16.7,0.0,Essaouira
2024-12-26,24.6,12.0,0.0,Essaouira
2024-12-27,24.2,14.3,0.3,Essaouira
2024-12-28,22.9,13.3,0.0,Essaouira
2024-12-29,18.7,10.8,2.4,Essaouira
2024-12-30,17.3,10.8,1.0,Essaouira
2024-12-31,18.4,9.4,0.5,Essaouira
2025-01-01,18.3,9.2,0.0,Essaouira
2025-01-02,19.4,8.7,0.0,Essaouira
2025-01-03,21.2,7.6,0.0,Essaouira
2025-01-04,20.2,8.9,0.0,Essaouira
2025-01-05,21.0,10.8,1.4,Essaouira
2025-01-06,19.9,14.4,5.6,Essaouira
2025-01-07,21.6,12.8,0.0,Essaouira
2025-01-08,22.0,11.3,0.0,Essaouira
2025-01-09,21.8,9.3,0.0,Essaouira
2025-01-10,21.8,9.4,0.0,Essaouira
2025-01-11,24.7,14.2,0.0,Essaouira
2025-01-12,22.4,14.5,0.0,Essaouira
2025-01-13,23.1,14.3,0.0,Essaouira
2025-01-14,20.4,11.3,0.0,Essaouira
2025-01-15,19.5,7.9,0.0,Essaouira
2025-01-16,17.7,5.7,0.0,Essaouira
2025-01-17,18.9,10.3,0.0,Essaouira
2025-01-18,18.4,10.6,0.0,Essaouira
2025-01-19,18.5,8.3,0.0,Essaouira
2025-01-20,21.5,9.5,0.0,Essaouira
2025-01-21,24.8,15.7,0.0,Essaouira
2025-01-22,22.4,16.2,0.0,Essaouira
2025-01-23,20.1,14.2,8.7,Essaouira
2025-01-24,21.4,10.4,0.0,Essaouira
2025-01-25,19.3,12.2,0.0,Essaouira
2025-01-26,20.2,9.4,0.0,Essaouira
2025-01-27,20.3,9.1,0.0,Essaouira
2025-01-28,20.4,15.4,0.2,Essaouira
2025-01-29,19.3,13.8,0.0,Essaouira
2025-01-30,18.1,14.1,2.0,Essaouira
2025-01-31,18.3,11.4,0.0,Essaouira
2025-02-01,19.9,10.3,0.0,Essaouira
2025-02-02,19.3,11.1,0.0,Essaouira
2025-02-03,19.1,12.1,0.0,Essaouira
2025-02-04,18.0,11.4,0.0,Essaouira
2025-02-05,19.6,12.4,0.0,Essaouira
2025-02-06,20.7,9.1,0.0,Essaouira
2025-02-07,17.8,7.5,0.0,Essaouira
2025-02-08,18.8,8.2,0.0,Essaouira
2025-02-09,20.3,6.8,0.0,Essaouira
2025-02-10,20.6,8.3,0.0,Essaouira
2025-02-11,20.4,8.5,0.0,Essaouira
2025-02-12,21.5,10.7,0.0,Essaouira
2025-02-13,20.1,10.3,0.0,Essaouira
2025-02-14,19.6,9.4,0.0,Essaouira
2025-02-15,23.0,10.2,10.6,Essaouira
2025-02-16,17.8,10.3,0.0,Essaouira
2025-02-17,19.0,12.4,0.0,Essaouira
2025-02-18,17.2,11.9,8.2,Essaouira
2025-02-19,18.5,12.1,1.4,Essaouira
2025-02-20,21.0,13.4,0.0,Essaouira
2025-02-21,20.1,12.2,0.0,Essaouira
2025-02-22,19.7,11.3,0.0,Essaouira
2025-02-23,20.9,14.0,0.0,Essaouira
2025-02-24,20.2,12.6,0.0,Essaouira
2025-02-25,20.0,12.8,0.0,Essaouira
2025-02-26,20.4,12.5,0.0,Essaouira
2025-02-27,18.6,10.9,0.0,Essaouira
2025-02-28,17.1,12.7,30.8,Essaouira
2025-03-01,18.0,10.6,0.9,Essaouira
2025-03-02,18.2,9.3,0.0,Essaouira
2025-03-03,20.1,8.7,0.0,Essaouira
2025-03-04,18.7,11.7,1.4,Essaouira
2025-03-05,18.0,12.8,1.3,Essaouira
2025-03-06,17.7,12.6,7.4,Essaouira
2025-03-07,18.9,13.1,2.0,Essaouira
2025-03-08,17.2,14.9,24.7,Essaouira
2025-03-09,18.5,14.3,3.4,Essaouira
2025-03-10,18.7,14.8,2.3,Essaouira
2025-03-11,19.7,15.2,3.3,Essaouira
2025-03-12,20.3,15.2,2.2,Essaouira
2025-03-13,19.8,14.3,15.4,Essaouira
2025-03-14,17.2,12.4,40.1,Essaouira
2025-03-15,19.0,10.4,0.3,Essaouira
2025-03-16,19.9,10.3,0.0,Essaouira
2025-03-17,19.7,15.1,12.0,Essaouira
2025-03-18,20.0,13.5,1.4,Essaouira
2025-03-19,19.7,11.8,0.0,Essaouira
2025-03-20,20.9,16.7,3.9,Essaouira
2025-03-21,19.5,11.2,0.0,Essaouira
2025-03-22,18.4,13.7,0.8,Essaouira
2025-03-23,18.9,13.4,0.0,Essaouira
2025-03-24,18.8,12.9,0.0,Essaouira
2025-03-25,18.8,12.3,0.0,Essaouira
2025-03-26,21.2,12.6,0.0,Essaouira
2025-03-27,21.1,13.0,0.0,Essaouira
2025-03-28,27.1,15.3,0.0,Essaouira
2025-03-29,27.4,18.8,0.0,Essaouira
2025-03-30,24.4,15.2,0.0,Essaouira
2025-03-31,21.2,15.4,0.0,Essaouira
2025-04-01,20.6,15.5,3.1,Essaouira
2025-04-02,18.0,15.2,11.9,Essaouira
2025-04-03,21.5,15.8,1.4,Essaouira
2025-04-04,20.7,15.2,10.3,Essaouira
2025-04-05,20.8,13.2,0.3,Essaouira
2025-04-06,21.2,12.1,0.0,Essaouira
2025-04-07,21.8,14.3,0.0,Essaouira
2025-04-08,22.9,13.8,0.0,Essaouira
2025-04-09,27.3,14.9,0.5,Essaouira
2025-04-10,22.4,15.7,2.3,Essaouira
2025-04-11,22.9,16.3,4.1,Essaouira
2025-04-12,21.7,16.1,2.4,Essaouira
2025-04-13,20.7,14.5,1.7,Essaouira
2025-04-14,21.1,15.4,0.2,Essaouira
2025-04-15,20.3,14.4,1.9,Essaouira
2025-04-16,21.3,14.7,0.0,Essaouira
2025-04-17,23.9,15.4,0.0,Essaouira
2025-04-18,21.6,16.4,0.0,Essaouira
2025-04-19,20.3,16.0,0.0,Essaouira
2025-04-20,20.6,14.9,0.0,Essaouira
2025-04-21,21.8,14.4,0.0,Essaouira
2025-04-22,23.2,14.7,0.0,Essaouira
2025-04-23,22.2,16.5,0.0,Essaouira
2025-04-24,21.2,14.8,0.0,Essaouira
2025-04-25,20.8,14.7,0.1,Essaouira
2025-04-26,22.6,15.9,0.0,Essaouira
2025-04-27,22.4,16.3,0.0,Essaouira
2025-04-28,20.4,15.4,0.0,Essaouira
2025-04-29,20.1,14.6,0.3,Essaouira
2025-04-30,19.8,14.2,1.8,Essaouira
2025-05-01,20.4,12.6,0.0,Essaouira
2025-05-02,21.0,15.9,1.4,Essaouira
2025-05-03,21.5,12.7,0.0,Essaouira
2025-05-04,20.8,13.1,0.0,Essaouira
2025-05-05,21.0,15.1,0.0,Essaouira
2025-05-06,22.1,15.3,0.0,Essaouira
2025-05-07,21.0,13.6,0.0,Essaouira
2025-05-08,21.8,15.7,0.0,Essaouira
2025-05-09,21.3,13.6,0.0,Essaouira
2025-05-10,21.9,13.4,0.0,Essaouira
2025-05-11,21.8,15.0,1.3,Essaouira
2025-05-12,22.2,15.3,0.0,Essaouira
2025-05-13,21.1,16.9,0.0,Essaouira
2025-05-14,20.9,15.1,0.6,Essaouira
2025-05-15,23.4,16.0,0.0,Essaouira
2025-05-16,22.8,15.7,0.0,Essaouira
2025-05-17,21.8,14.7,0.0,Essaouira
2025-05-18,21.7,16.6,0.4,Essaouira
2025-05-19,22.4,16.7,0.0,Essaouira
2025-05-20,22.3,16.5,0.0,Essaouira
2025-05-21,22.7,16.6,0.0,Essaouira
2025-05-22,22.0,16.9,0.0,Essaouira
2025-05-23,21.9,17.0,0.0,Essaouira
2025-05-24,23.0,16.0,0.0,Essaouira
2025-05-25,24.2,15.6,0.0,Essaouira
2025-05-26,22.8,16.6,0.0,Essaouira
2025-05-27,23.8,17.0,0.0,Essaouira
2025-05-28,24.2,16.6,0.0,Essaouira
2025-05-29,23.4,16.9,0.0,Essaouira
2025-05-30,23.2,16.6,0.0,Essaouira
2025-05-31,22.9,17.0,0.0,Essaouira
2025-06-01,22.7,17.4,0.0,Essaouira
2025-06-02,23.3,15.2,0.0,Essaouira
2025-06-03,22.9,18.1,0.0,Essaouira
2025-06-04,23.0,17.3,0.0,Essaouira
2025-06-05,24.4,17.7,0.0,Essaouira
2025-06-06,23.5,17.6,0.0,Essaouira
2025-06-07,23.4,17.8,0.0,Essaouira
2025-06-08,22.7,17.2,0.0,Essaouira
2025-06-09,22.8,17.4,0.2,Essaouira
2025-06-10,22.5,16.7,0.0,Essaouira
2025-06-11,23.2,17.1,0.0,Essaouira
2025-06-12,23.7,18.0,0.0,Essaouira
2025-06-13,24.0,18.0,0.0,Essaouira
2025-06-14,24.6,18.9,0.0,Essaouira
2025-06-15,24.0,18.2,0.0,Essaouira
2025-06-16,23.9,17.5,0.0,Essaouira
2025-06-17,25.5,18.0,0.0,Essaouira
2025-06-18,31.6,19.1,0.1,Essaouira
2025-06-19,26.5,18.0,0.0,Essaouira
2025-06-20,23.9,19.3,0.0,Essaouira
2025-06-21,23.8,19.3,0.0,Essaouira
2025-06-22,24.0,18.7,0.0,Essaouira
2025-06-23,23.4,18.6,0.0,Essaouira
2025-06-24,23.5,17.6,0.0,Essaouira
2025-06-25,24.6,18.2,0.0,Essaouira
2025-06-26,25.4,19.2,0.0,Essaouira
2025-06-27,33.7,18.1,0.0,Essaouira
2025-06-28,36.3,24.9,0.0,Essaouira
2025-06-29,31.1,20.4,0.0,Essaouira
2025-06-30,26.1,19.9,0.0,Essaouira
2025-07-01,24.8,19.6,0.0,Essaouira
2025-07-02,25.0,20.0,0.0,Essaouira
2025-07-03,25.4,19.6,0.0,Essaouira
2025-07-04,25.7,18.9,0.0,Essaouira
2025-07-05,24.8,18.8,0.0,Essaouira
2025-07-06,26.3,19.4,0.0,Essaouira
2025-07-07,24.7,19.6,0.0,Essaouira
2025-07-08,24.3,19.0,0.0,Essaouira
2025-07-09,24.7,18.9,0.0,Essaouira
2025-07-10,24.5,19.1,0.0,Essaouira
2025-07-11,24.4,18.3,0.0,Essaouira
2025-07-12,25.1,17.8,0.0,Essaouira
2025-07-13,24.9,18.8,0.0,Essaouira
2025-07-14,26.0,19.3,0.0,Essaouira
2025-07-15,28.2,19.3,0.0,Essaouira
2025-07-16,32.0,22.4,0.0,Essaouira
2025-07-17,29.9,21.7,0.0,Essaouira
2025-07-18,26.3,20.3,0.0,Essaouira
2025-07-19,25.8,19.6,0.0,Essaouira
2025-07-20,24.9,19.3,0.0,Essaouira
2025-07-21,25.1,19.2,0.0,Essaouira
2025-07-22,24.1,18.6,0.0,Essaouira
2025-07-23,25.2,19.2,0.0,Essaouira
2025-07-24,25.0,19.2,0.0,Essaouira
2025-07-25,23.2,18.1,0.0,Essaouira
2025-07-26,23.1,17.7,0.2,Essaouira
2025-07-27,23.4,17.7,0.0,Essaouira
2025-07-28,25.1,18.8,0.0,Essaouira
2025-07-29,24.7,18.6,0.0,Essaouira
2025-07-30,24.4,18.6,0.0,Essaouira
2025-07-31,23.3,19.1,0.0,Essaouira
2025-08-01,24.5,18.8,0.1,Essaouira
2025-08-02,24.8,19.8,0.0,Essaouira
2025-08-03,25.0,19.8,0.1,Essaouira
2025-08-04,25.3,18.5,0.0,Essaouira
2025-08-05,27.3,20.6,0.0,Essaouira
2025-08-06,27.2,20.6,0.0,Essaouira
2025-08-07,27.8,20.3,0.0,Essaouira
2025-08-08,28.8,21.4,0.0,Essaouira
2025-08-09,31.8,22.8,0.0,Essaouira
2025-08-10,37.4,23.9,0.0,Essaouira
2025-08-11,36.6,25.8,0.0,Essaouira
2025-08-12,29.6,21.5,0.0,Essaouira
2025-08-13,26.1,19.7,0.0,Essaouira
2025-08-14,25.9,19.7,0.0,Essaouira
2025-08-15,27.6,20.5,0.0,Essaouira
2025-08-16,28.7,20.6,0.0,Essaouira
2025-08-17,30.6,22.5,0.0,Essaouira
2025-08-18,28.0,21.4,0.0,Essaouira
2025-08-19,26.7,20.7,0.0,Essaouira
2025-08-20,27.2,20.0,0.0,Essaouira
2025-08-21,29.5,20.8,0.0,Essaouira
2025-08-22,26.3,20.6,0.0,Essaouira
2025-08-23,25.4,19.2,0.0,Essaouira
2025-08-24,24.3,18.4,0.0,Essaouira
2025-08-25,24.6,19.7,0.0,Essaouira
2025-08-26,24.7,19.4,0.0,Essaouira
2025-08-27,24.7,19.1,0.0,Essaouira
2025-08-28,25.5,19.2,0.0,Essaouira
2025-08-29,24.0,19.2,0.0,Essaouira
2025-08-30,27.9,19.5,0.0,Essaouira
2025-08-31,25.1,19.9,0.0,Essaouira
2025-09-01,25.3,19.8,0.0,Essaouira
2025-09-02,26.9,18.5,0.0,Essaouira
2025-09-03,25.2,18.2,0.0,Essaouira
2025-09-04,25.8,19.5,0.0,Essaouira
2025-09-05,26.0,19.1,0.0,Essaouira
2025-09-06,25.7,17.7,0.0,Essaouira
2025-09-07,27.5,17.1,0.0,Essaouira
2025-09-08,25.9,19.0,0.0,Essaouira
2025-09-09,23.8,19.2,0.0,Essaouira
2025-09-10,26.5,18.4,0.0,Essaouira
2025-09-11,29.6,20.0,0.0,Essaouira
2025-09-12,26.6,20.0,0.0,Essaouira
2025-09-13,31.0,21.2,0.0,Essaouira
2025-09-14,31.5,22.5,0.0,Essaouira
2025-09-15,27.5,20.2,0.0,Essaouira
2025-09-16,26.6,18.6,0.0,Essaouira
2025-09-17,29.0,19.3,0.0,Essaouira
2025-09-18,31.6,22.6,0.0,Essaouira
2025-09-19,34.3,27.2,0.0,Essaouira
2025-09-20,30.4,20.4,0.0,Essaouira
2025-09-21,25.9,19.4,0.0,Essaouira
2025-09-22,24.2,18.7,0.0,Essaouira
2025-09-23,22.7,17.6,0.0,Essaouira
2025-09-24,23.1,17.0,0.0,Essaouira
2025-09-25,22.7,16.5,0.0,Essaouira
2025-09-26,23.4,16.2,0.0,Essaouira
2025-09-27,24.0,17.6,0.0,Essaouira
2025-09-28,26.3,17.0,0.0,Essaouira
2025-09-29,24.2,18.7,0.0,Essaouira
2025-09-30,24.3,17.5,0.0,Essaouira
2025-10-01,22.8,16.2,0.0,Essaouira
2025-10-02,22.8,17.5,0.0,Essaouira
2025-10-03,23.3,18.3,0.0,Essaouira
2025-10-04,24.3,18.3,0.0,Essaouira
2025-10-05,23.1,18.1,0.0,Essaouira
2025-10-06,23.9,17.4,0.0,Essaouira
2025-10-07,24.3,17.5,0.0,Essaouira
2025-10-08,24.6,18.7,0.0,Essaouira
2025-10-09,24.3,17.2,0.0,Essaouira
2025-10-10,23.5,16.7,0.0,Essaouira
2025-10-11,23.8,16.0,0.0,Essaouira
2025-10-12,24.0,17.5,0.0,Essaouira
2025-10-13,24.5,18.3,0.0,Essaouira
2025-10-14,22.8,16.2,0.0,Essaouira
2025-10-15,22.3,16.1,0.0,Essaouira
2025-10-16,23.6,17.4,0.0,Essaouira
2025-10-17,21.9,16.3,0.0,Essaouira
2025-10-18,23.4,16.0,0.0,Essaouira
2025-10-19,23.0,19.0,0.0,Essaouira
2025-10-20,23.4,18.1,0.0,Essaouira
2025-10-21,24.8,18.4,0.0,Essaouira
2025-10-22,29.9,19.8,0.0,Essaouira
2025-10-23,27.9,19.2,0.0,Essaouira
2025-10-24,23.1,17.0,0.0,Essaouira
2025-10-25,21.9,16.7,1.2,Essaouira
2025-10-26,25.2,15.3,0.0,Essaouira
2025-10-27,28.2,18.2,0.0,Essaouira
2025-10-28,25.0,16.2,0.0,Essaouira
2025-10-29,23.9,19.1,3.8,Essaouira
2025-10-30,23.5,17.3,1.7,Essaouira
2025-10-31,22.4,15.6,0.0,Essaouira
2025-11-01,23.8,13.9,0.0,Essaouira
2025-11-02,23.9,15.4,0.0,Essaouira
2025-11-03,24.9,17.4,0.0,Essaouira
2025-11-04,26.2,15.9,0.0,Essaouira
2025-11-05,25.8,17.6,0.0,Essaouira
2025-11-06,23.3,18.1,0.0,Essaouira
2025-11-07,21.7,15.9,0.0,Essaouira
2025-11-08,24.9,16.0,0.0,Essaouira
2025-11-09,21.3,16.0,0.0,Essaouira
2025-11-10,22.7,15.3,0.0,Essaouira
2025-11-11,22.5,14.5,0.0,Essaouira
2025-11-12,23.7,17.0,0.0,Essaouira
2025-11-13,23.5,17.1,21.8,Essaouira
2025-11-14,21.9,16.4,5.6,Essaouira
2025-11-15,22.0,17.6,0.0,Essaouira
2025-11-16,20.4,15.9,5.1,Essaouira
2025-11-17,20.5,13.5,0.1,Essaouira
2025-11-18,20.2,13.9,0.1,Essaouira
2025-11-19,20.6,14.2,0.0,Essaouira
2025-11-20,21.5,13.8,0.0,Essaouira
2025-11-21,22.0,14.3,0.0,Essaouira
2025-11-22,23.8,14.2,0.0,Essaouira
2025-11-23,23.5,11.6,0.0,Essaouira
2025-11-24,22.6,12.7,0.0,Essaouira
2025-11-25,21.4,12.9,0.0,Essaouira
2025-11-26,20.6,16.0,0.0,Essaouira
2025-11-27,21.0,13.3,0.0,Essaouira
2025-11-28,20.8,11.3,0.0,Essaouira
2025-11-29,20.0,11.2,0.0,Essaouira
2025-11-30,19.7,12.6,0.4,Essaouira
2025-12-01,19.0,13.2,0.2,Essaouira
2025-12-02,19.9,11.7,0.0,Essaouira
2025-12-03,20.9,14.0,0.0,Essaouira
2025-12-04,20.9,12.7,0.0,Essaouira
2025-12-05,20.9,9.7,0.0,Essaouira
2025-12-06,20.5,8.5,0.0,Essaouira
2025-12-07,20.8,9.9,0.0,Essaouira
2025-12-08,20.7,10.4,0.0,Essaouira
2025-12-09,21.1,9.3,0.0,Essaouira
2025-12-10,18.1,12.2,8.4,Essaouira
2025-12-11,19.4,10.2,0.0,Essaouira
2025-12-12,18.0,11.1,13.5,Essaouira
2025-12-13,16.6,8.8,1.9,Essaouira
2025-12-14,18.3,11.2,0.0,Essaouira
2025-12-15,18.2,13.4,3.8,Essaouira
2025-12-16,18.0,11.5,16.1,Essaouira
2025-12-17,17.6,10.3,0.9,Essaouira
2025-12-18,18.4,11.4,0.0,Essaouira
2025-12-19,19.0,8.7,0.1,Essaouira
2025-12-20,18.2,12.1,0.0,Essaouira
2025-12-21,17.9,9.9,1.0,Essaouira
2025-12-22,17.6,12.6,1.3,Essaouira
2025-12-23,19.4,10.4,0.0,Essaouira
2025-12-24,17.4,12.6,9.2,Essaouira
2025-12-25,17.0,12.1,16.3,Essaouira
2025-12-26,16.9,9.5,0.7,Essaouira
2025-12-27,18.0,13.1,23.6,Essaouira
2025-12-28,17.9,12.6,7.8,Essaouira
2025-12-29,17.3,9.6,0.1,Essaouira
2025-12-30,18.0,8.8,10.7,Essaouira
2025-12-31,19.1,12.1,2.3,Essaouira
2026-01-01,24.6,10.3,0.0,Essaouira
2026-01-02,22.6,16.0,8.1,Essaouira
2026-01-03,17.4,14.7,48.6,Essaouira
2026-01-04,18.7,14.5,47.1,Essaouira
2026-01-05,16.9,13.8,9.8,Essaouira
2026-01-06,15.8,11.2,0.3,Essaouira
2026-01-07,16.6,9.3,0.0,Essaouira
2026-01-08,19.0,9.0,0.0,Essaouira
2026-01-09,18.7,8.2,0.0,Essaouira
2026-01-10,19.8,10.6,0.0,Essaouira
2026-01-11,18.5,9.2,0.0,Essaouira
2026-01-12,18.8,8.0,0.0,Essaouira
2026-01-13,19.3,12.9,0.7,Essaouira
2026-01-14,17.3,9.8,1.4,Essaouira
2026-01-15,17.9,10.2,0.0,Essaouira
2026-01-16,18.3,9.9,5.9,Essaouira
2026-01-17,15.7,9.7,2.8,Essaouira
2026-01-18,14.9,10.9,19.3,Essaouira
2026-01-19,16.2,9.6,0.0,Essaouira
2026-01-20,18.3,9.5,0.0,Essaouira
2026-01-21,17.9,8.6,0.1,Essaouira
2026-01-22,19.1,14.5,7.2,Essaouira
2026-01-23,18.4,14.4,4.6,Essaouira
2026-01-24,16.9,11.9,1.8,Essaouira
2026-01-25,18.1,9.6,0.0,Essaouira
2026-01-26,18.4,8.8,0.0,Essaouira
2026-01-27,18.4,14.2,2.1,Essaouira
2026-01-28,19.6,15.5,2.2,Essaouira
2026-01-29,19.6,13.6,1.3,Essaouira
2026-01-30,20.1,13.5,0.0,Essaouira
2026-01-31,20.9,14.7,0.0,Essaouira
2026-02-01,18.5,11.9,0.0,Essaouira
2026-02-02,16.5,12.4,11.1,Essaouira
2026-02-03,18.0,11.9,0.9,Essaouira
2026-02-04,19.5,15.1,0.0,Essaouira
2026-02-05,19.7,16.3,1.7,Essaouira
2026-02-06,19.0,13.9,4.8,Essaouira
2026-02-07,19.2,10.6,0.3,Essaouira
2026-02-08,19.4,14.8,4.7,Essaouira
2026-02-09,20.6,14.0,0.0,Essaouira
2026-02-10,20.7,15.2,0.0,Essaouira
2026-02-11,20.8,15.8,0.0,Essaouira
2026-02-12,20.1,14.7,0.0,Essaouira
2026-02-13,18.6,14.3,1.5,Essaouira
2026-02-14,18.9,13.7,0.0,Essaouira
2026-02-15,21.3,10.6,0.0,Essaouira
2026-02-16,22.2,12.4,0.0,Essaouira
2026-02-17,20.1,9.3,0.0,Essaouira
2026-02-18,17.4,10.1,0.0,Essaouira
2026-02-19,21.1,11.9,0.0,Essaouira
2026-02-20,20.7,12.9,0.0,Essaouira
2026-02-21,21.6,9.4,0.0,Essaouira
2026-02-22,26.3,12.7,0.0,Essaouira
2026-02-23,24.6,12.2,0.0,Essaouira
2026-02-24,23.5,11.6,0.0,Essaouira
2026-02-25,20.1,11.4,0.2,Essaouira
2026-02-26,25.1,14.4,2.7,Essaouira
2026-02-27,21.8,14.7,0.0,Essaouira
2026-02-28,20.7,13.4,0.0,Essaouira
2026-03-01,20.0,13.6,0.0,Essaouira
2026-03-02,18.1,13.0,1.5,Essaouira
2026-03-03,13.8,9.4,23.6,Essaouira
2026-03-04,14.5,7.1,17.0,Essaouira
2026-03-05,17.8,13.0,4.7,Essaouira
2026-03-06,17.1,13.1,0.0,Essaouira
2026-03-07,17.1,10.6,0.0,Essaouira
2026-03-08,18.7,10.5,0.0,Essaouira
2026-03-09,19.3,11.8,0.0,Essaouira
2026-03-10,17.3,12.9,0.0,Essaouira
2026-03-11,19.6,11.2,0.0,Essaouira
2026-03-12,18.3,11.1,0.0,Essaouira
2026-03-13,19.3,11.5,0.0,Essaouira
2026-03-14,19.6,12.2,0.0,Essaouira
2026-03-15,21.1,13.4,0.0,Essaouira
2026-03-16,18.8,12.2,0.0,Essaouira
2026-03-17,21.7,12.3,2.6,Essaouira
2026-03-18,20.5,14.9,0.0,Essaouira
2026-03-19,18.8,14.3,23.2,Essaouira
2026-03-20,20.2,13.8,16.7,Essaouira
2026-03-21,21.0,15.3,0.0,Essaouira
2026-03-22,21.9,14.9,0.9,Essaouira
2026-03-23,23.5,15.4,2.0,Essaouira
2026-03-24,23.6,13.8,0.0,Essaouira
2026-03-25,26.3,18.1,5.1,Essaouira
2026-03-26,20.8,15.4,0.0,Essaouira
2026-03-27,19.6,13.9,0.0,Essaouira
2026-03-28,20.4,14.4,0.0,Essaouira
2026-03-29,21.5,14.4,0.0,Essaouira
2026-03-30,22.5,12.9,0.0,Essaouira
2026-03-31,22.2,12.5,0.0,Essaouira
2026-04-01,20.5,10.4,0.0,Essaouira
2026-04-02,21.7,13.3,0.0,Essaouira
2026-04-03,24.5,15.4,0.0,Essaouira
2026-04-04,23.4,12.8,0.0,Essaouira
2026-04-05,23.7,15.1,0.1,Essaouira
2026-04-06,29.7,18.6,1.5,Essaouira
2026-04-07,19.8,15.5,1.2,Essaouira
2026-04-08,17.5,11.8,0.0,Essaouira
2026-04-09,19.1,12.3,16.0,Essaouira
2026-04-10,17.1,10.8,17.4,Essaouira
2026-04-11,18.3,10.1,0.0,Essaouira
2026-04-12,18.0,14.7,0.5,Essaouira
2026-04-13,20.0,13.1,0.0,Essaouira
2026-04-14,23.1,12.9,0.0,Essaouira
2026-04-15,23.0,15.8,0.0,Essaouira
2026-04-16,23.3,15.5,0.0,Essaouira
2026-04-17,25.4,13.2,0.0,Essaouira
2026-04-18,29.8,16.6,0.0,Essaouira
2026-04-19,32.0,17.7,0.0,Essaouira
2026-04-20,31.6,19.7,0.0,Essaouira
2026-04-21,20.7,15.7,0.1,Essaouira
2026-04-22,20.8,14.4,0.0,Essaouira
2026-04-23,20.2,16.2,0.0,Essaouira
2026-04-24,21.1,16.2,0.0,Essaouira
2026-04-25,20.5,15.0,0.0,Essaouira
2026-04-26,21.6,16.5,0.0,Essaouira
2026-04-27,20.0,16.1,1.2,Essaouira
2026-04-28,20.5,16.0,3.7,Essaouira
2026-04-29,20.0,15.4,0.8,Essaouira
2026-04-30,20.4,14.9,0.0,Essaouira
2026-05-01,21.3,15.8,0.0,Essaouira
2026-05-02,21.3,15.3,0.0,Essaouira
2026-05-03,21.2,15.1,0.0,Essaouira
2026-05-04,22.1,15.5,0.0,Essaouira
2026-05-05,22.2,15.6,0.0,Essaouira
2026-05-06,20.3,14.2,0.0,Essaouira
2026-05-07,20.0,14.8,0.0,Essaouira
2026-05-08,20.0,11.3,0.0,Essaouira
2026-05-09,20.7,16.0,2.1,Essaouira
2026-05-10,21.1,14.1,0.0,Essaouira
2026-05-11,20.8,12.6,0.0,Essaouira
2026-05-12,21.5,12.6,0.0,Essaouira
2026-05-13,20.8,15.3,0.0,Essaouira
2026-05-14,20.5,15.6,0.0,Essaouira
2026-05-15,20.0,14.7,0.2,Essaouira
2026-05-16,20.3,14.7,0.0,Essaouira
2026-05-17,20.3,16.0,0.0,Essaouira
2026-05-18,21.2,15.7,0.0,Essaouira
2026-05-19,23.4,16.0,0.0,Essaouira
2026-05-20,28.5,20.1,0.0,Essaouira
2026-05-21,28.5,18.9,0.0,Essaouira
2026-05-22,29.5,20.6,0.0,Essaouira
2026-05-23,27.8,18.1,0.0,Essaouira
2026-05-24,28.8,23.6,0.0,Essaouira
2026-05-25,37.3,22.4,0.0,Essaouira
2026-05-26,30.4,21.3,0.0,Essaouira
2026-05-27,24.7,17.9,0.0,Essaouira
2026-05-28,22.7,18.3,0.0,Essaouira
2026-05-29,23.1,16.9,0.0,Essaouira
2026-05-30,23.0,17.9,0.0,Essaouira
2026-05-31,23.6,17.6,0.0,Essaouira
2026-06-01,24.2,17.8,0.0,Essaouira
2026-06-02,23.7,18.3,0.0,Essaouira
2026-06-03,23.3,18.4,0.0,Essaouira
2026-06-04,23.3,18.6,0.0,Essaouira
2026-06-05,22.1,17.5,0.0,Essaouira
2026-06-06,23.1,17.1,0.0,Essaouira
2026-06-07,22.8,17.8,0.0,Essaouira
2026-06-08,23.3,18.6,0.0,Essaouira
2026-06-09,22.4,17.7,0.0,Essaouira
2026-06-10,22.0,16.7,0.0,Essaouira
2026-06-11,23.0,15.7,0.0,Essaouira
2026-06-12,22.1,16.6,0.0,Essaouira
2026-06-13,22.7,17.5,0.0,Essaouira
2026-06-14,22.8,17.8,0.0,Essaouira
2026-06-15,23.3,18.3,0.0,Essaouira
2026-06-16,22.5,18.2,0.0,Essaouira
2026-06-17,22.9,18.1,0.6,Essaouira
2026-06-18,22.9,19.5,0.7,Essaouira
2026-06-19,23.8,19.5,0.4,Essaouira
2026-06-20,23.6,18.6,0.2,Essaouira
2026-06-21,24.3,19.2,0.0,Essaouira
2026-06-22,24.0,19.0,0.0,Essaouira
2026-06-23,23.9,19.3,0.0,Essaouira
2026-06-24,23.9,17.9,0.1,Essaouira
2026-06-25,24.7,17.3,0.0,Essaouira
2026-06-26,25.3,19.8,0.0,Essaouira
2026-06-27,25.1,20.2,0.0,Essaouira
2026-06-28,25.7,20.2,0.0,Essaouira
2026-06-29,26.5,20.8,0.0,Essaouira
2026-06-30,25.2,20.2,0.0,Essaouira
2026-07-01,25.3,19.8,0.0,Essaouira
2026-07-02,27.2,17.7,0.0,Essaouira
2026-07-03,29.9,21.2,0.0,Essaouira
2026-07-04,28.8,19.6,0.0,Essaouira
2026-07-05,28.0,20.1,0.0,Essaouira
2026-07-06,27.4,19.4,0.0,Essaouira
2026-07-07,27.2,21.1,0.0,Essaouira
2026-07-08,30.5,21.5,0.0,Essaouira
2026-07-09,25.2,20.2,0.0,Essaouira
2026-07-10,24.7,19.6,0.0,Essaouira
2026-07-11,25.5,19.1,0.0,Essaouira
2026-07-12,25.4,20.0,0.0,Essaouira
2026-07-13,25.5,20.0,0.0,Essaouira
2026-07-14,25.8,20.3,0.0,Essaouira
2026-07-15,27.0,21.3,0.0,Essaouira
2026-07-16,26.6,21.1,0.0,Essaouira
2026-07-17,25.8,20.6,0.0,Essaouira
2026-07-18,25.4,20.3,0.0,Essaouira
2026-07-19,25.4,19.7,0.0,Essaouira
2026-07-20,25.0,19.8,0.0,Essaouira
2026-07-21,24.9,19.7,0.0,Essaouira
2026-07-22,25.1,19.5,0.0,Essaouira
2026-07-23,24.7,19.9,0.0,Essaouira
2026-07-24,23.9,19.3,0.0,Essaouira
2026-07-25,25.0,19.6,0.0,Essaouira
2026-07-26,24.5,19.2,0.0,Essaouira
2026-07-27,24.5,19.2,0.0,Essaouira
2026-07-28,24.1,20.0,0.0,Essaouira
2026-07-29,24.9,19.6,0.0,Essaouira
2026-07-30,25.6,20.0,0.0,Essaouira
2026-07-31,28.2,20.8,0.0,Essaouira
2026-08-01,33.2,22.5,0.0,Essaouira
2022-01-01,21.7,10.1,0.0,Casablanca
2022-01-02,17.6,7.4,0.0,Casablanca
2022-01-03,16.8,10.8,0.0,Casablanca
2022-01-04,17.7,10.0,0.6,Casablanca
2022-01-05,16.5,9.8,0.4,Casablanca
2022-01-06,15.4,8.7,4.7,Casablanca
2022-01-07,16.7,8.1,0.0,Casablanca
2022-01-08,16.3,7.3,0.0,Casablanca
2022-01-09,17.0,6.1,0.0,Casablanca
2022-01-10,16.1,6.4,0.0,Casablanca
2022-01-11,17.0,12.0,0.1,Casablanca
2022-01-12,16.2,9.6,0.0,Casablanca
2022-01-13,18.3,9.0,0.0,Casablanca
2022-01-14,20.4,8.8,0.0,Casablanca
2022-01-15,19.8,7.9,0.0,Casablanca
2022-01-16,18.5,8.7,0.0,Casablanca
2022-01-17,17.9,6.5,0.0,Casablanca
2022-01-18,17.2,6.8,0.0,Casablanca
2022-01-19,17.2,7.5,0.0,Casablanca
2022-01-20,16.5,6.6,0.0,Casablanca
2022-01-21,17.0,6.7,0.0,Casablanca
2022-01-22,21.3,6.7,0.0,Casablanca
2022-01-23,21.6,12.6,0.0,Casablanca
2022-01-24,19.4,13.4,1.7,Casablanca
2022-01-25,16.8,11.7,1.5,Casablanca
2022-01-26,18.2,9.9,1.9,Casablanca
2022-01-27,18.9,10.2,0.3,Casablanca
2022-01-28,22.2,9.3,0.0,Casablanca
2022-01-29,21.9,11.0,0.0,Casablanca
2022-01-30,22.9,13.1,0.0,Casablanca
2022-01-31,21.1,9.2,0.0,Casablanca
2022-02-01,20.1,9.0,0.0,Casablanca
2022-02-02,18.6,6.9,0.0,Casablanca
2022-02-03,23.2,8.8,0.5,Casablanca
2022-02-04,20.0,12.4,0.1,Casablanca
2022-02-05,18.6,10.3,0.0,Casablanca
2022-02-06,17.6,10.1,0.0,Casablanca
2022-02-07,19.7,9.5,0.0,Casablanca
2022-02-08,21.5,9.9,0.0,Casablanca
2022-02-09,21.1,9.3,0.0,Casablanca
2022-02-10,18.8,9.6,0.0,Casablanca
2022-02-11,18.1,13.2,0.1,Casablanca
2022-02-12,18.4,9.7,0.0,Casablanca
2022-02-13,19.3,7.9,0.0,Casablanca
2022-02-14,18.6,12.5,0.9,Casablanca
2022-02-15,17.6,10.2,0.0,Casablanca
2022-02-16,17.8,8.1,0.0,Casablanca
2022-02-17,18.4,8.8,0.0,Casablanca
2022-02-18,17.9,12.6,0.0,Casablanca
2022-02-19,15.4,9.9,2.5,Casablanca
2022-02-20,18.1,8.5,0.0,Casablanca
2022-02-21,20.1,9.2,0.0,Casablanca
2022-02-22,21.1,9.2,0.0,Casablanca
2022-02-23,26.3,12.8,1.0,Casablanca
2022-02-24,19.8,13.0,10.5,Casablanca
2022-02-25,20.1,13.3,1.3,Casablanca
2022-02-26,20.4,13.6,1.0,Casablanca
2022-02-27,17.6,14.2,2.2,Casablanca
2022-02-28,18.9,13.0,0.2,Casablanca
2022-03-01,18.4,10.4,0.0,Casablanca
2022-03-02,18.1,11.6,0.0,Casablanca
2022-03-03,18.5,12.3,1.6,Casablanca
2022-03-04,16.0,12.0,0.2,Casablanca
2022-03-05,16.6,8.4,0.3,Casablanca
2022-03-06,14.8,10.3,12.1,Casablanca
2022-03-07,16.3,9.2,0.3,Casablanca
2022-03-08,17.9,8.7,0.0,Casablanca
2022-03-09,17.0,8.4,0.0,Casablanca
2022-03-10,18.0,10.2,0.0,Casablanca
2022-03-11,18.6,8.9,4.2,Casablanca
2022-03-12,17.9,13.0,1.1,Casablanca
2022-03-13,19.5,11.3,0.3,Casablanca
2022-03-14,16.0,10.4,14.4,Casablanca
2022-03-15,15.6,7.9,4.1,Casablanca
2022-03-16,15.1,9.3,5.2,Casablanca
2022-03-17,17.2,11.6,1.8,Casablanca
2022-03-18,17.8,10.7,0.1,Casablanca
2022-03-19,18.6,10.7,0.0,Casablanca
2022-03-20,20.4,13.2,1.4,Casablanca
2022-03-21,19.1,10.9,0.6,Casablanca
2022-03-22,17.9,11.1,0.6,Casablanca
2022-03-23,16.6,10.0,10.1,Casablanca
2022-03-24,16.6,9.1,3.7,Casablanca
2022-03-25,16.2,8.6,7.1,Casablanca
2022-03-26,19.1,11.5,6.4,Casablanca
2022-03-27,19.2,10.7,0.0,Casablanca
2022-03-28,21.9,15.0,0.0,Casablanca
2022-03-29,16.2,12.6,17.9,Casablanca
2022-03-30,16.8,12.2,27.7,Casablanca
2022-03-31,17.7,11.4,1.4,Casablanca
2022-04-01,17.9,11.9,0.1,Casablanca
2022-04-02,17.8,10.5,0.0,Casablanca
2022-04-03,17.6,11.4,0.1,Casablanca
2022-04-04,18.5,11.8,6.8,Casablanca
2022-04-05,16.3,10.2,8.0,Casablanca
2022-04-06,17.2,11.7,5.6,Casablanca
2022-04-07,17.2,10.3,0.0,Casablanca
2022-04-08,17.6,11.3,0.0,Casablanca
2022-04-09,18.7,11.1,0.0,Casablanca
2022-04-10,23.4,11.4,0.0,Casablanca
2022-04-11,21.5,12.9,0.4,Casablanca
2022-04-12,18.5,13.0,0.7,Casablanca
2022-04-13,18.2,13.4,0.2,Casablanca
2022-04-14,19.6,10.9,0.0,Casablanca
2022-04-15,20.9,11.4,0.0,Casablanca
2022-04-16,25.1,14.4,0.0,Casablanca
2022-04-17,24.0,12.7,0.0,Casablanca
2022-04-18,20.8,14.7,0.0,Casablanca
2022-04-19,18.2,15.1,0.4,Casablanca
2022-04-20,17.9,13.9,0.5,Casablanca
2022-04-21,18.4,12.4,0.6,Casablanca
2022-04-22,21.4,10.6,0.0,Casablanca
2022-04-23,19.0,13.0,2.8,Casablanca
2022-04-24,18.7,10.5,0.0,Casablanca
2022-04-25,18.9,11.3,0.0,Casablanca
2022-04-26,19.3,12.9,0.4,Casablanca
2022-04-27,19.3,13.6,0.9,Casablanca
2022-04-28,19.6,13.7,2.0,Casablanca
2022-04-29,21.9,13.0,0.0,Casablanca
2022-04-30,22.6,14.0,0.0,Casablanca
2022-05-01,23.3,12.8,0.0,Casablanca
2022-05-02,18.6,15.0,1.7,Casablanca
2022-05-03,17.1,14.3,18.9,Casablanca
2022-05-04,19.9,13.0,0.7,Casablanca
2022-05-05,20.9,13.9,0.0,Casablanca
2022-05-06,23.5,13.8,0.0,Casablanca
2022-05-07,23.9,14.0,0.0,Casablanca
2022-05-08,24.6,13.7,0.0,Casablanca
2022-05-09,25.3,14.6,0.0,Casablanca
2022-05-10,27.4,14.7,0.0,Casablanca
2022-05-11,26.1,16.6,0.0,Casablanca
2022-05-12,29.9,18.8,1.7,Casablanca
2022-05-13,26.3,17.6,0.0,Casablanca
2022-05-14,23.6,17.5,0.0,Casablanca
2022-05-15,22.9,16.0,0.3,Casablanca
2022-05-16,22.9,15.7,0.0,Casablanca
2022-05-17,23.2,15.9,0.0,Casablanca
2022-05-18,24.1,16.7,0.0,Casablanca
2022-05-19,25.3,16.4,0.0,Casablanca
2022-05-20,27.9,17.9,0.0,Casablanca
2022-05-21,23.4,17.9,0.0,Casablanca
2022-05-22,22.4,18.0,0.2,Casablanca
2022-05-23,22.3,17.5,0.5,Casablanca
2022-05-24,21.1,17.4,1.6,Casablanca
2022-05-25,22.8,14.5,0.0,Casablanca
2022-05-26,24.5,14.4,0.0,Casablanca
2022-05-27,26.4,14.8,0.0,Casablanca
2022-05-28,24.5,17.9,0.0,Casablanca
2022-05-29,23.2,17.1,0.0,Casablanca
2022-05-30,23.2,16.2,0.0,Casablanca
2022-05-31,24.4,16.5,0.0,Casablanca
2022-06-01,25.3,16.8,0.0,Casablanca
2022-06-02,23.4,18.7,0.1,Casablanca
2022-06-03,23.4,17.6,0.3,Casablanca
2022-06-04,23.1,18.3,0.2,Casablanca
2022-06-05,23.9,17.8,0.0,Casablanca
2022-06-06,24.5,17.9,0.0,Casablanca
2022-06-07,24.7,17.3,0.0,Casablanca
2022-06-08,24.6,18.0,0.0,Casablanca
2022-06-09,25.6,17.9,0.0,Casablanca
2022-06-10,26.7,18.5,0.0,Casablanca
2022-06-11,27.4,19.6,0.0,Casablanca
2022-06-12,29.0,19.5,0.0,Casablanca
2022-06-13,27.7,20.1,0.0,Casablanca
2022-06-14,26.5,20.1,0.0,Casablanca
2022-06-15,28.5,20.3,0.0,Casablanca
2022-06-16,23.3,20.0,0.7,Casablanca
2022-06-17,24.5,19.4,0.0,Casablanca
2022-06-18,23.8,18.9,0.0,Casablanca
2022-06-19,24.0,18.6,0.0,Casablanca
2022-06-20,24.1,19.1,0.5,Casablanca
2022-06-21,23.5,18.9,0.0,Casablanca
2022-06-22,23.1,18.3,0.2,Casablanca
2022-06-23,23.3,15.4,0.0,Casablanca
2022-06-24,24.1,17.5,0.0,Casablanca
2022-06-25,23.7,18.8,0.7,Casablanca
2022-06-26,22.8,19.0,0.8,Casablanca
2022-06-27,21.8,18.3,0.3,Casablanca
2022-06-28,23.7,15.2,0.0,Casablanca
2022-06-29,23.7,17.3,0.0,Casablanca
2022-06-30,22.8,18.2,0.0,Casablanca
2022-07-01,24.0,16.6,0.0,Casablanca
2022-07-02,25.0,18.3,0.0,Casablanca
2022-07-03,23.7,19.5,0.1,Casablanca
2022-07-04,23.8,18.2,0.0,Casablanca
2022-07-05,23.6,19.5,0.1,Casablanca
2022-07-06,23.9,19.2,0.1,Casablanca
2022-07-07,26.4,18.6,0.0,Casablanca
2022-07-08,27.6,19.1,0.0,Casablanca
2022-07-09,29.6,19.1,0.0,Casablanca
2022-07-10,32.0,19.9,0.0,Casablanca
2022-07-11,32.5,20.1,0.0,Casablanca
2022-07-12,28.1,20.8,0.0,Casablanca
2022-07-13,29.0,20.8,0.0,Casablanca
2022-07-14,28.2,20.8,0.0,Casablanca
2022-07-15,27.1,20.3,0.0,Casablanca
2022-07-16,26.9,21.1,0.0,Casablanca
2022-07-17,26.5,21.2,0.0,Casablanca
2022-07-18,26.0,21.7,0.0,Casablanca
2022-07-19,26.3,21.1,0.0,Casablanca
2022-07-20,28.5,19.6,0.0,Casablanca
2022-07-21,29.3,21.4,0.0,Casablanca
2022-07-22,30.1,22.0,0.0,Casablanca
2022-07-23,32.4,21.7,0.0,Casablanca
2022-07-24,34.3,23.5,0.0,Casablanca
2022-07-25,32.3,24.8,0.0,Casablanca
2022-07-26,30.4,22.5,0.0,Casablanca
2022-07-27,26.5,21.3,0.0,Casablanca
2022-07-28,25.6,20.2,0.0,Casablanca
2022-07-29,26.6,21.4,0.0,Casablanca
2022-07-30,27.4,21.1,0.0,Casablanca
2022-07-31,28.3,20.4,0.0,Casablanca
2022-08-01,29.6,21.4,0.0,Casablanca
2022-08-02,27.9,21.4,0.0,Casablanca
2022-08-03,25.9,20.8,0.0,Casablanca
2022-08-04,25.5,20.2,0.0,Casablanca
2022-08-05,25.7,21.1,0.0,Casablanca
2022-08-06,25.8,21.2,0.0,Casablanca
2022-08-07,25.6,20.3,0.0,Casablanca
2022-08-08,25.8,21.2,0.0,Casablanca
2022-08-09,25.6,20.5,0.0,Casablanca
2022-08-10,25.4,19.5,0.0,Casablanca
2022-08-11,25.7,18.9,0.0,Casablanca
2022-08-12,27.5,20.3,0.0,Casablanca
2022-08-13,27.9,22.0,0.0,Casablanca
2022-08-14,25.8,21.2,0.0,Casablanca
2022-08-15,25.4,20.2,0.6,Casablanca
2022-08-16,25.2,20.0,0.0,Casablanca
2022-08-17,25.3,19.6,0.1,Casablanca
2022-08-18,25.8,16.7,0.0,Casablanca
2022-08-19,28.2,17.9,0.0,Casablanca
2022-08-20,30.3,21.0,0.0,Casablanca
2022-08-21,27.6,20.3,0.0,Casablanca
2022-08-22,27.0,19.7,0.0,Casablanca
2022-08-23,26.0,21.1,0.0,Casablanca
2022-08-24,25.5,21.4,0.5,Casablanca
2022-08-25,25.5,21.1,0.1,Casablanca
2022-08-26,25.6,20.9,0.0,Casablanca
2022-08-27,24.4,20.6,0.0,Casablanca
2022-08-28,24.8,18.9,0.0,Casablanca
2022-08-29,25.1,19.9,0.0,Casablanca
2022-08-30,25.9,20.7,0.9,Casablanca
2022-08-31,26.2,20.7,0.0,Casablanca
2022-09-01,25.9,19.9,0.0,Casablanca
2022-09-02,25.1,20.3,0.1,Casablanca
2022-09-03,24.3,20.4,0.0,Casablanca
2022-09-04,24.3,19.5,0.0,Casablanca
2022-09-05,24.7,17.6,0.0,Casablanca
2022-09-06,24.4,19.3,0.1,Casablanca
2022-09-07,25.2,18.4,0.0,Casablanca
2022-09-08,25.4,17.9,0.0,Casablanca
2022-09-09,25.4,19.6,0.0,Casablanca
2022-09-10,25.0,20.2,0.0,Casablanca
2022-09-11,27.6,19.9,0.0,Casablanca
2022-09-12,27.4,19.3,0.0,Casablanca
2022-09-13,27.0,19.9,0.0,Casablanca
2022-09-14,25.6,19.1,0.0,Casablanca
2022-09-15,25.0,18.4,0.0,Casablanca
2022-09-16,24.8,20.0,0.4,Casablanca
2022-09-17,24.6,19.3,0.0,Casablanca
2022-09-18,25.3,19.2,0.1,Casablanca
2022-09-19,26.1,19.1,0.0,Casablanca
2022-09-20,26.1,20.4,0.1,Casablanca
2022-09-21,25.8,20.1,1.6,Casablanca
2022-09-22,25.8,19.6,0.5,Casablanca
2022-09-23,25.3,19.8,0.0,Casablanca
2022-09-24,26.2,20.5,0.0,Casablanca
2022-09-25,23.2,20.2,0.2,Casablanca
2022-09-26,23.6,19.1,0.4,Casablanca
2022-09-27,23.9,14.9,0.0,Casablanca
2022-09-28,24.2,16.0,0.0,Casablanca
2022-09-29,23.5,19.2,0.4,Casablanca
2022-09-30,22.3,17.8,3.1,Casablanca
2022-10-01,25.5,14.6,0.0,Casablanca
2022-10-02,30.0,17.1,0.0,Casablanca
2022-10-03,29.3,18.1,0.0,Casablanca
2022-10-04,26.1,17.5,0.0,Casablanca
2022-10-05,25.1,17.5,0.0,Casablanca
2022-10-06,26.1,17.6,0.0,Casablanca
2022-10-07,25.5,17.6,0.0,Casablanca
2022-10-08,25.2,19.2,0.0,Casablanca
2022-10-09,24.1,19.3,0.2,Casablanca
2022-10-10,23.7,18.9,0.0,Casablanca
2022-10-11,23.1,17.0,2.6,Casablanca
2022-10-12,22.3,16.3,3.0,Casablanca
2022-10-13,24.0,15.7,0.3,Casablanca
2022-10-14,25.7,16.0,0.0,Casablanca
2022-10-15,25.2,16.4,0.0,Casablanca
2022-10-16,28.6,18.2,0.1,Casablanca
2022-10-17,27.9,19.8,0.0,Casablanca
2022-10-18,31.7,18.6,0.0,Casablanca
2022-10-19,27.3,18.0,0.0,Casablanca
2022-10-20,25.3,16.7,0.0,Casablanca
2022-10-21,24.5,14.9,0.0,Casablanca
2022-10-22,27.4,17.7,0.0,Casablanca
2022-10-23,25.3,16.8,0.0,Casablanca
2022-10-24,27.6,16.2,0.0,Casablanca
2022-10-25,26.8,18.6,0.0,Casablanca
2022-10-26,32.2,17.7,0.0,Casablanca
2022-10-27,31.1,20.0,0.0,Casablanca
2022-10-28,31.0,16.1,0.0,Casablanca
2022-10-29,32.1,19.0,0.0,Casablanca
2022-10-30,28.9,17.7,0.0,Casablanca
2022-10-31,26.3,19.2,0.0,Casablanca
2022-11-01,22.9,18.7,0.0,Casablanca
2022-11-02,23.6,16.8,0.0,Casablanca
2022-11-03,21.7,16.1,0.2,Casablanca
2022-11-04,22.5,15.1,0.0,Casablanca
2022-11-05,23.7,15.5,0.0,Casablanca
2022-11-06,22.6,17.6,0.0,Casablanca
2022-11-07,21.9,15.4,0.0,Casablanca
2022-11-08,20.4,14.5,0.0,Casablanca
2022-11-09,22.8,14.2,0.0,Casablanca
2022-11-10,22.9,14.5,0.0,Casablanca
2022-11-11,22.4,13.3,0.0,Casablanca
2022-11-12,24.9,12.7,0.0,Casablanca
2022-11-13,27.1,13.7,0.0,Casablanca
2022-11-14,27.6,16.7,0.0,Casablanca
2022-11-15,24.9,15.0,0.0,Casablanca
2022-11-16,23.8,15.7,0.0,Casablanca
2022-11-17,22.5,16.9,0.9,Casablanca
2022-11-18,19.9,16.5,11.9,Casablanca
2022-11-19,18.8,12.7,0.1,Casablanca
2022-11-20,21.2,11.7,0.0,Casablanca
2022-11-21,21.1,11.8,0.0,Casablanca
2022-11-22,21.4,14.8,0.0,Casablanca
2022-11-23,21.5,13.7,0.0,Casablanca
2022-11-24,20.6,12.9,0.0,Casablanca
2022-11-25,21.3,14.7,0.0,Casablanca
2022-11-26,20.5,11.8,0.0,Casablanca
2022-11-27,22.3,11.0,0.0,Casablanca
2022-11-28,20.9,13.8,0.1,Casablanca
2022-11-29,19.0,9.6,0.0,Casablanca
2022-11-30,18.8,7.4,0.0,Casablanca
2022-12-01,17.6,11.5,21.7,Casablanca
2022-12-02,18.4,12.4,4.1,Casablanca
2022-12-03,19.8,12.3,0.5,Casablanca
2022-12-04,22.8,14.0,0.8,Casablanca
2022-12-05,19.3,14.2,4.2,Casablanca
2022-12-06,19.3,14.4,0.8,Casablanca
2022-12-07,22.1,14.4,0.2,Casablanca
2022-12-08,20.8,16.2,2.8,Casablanca
2022-12-09,20.5,16.2,3.0,Casablanca
2022-12-10,19.9,15.9,3.2,Casablanca
2022-12-11,22.7,16.0,4.5,Casablanca
2022-12-12,22.3,18.2,0.6,Casablanca
2022-12-13,25.3,17.4,1.5,Casablanca
2022-12-14,21.5,15.9,10.3,Casablanca
2022-12-15,18.1,13.3,8.5,Casablanca
2022-12-16,17.3,13.9,3.6,Casablanca
2022-12-17,18.7,12.7,1.0,Casablanca
2022-12-18,19.1,10.6,0.0,Casablanca
2022-12-19,24.4,12.6,0.0,Casablanca
2022-12-20,23.8,12.1,0.0,Casablanca
2022-12-21,20.4,11.5,0.0,Casablanca
2022-12-22,20.0,13.0,0.0,Casablanca
2022-12-23,19.5,11.2,0.0,Casablanca
2022-12-24,21.9,12.8,0.0,Casablanca
2022-12-25,23.0,14.0,0.0,Casablanca
2022-12-26,22.3,12.6,0.0,Casablanca
2022-12-27,19.3,10.0,0.0,Casablanca
2022-12-28,18.6,9.6,0.0,Casablanca
2022-12-29,18.5,10.3,0.0,Casablanca
2022-12-30,20.2,8.3,0.0,Casablanca
2022-12-31,23.1,10.1,0.0,Casablanca
2023-01-01,22.3,10.9,0.0,Casablanca
2023-01-02,20.7,9.7,0.1,Casablanca
2023-01-03,18.9,12.2,0.5,Casablanca
2023-01-04,18.8,10.2,0.0,Casablanca
2023-01-05,19.3,10.2,0.0,Casablanca
2023-01-06,18.8,12.6,0.0,Casablanca
2023-01-07,19.0,11.9,0.0,Casablanca
2023-01-08,20.2,10.5,0.0,Casablanca
2023-01-09,18.6,14.1,1.8,Casablanca
2023-01-10,19.0,10.3,0.0,Casablanca
2023-01-11,18.5,14.2,0.0,Casablanca
2023-01-12,17.6,11.6,0.3,Casablanca
2023-01-13,18.0,9.7,0.1,Casablanca
2023-01-14,17.1,10.9,0.0,Casablanca
2023-01-15,17.8,10.1,0.0,Casablanca
2023-01-16,15.8,9.1,0.4,Casablanca
2023-01-17,16.8,10.6,2.5,Casablanca
2023-01-18,15.8,11.6,6.9,Casablanca
2023-01-19,15.7,8.5,0.3,Casablanca
2023-01-20,16.4,7.9,0.0,Casablanca
2023-01-21,17.2,9.3,0.6,Casablanca
2023-01-22,17.0,10.1,0.4,Casablanca
2023-01-23,15.6,10.2,0.0,Casablanca
2023-01-24,15.3,5.2,0.0,Casablanca
2023-01-25,13.8,7.7,3.0,Casablanca
2023-01-26,15.2,5.4,0.0,Casablanca
2023-01-27,14.3,9.2,16.1,Casablanca
2023-01-28,13.2,8.1,1.0,Casablanca
2023-01-29,13.7,4.3,0.0,Casablanca
2023-01-30,14.4,4.0,0.1,Casablanca
2023-01-31,16.6,5.8,0.0,Casablanca
2023-02-01,16.6,7.2,0.0,Casablanca
2023-02-02,15.6,5.3,0.0,Casablanca
2023-02-03,15.2,3.6,0.0,Casablanca
2023-02-04,16.1,5.3,0.0,Casablanca
2023-02-05,16.6,5.5,0.0,Casablanca
2023-02-06,16.9,6.1,0.0,Casablanca
2023-02-07,16.0,7.8,0.2,Casablanca
2023-02-08,16.2,10.0,6.3,Casablanca
2023-02-09,17.5,8.1,0.0,Casablanca
2023-02-10,17.9,9.0,0.3,Casablanca
2023-02-11,20.7,9.9,1.3,Casablanca
2023-02-12,20.1,11.9,0.1,Casablanca
2023-02-13,19.2,8.0,0.1,Casablanca
2023-02-14,19.5,13.4,3.0,Casablanca
2023-02-15,15.6,11.7,16.3,Casablanca
2023-02-16,17.2,10.4,8.1,Casablanca
2023-02-17,19.1,12.7,0.6,Casablanca
2023-02-18,19.8,10.5,0.0,Casablanca
2023-02-19,19.5,11.7,0.0,Casablanca
2023-02-20,21.5,11.5,0.9,Casablanca
2023-02-21,18.2,10.3,0.0,Casablanca
2023-02-22,17.7,12.9,0.0,Casablanca
2023-02-23,17.1,12.8,0.8,Casablanca
2023-02-24,14.8,10.8,3.7,Casablanca
2023-02-25,14.4,9.7,4.5,Casablanca
2023-02-26,17.0,11.1,23.2,Casablanca
2023-02-27,16.5,10.4,3.1,Casablanca
2023-02-28,16.7,10.9,7.5,Casablanca
2023-03-01,16.3,10.6,0.7,Casablanca
2023-03-02,17.0,12.7,0.5,Casablanca
2023-03-03,16.9,11.2,1.1,Casablanca
2023-03-04,16.6,8.8,0.0,Casablanca
2023-03-05,17.6,7.9,0.0,Casablanca
2023-03-06,21.3,9.8,0.0,Casablanca
2023-03-07,21.2,12.8,0.0,Casablanca
2023-03-08,19.9,13.8,0.0,Casablanca
2023-03-09,20.5,12.9,0.2,Casablanca
2023-03-10,20.3,13.1,0.0,Casablanca
2023-03-11,20.1,11.6,0.0,Casablanca
2023-03-12,20.6,12.9,0.0,Casablanca
2023-03-13,20.5,12.4,0.0,Casablanca
2023-03-14,18.7,13.4,0.0,Casablanca
2023-03-15,19.1,10.4,0.0,Casablanca
2023-03-16,19.6,11.2,0.0,Casablanca
2023-03-17,18.8,13.9,0.0,Casablanca
2023-03-18,18.0,13.3,0.4,Casablanca
2023-03-19,18.5,11.6,0.0,Casablanca
2023-03-20,21.0,9.8,0.0,Casablanca
2023-03-21,20.1,9.7,0.0,Casablanca
2023-03-22,20.1,10.7,0.0,Casablanca
2023-03-23,20.2,12.5,0.0,Casablanca
2023-03-24,19.5,11.9,0.0,Casablanca
2023-03-25,20.5,12.3,0.0,Casablanca
2023-03-26,21.4,11.6,0.0,Casablanca
2023-03-27,21.7,12.1,0.0,Casablanca
2023-03-28,22.0,11.3,0.0,Casablanca
2023-03-29,26.1,12.2,0.0,Casablanca
2023-03-30,25.4,13.3,0.0,Casablanca
2023-03-31,21.4,13.5,0.0,Casablanca
2023-04-01,21.1,14.6,0.0,Casablanca
2023-04-02,21.2,14.1,0.0,Casablanca
2023-04-03,20.7,11.8,0.0,Casablanca
2023-04-04,17.6,12.6,13.5,Casablanca
2023-04-05,21.4,13.6,4.0,Casablanca
2023-04-06,20.7,12.3,0.0,Casablanca
2023-04-07,22.3,12.6,0.0,Casablanca
2023-04-08,24.1,13.6,1.1,Casablanca
2023-04-09,23.1,15.2,0.0,Casablanca
2023-04-10,21.8,12.6,0.0,Casablanca
2023-04-11,21.3,11.8,0.0,Casablanca
2023-04-12,20.0,15.1,0.0,Casablanca
2023-04-13,19.3,13.8,0.3,Casablanca
2023-04-14,20.0,10.3,0.0,Casablanca
2023-04-15,21.8,11.7,0.0,Casablanca
2023-04-16,23.7,11.3,0.0,Casablanca
2023-04-17,23.6,13.4,0.0,Casablanca
2023-04-18,22.7,13.0,0.0,Casablanca
2023-04-19,22.9,16.7,0.0,Casablanca
2023-04-20,21.4,15.9,0.0,Casablanca
2023-04-21,20.8,13.8,0.0,Casablanca
2023-04-22,22.2,13.4,0.0,Casablanca
2023-04-23,21.4,15.8,0.0,Casablanca
2023-04-24,23.5,12.9,0.0,Casablanca
2023-04-25,24.9,14.1,0.0,Casablanca
2023-04-26,28.8,15.5,0.0,Casablanca
2023-04-27,29.3,17.0,0.0,Casablanca
2023-04-28,26.1,18.5,0.0,Casablanca
2023-04-29,24.5,17.3,0.0,Casablanca
2023-04-30,22.8,17.3,0.0,Casablanca
2023-05-01,22.8,15.7,0.0,Casablanca
2023-05-02,27.5,15.4,0.0,Casablanca
2023-05-03,25.4,16.6,0.0,Casablanca
2023-05-04,23.2,17.7,0.1,Casablanca
2023-05-05,22.7,16.8,0.0,Casablanca
2023-05-06,22.6,16.4,0.1,Casablanca
2023-05-07,22.6,17.6,1.9,Casablanca
2023-05-08,23.7,15.2,0.0,Casablanca
2023-05-09,24.4,15.7,0.0,Casablanca
2023-05-10,24.1,16.6,0.0,Casablanca
2023-05-11,22.9,14.9,0.0,Casablanca
2023-05-12,24.1,15.5,0.0,Casablanca
2023-05-13,23.0,15.9,0.0,Casablanca
2023-05-14,23.6,15.6,0.0,Casablanca
2023-05-15,22.7,14.0,0.0,Casablanca
2023-05-16,22.0,16.4,0.0,Casablanca
2023-05-17,22.1,16.0,5.6,Casablanca
2023-05-18,19.9,14.2,22.4,Casablanca
2023-05-19,22.1,14.1,0.9,Casablanca
2023-05-20,22.6,13.6,0.0,Casablanca
2023-05-21,19.6,15.4,4.4,Casablanca
2023-05-22,20.9,13.6,0.6,Casablanca
2023-05-23,20.5,14.5,2.1,Casablanca
2023-05-24,21.8,15.2,1.1,Casablanca
2023-05-25,23.0,15.0,0.2,Casablanca
2023-05-26,22.6,17.1,1.3,Casablanca
2023-05-27,21.3,16.9,6.8,Casablanca
2023-05-28,22.1,16.6,0.3,Casablanca
2023-05-29,22.4,15.3,0.3,Casablanca
2023-05-30,22.8,14.2,0.2,Casablanca
2023-05-31,23.3,16.0,0.0,Casablanca
2023-06-01,24.1,16.7,0.0,Casablanca
2023-06-02,24.4,17.6,2.1,Casablanca
2023-06-03,24.2,17.8,0.2,Casablanca
2023-06-04,23.7,18.6,0.5,Casablanca
2023-06-05,24.4,18.2,0.1,Casablanca
2023-06-06,25.8,20.0,0.1,Casablanca
2023-06-07,26.5,20.7,0.0,Casablanca
2023-06-08,25.6,20.3,3.1,Casablanca
2023-06-09,23.8,18.5,0.7,Casablanca
2023-06-10,24.2,19.2,2.5,Casablanca
2023-06-11,24.6,17.1,0.0,Casablanca
2023-06-12,24.5,17.5,0.0,Casablanca
2023-06-13,23.6,19.9,2.2,Casablanca
2023-06-14,24.2,18.3,0.0,Casablanca
2023-06-15,26.1,17.8,0.0,Casablanca
2023-06-16,29.1,19.0,0.0,Casablanca
2023-06-17,27.8,20.5,0.2,Casablanca
2023-06-18,25.4,21.0,0.3,Casablanca
2023-06-19,25.3,20.1,0.0,Casablanca
2023-06-20,25.2,20.2,0.1,Casablanca
2023-06-21,25.8,19.7,0.2,Casablanca
2023-06-22,25.7,19.3,0.0,Casablanca
2023-06-23,27.5,19.5,0.0,Casablanca
2023-06-24,29.2,21.0,0.0,Casablanca
2023-06-25,29.6,21.9,0.0,Casablanca
2023-06-26,36.5,21.9,0.0,Casablanca
2023-06-27,34.1,23.6,0.0,Casablanca
2023-06-28,29.2,20.4,0.0,Casablanca
2023-06-29,28.3,21.6,0.0,Casablanca
2023-06-30,26.6,20.2,0.0,Casablanca
2023-07-01,27.6,18.4,0.0,Casablanca
2023-07-02,28.5,20.1,0.0,Casablanca
2023-07-03,28.1,20.4,0.0,Casablanca
2023-07-04,28.0,20.4,0.0,Casablanca
2023-07-05,28.7,20.4,0.0,Casablanca
2023-07-06,27.4,19.9,0.0,Casablanca
2023-07-07,26.1,20.8,0.1,Casablanca
2023-07-08,26.2,20.0,0.0,Casablanca
2023-07-09,27.6,20.1,0.0,Casablanca
2023-07-10,30.0,20.2,0.0,Casablanca
2023-07-11,28.2,20.3,0.0,Casablanca
2023-07-12,28.5,20.5,0.0,Casablanca
2023-07-13,30.5,19.0,0.0,Casablanca
2023-07-14,27.9,18.2,0.0,Casablanca
2023-07-15,27.4,20.9,0.3,Casablanca
2023-07-16,27.2,20.8,0.0,Casablanca
2023-07-17,28.3,19.2,0.0,Casablanca
2023-07-18,30.8,21.4,0.0,Casablanca
2023-07-19,29.0,21.8,0.0,Casablanca
2023-07-20,26.3,21.1,0.0,Casablanca
2023-07-21,26.0,20.7,0.0,Casablanca
2023-07-22,25.8,20.8,0.0,Casablanca
2023-07-23,26.6,19.8,0.0,Casablanca
2023-07-24,25.7,20.3,0.0,Casablanca
2023-07-25,25.7,19.0,0.0,Casablanca
2023-07-26,25.3,17.9,0.0,Casablanca
2023-07-27,25.2,18.7,0.0,Casablanca
2023-07-28,26.3,17.8,0.0,Casablanca
2023-07-29,27.4,18.3,0.0,Casablanca
2023-07-30,27.8,19.5,0.0,Casablanca
2023-07-31,27.8,19.7,0.0,Casablanca
2023-08-01,26.4,19.0,0.0,Casablanca
2023-08-02,26.6,18.6,0.0,Casablanca
2023-08-03,26.7,19.7,0.3,Casablanca
2023-08-04,27.4,18.0,0.0,Casablanca
2023-08-05,31.0,18.0,0.0,Casablanca
2023-08-06,32.4,20.9,0.0,Casablanca
2023-08-07,27.9,19.6,0.0,Casablanca
2023-08-08,27.9,21.1,0.0,Casablanca
2023-08-09,27.5,21.3,0.0,Casablanca
2023-08-10,29.2,21.6,0.0,Casablanca
2023-08-11,32.1,22.5,0.0,Casablanca
2023-08-12,32.0,20.5,0.0,Casablanca
2023-08-13,30.2,19.7,0.0,Casablanca
2023-08-14,27.5,21.1,0.0,Casablanca
2023-08-15,27.7,19.9,0.0,Casablanca
2023-08-16,27.4,18.1,0.0,Casablanca
2023-08-17,27.0,19.7,0.0,Casablanca
2023-08-18,27.5,19.9,0.0,Casablanca
2023-08-19,28.4,20.6,0.0,Casablanca
2023-08-20,31.0,21.4,0.0,Casablanca
2023-08-21,33.0,19.4,0.0,Casablanca
2023-08-22,34.6,22.0,0.0,Casablanca
2023-08-23,34.9,21.9,0.0,Casablanca
2023-08-24,33.8,22.9,0.0,Casablanca
2023-08-25,37.4,21.3,0.0,Casablanca
2023-08-26,29.4,22.0,0.0,Casablanca
2023-08-27,25.7,20.5,0.0,Casablanca
2023-08-28,27.1,16.5,0.0,Casablanca
2023-08-29,28.3,17.5,0.0,Casablanca
2023-08-30,27.1,20.3,0.0,Casablanca
2023-08-31,26.8,18.9,0.0,Casablanca
2023-09-01,26.1,19.3,0.0,Casablanca
2023-09-02,25.1,19.1,0.8,Casablanca
2023-09-03,23.9,17.3,9.9,Casablanca
2023-09-04,28.4,17.5,0.1,Casablanca
2023-09-05,25.8,17.4,0.0,Casablanca
2023-09-06,26.6,17.7,0.0,Casablanca
2023-09-07,27.2,19.5,0.0,Casablanca
2023-09-08,27.1,17.8,0.0,Casablanca
2023-09-09,27.0,19.5,0.1,Casablanca
2023-09-10,26.7,18.7,0.0,Casablanca
2023-09-11,26.5,18.7,0.1,Casablanca
2023-09-12,26.2,20.0,0.6,Casablanca
2023-09-13,26.5,18.9,0.0,Casablanca
2023-09-14,26.4,19.3,0.0,Casablanca
2023-09-15,26.9,20.0,0.4,Casablanca
2023-09-16,25.8,18.9,0.0,Casablanca
2023-09-17,23.4,19.0,1.2,Casablanca
2023-09-18,25.5,18.8,0.3,Casablanca
2023-09-19,24.9,18.0,0.2,Casablanca
2023-09-20,25.4,15.4,0.0,Casablanca
2023-09-21,25.8,16.8,0.0,Casablanca
2023-09-22,23.1,17.1,0.2,Casablanca
2023-09-23,25.2,16.5,0.0,Casablanca
2023-09-24,27.2,15.9,0.0,Casablanca
2023-09-25,26.4,18.3,0.0,Casablanca
2023-09-26,26.3,19.2,0.0,Casablanca
2023-09-27,26.2,18.7,0.0,Casablanca
2023-09-28,27.2,18.1,0.0,Casablanca
2023-09-29,28.6,19.1,0.0,Casablanca
2023-09-30,30.5,17.2,0.0,Casablanca
2023-10-01,28.2,17.0,0.0,Casablanca
2023-10-02,27.7,15.8,0.0,Casablanca
2023-10-03,27.3,19.1,0.0,Casablanca
2023-10-04,27.6,18.4,0.0,Casablanca
2023-10-05,27.8,16.1,0.0,Casablanca
2023-10-06,29.0,19.1,0.0,Casablanca
2023-10-07,32.0,18.9,0.0,Casablanca
2023-10-08,30.4,16.7,0.0,Casablanca
2023-10-09,29.6,16.4,0.0,Casablanca
2023-10-10,28.8,17.9,0.0,Casablanca
2023-10-11,27.2,18.8,0.0,Casablanca
2023-10-12,26.2,17.3,0.0,Casablanca
2023-10-13,28.0,17.4,0.0,Casablanca
2023-10-14,33.0,20.0,0.0,Casablanca
2023-10-15,30.0,20.2,0.0,Casablanca
2023-10-16,28.7,19.0,0.2,Casablanca
2023-10-17,31.6,21.5,0.0,Casablanca
2023-10-18,27.8,20.0,0.0,Casablanca
2023-10-19,27.7,18.9,7.6,Casablanca
2023-10-20,23.2,17.1,24.3,Casablanca
2023-10-21,23.7,15.0,0.6,Casablanca
2023-10-22,26.2,16.6,1.7,Casablanca
2023-10-23,22.2,16.1,3.1,Casablanca
2023-10-24,22.9,14.0,0.1,Casablanca
2023-10-25,24.4,13.7,0.0,Casablanca
2023-10-26,23.6,14.9,0.1,Casablanca
2023-10-27,23.5,17.5,3.4,Casablanca
2023-10-28,22.5,16.1,0.9,Casablanca
2023-10-29,23.3,13.8,0.4,Casablanca
2023-10-30,23.2,17.6,5.3,Casablanca
2023-10-31,23.1,17.8,0.3,Casablanca
2023-11-01,23.9,16.7,1.6,Casablanca
2023-11-02,23.5,15.0,0.1,Casablanca
2023-11-03,22.1,15.8,3.2,Casablanca
2023-11-04,22.5,13.8,0.0,Casablanca
2023-11-05,20.2,15.2,1.5,Casablanca
2023-11-06,19.9,16.0,1.2,Casablanca
2023-11-07,18.7,13.1,0.3,Casablanca
2023-11-08,19.1,10.6,0.0,Casablanca
2023-11-09,21.3,11.5,0.0,Casablanca
2023-11-10,23.2,14.6,0.0,Casablanca
2023-11-11,23.2,14.2,0.0,Casablanca
2023-11-12,21.7,15.7,0.0,Casablanca
2023-11-13,24.7,13.2,0.0,Casablanca
2023-11-14,25.3,12.7,0.0,Casablanca
2023-11-15,23.1,12.1,0.0,Casablanca
2023-11-16,22.5,11.8,0.0,Casablanca
2023-11-17,22.6,13.8,0.0,Casablanca
2023-11-18,22.6,11.2,0.0,Casablanca
2023-11-19,21.3,12.1,0.0,Casablanca
2023-11-20,21.1,12.6,0.0,Casablanca
2023-11-21,22.2,14.8,0.0,Casablanca
2023-11-22,20.5,12.4,0.1,Casablanca
2023-11-23,18.8,8.2,0.0,Casablanca
2023-11-24,20.2,8.9,0.0,Casablanca
2023-11-25,19.5,10.6,0.0,Casablanca
2023-11-26,20.7,8.3,0.0,Casablanca
2023-11-27,21.0,9.7,0.0,Casablanca
2023-11-28,21.2,10.7,0.0,Casablanca
2023-11-29,22.0,11.5,0.0,Casablanca
2023-11-30,23.6,13.0,0.0,Casablanca
2023-12-01,19.6,14.4,14.8,Casablanca
2023-12-02,18.1,9.7,0.3,Casablanca
2023-12-03,18.1,9.5,0.0,Casablanca
2023-12-04,19.2,6.1,0.0,Casablanca
2023-12-05,24.4,10.3,6.3,Casablanca
2023-12-06,20.2,16.3,3.4,Casablanca
2023-12-07,19.5,15.0,0.6,Casablanca
2023-12-08,21.9,11.2,0.0,Casablanca
2023-12-09,20.8,12.7,0.0,Casablanca
2023-12-10,22.5,13.7,0.0,Casablanca
2023-12-11,24.4,12.4,0.0,Casablanca
2023-12-12,20.8,13.3,0.0,Casablanca
2023-12-13,19.7,12.1,1.6,Casablanca
2023-12-14,17.6,10.8,0.0,Casablanca
2023-12-15,16.2,7.7,0.0,Casablanca
2023-12-16,21.6,7.7,0.0,Casablanca
2023-12-17,18.3,4.9,0.0,Casablanca
2023-12-18,17.5,9.2,0.0,Casablanca
2023-12-19,16.2,6.8,0.0,Casablanca
2023-12-20,18.2,5.9,2.5,Casablanca
2023-12-21,17.5,9.7,2.6,Casablanca
2023-12-22,18.8,7.7,0.0,Casablanca
2023-12-23,18.3,10.4,0.0,Casablanca
2023-12-24,18.5,7.4,0.0,Casablanca
2023-12-25,17.2,7.9,0.0,Casablanca
2023-12-26,16.9,10.3,0.0,Casablanca
2023-12-27,17.6,8.3,0.0,Casablanca
2023-12-28,19.8,5.3,0.0,Casablanca
2023-12-29,22.4,9.9,0.0,Casablanca
2023-12-30,20.3,9.9,0.0,Casablanca
2023-12-31,18.8,7.1,0.0,Casablanca
2024-01-01,19.3,11.1,0.2,Casablanca
2024-01-02,21.3,8.8,0.0,Casablanca
2024-01-03,24.9,10.4,0.0,Casablanca
2024-01-04,22.3,11.8,2.0,Casablanca
2024-01-05,17.7,11.3,2.1,Casablanca
2024-01-06,17.1,9.4,0.0,Casablanca
2024-01-07,16.0,6.7,0.0,Casablanca
2024-01-08,17.4,5.0,0.0,Casablanca
2024-01-09,22.3,9.5,1.7,Casablanca
2024-01-10,18.5,12.4,2.1,Casablanca
2024-01-11,19.6,10.0,0.0,Casablanca
2024-01-12,27.0,9.2,0.0,Casablanca
2024-01-13,29.5,14.2,0.0,Casablanca
2024-01-14,27.3,9.0,0.0,Casablanca
2024-01-15,26.2,12.3,0.0,Casablanca
2024-01-16,21.9,13.8,5.3,Casablanca
2024-01-17,22.6,16.4,0.4,Casablanca
2024-01-18,23.5,13.9,0.0,Casablanca
2024-01-19,18.5,13.4,20.7,Casablanca
2024-01-20,18.2,10.5,0.4,Casablanca
2024-01-21,17.8,9.0,0.0,Casablanca
2024-01-22,16.9,7.2,0.0,Casablanca
2024-01-23,20.2,6.2,0.0,Casablanca
2024-01-24,20.4,7.5,0.0,Casablanca
2024-01-25,22.5,8.6,0.0,Casablanca
2024-01-26,21.2,7.8,0.0,Casablanca
2024-01-27,21.6,9.4,0.0,Casablanca
2024-01-28,21.9,9.0,0.0,Casablanca
2024-01-29,25.4,9.7,0.0,Casablanca
2024-01-30,21.3,9.9,0.0,Casablanca
2024-01-31,22.3,8.3,0.0,Casablanca
2024-02-01,21.6,8.3,0.0,Casablanca
2024-02-02,19.0,9.2,0.0,Casablanca
2024-02-03,18.0,10.2,0.0,Casablanca
2024-02-04,19.4,8.7,0.0,Casablanca
2024-02-05,19.1,8.5,0.0,Casablanca
2024-02-06,19.2,11.4,0.0,Casablanca
2024-02-07,20.9,7.5,0.0,Casablanca
2024-02-08,25.3,11.6,0.4,Casablanca
2024-02-09,22.3,13.3,20.2,Casablanca
2024-02-10,18.9,14.0,1.1,Casablanca
2024-02-11,22.2,12.8,0.1,Casablanca
2024-02-12,22.5,14.2,0.0,Casablanca
2024-02-13,20.2,12.6,0.0,Casablanca
2024-02-14,32.2,13.1,0.0,Casablanca
2024-02-15,21.7,15.5,1.0,Casablanca
2024-02-16,19.3,15.1,0.1,Casablanca
2024-02-17,19.4,12.3,0.0,Casablanca
2024-02-18,20.6,12.5,0.0,Casablanca
2024-02-19,19.7,8.7,0.0,Casablanca
2024-02-20,21.8,14.0,0.0,Casablanca
2024-02-21,22.2,11.4,0.0,Casablanca
2024-02-22,19.9,11.8,0.2,Casablanca
2024-02-23,16.2,12.4,6.2,Casablanca
2024-02-24,17.0,10.8,3.8,Casablanca
2024-02-25,18.9,9.1,0.0,Casablanca
2024-02-26,18.1,11.1,4.7,Casablanca
2024-02-27,15.6,9.7,0.3,Casablanca
2024-02-28,17.3,6.2,0.0,Casablanca
2024-02-29,18.3,6.5,0.1,Casablanca
2024-03-01,16.7,10.5,0.3,Casablanca
2024-03-02,18.3,8.6,0.0,Casablanca
2024-03-03,17.8,11.6,2.8,Casablanca
2024-03-04,19.0,9.1,0.0,Casablanca
2024-03-05,17.6,11.9,0.7,Casablanca
2024-03-06,18.6,8.6,0.0,Casablanca
2024-03-07,20.2,10.1,10.7,Casablanca
2024-03-08,18.7,10.2,0.4,Casablanca
2024-03-09,18.6,13.4,13.3,Casablanca
2024-03-10,17.9,11.5,2.6,Casablanca
2024-03-11,18.2,9.1,0.0,Casablanca
2024-03-12,18.6,9.2,0.0,Casablanca
2024-03-13,19.0,11.5,1.7,Casablanca
2024-03-14,21.5,12.8,0.0,Casablanca
2024-03-15,19.9,13.8,0.0,Casablanca
2024-03-16,23.6,12.0,0.0,Casablanca
2024-03-17,29.6,13.5,0.0,Casablanca
2024-03-18,27.1,15.8,0.0,Casablanca
2024-03-19,22.2,14.7,0.0,Casablanca
2024-03-20,19.7,13.4,0.7,Casablanca
2024-03-21,20.5,13.0,2.8,Casablanca
2024-03-22,20.1,12.4,1.1,Casablanca
2024-03-23,20.4,12.2,0.8,Casablanca
2024-03-24,22.7,13.9,1.0,Casablanca
2024-03-25,18.8,13.9,12.7,Casablanca
2024-03-26,15.6,11.8,8.8,Casablanca
2024-03-27,20.5,10.9,0.7,Casablanca
2024-03-28,22.3,12.8,0.0,Casablanca
2024-03-29,17.7,12.8,13.3,Casablanca
2024-03-30,17.8,12.4,15.8,Casablanca
2024-03-31,21.4,13.2,10.4,Casablanca
2024-04-01,18.7,13.1,1.7,Casablanca
2024-04-02,19.7,9.9,0.0,Casablanca
2024-04-03,19.8,10.5,0.0,Casablanca
2024-04-04,21.7,12.9,0.0,Casablanca
2024-04-05,33.5,13.0,0.0,Casablanca
2024-04-06,24.3,16.1,0.0,Casablanca
2024-04-07,20.2,15.8,0.7,Casablanca
2024-04-08,20.1,14.4,0.0,Casablanca
2024-04-09,19.1,14.9,0.4,Casablanca
2024-04-10,23.9,13.5,0.0,Casablanca
2024-04-11,25.5,11.8,0.0,Casablanca
2024-04-12,27.5,19.1,0.0,Casablanca
2024-04-13,28.6,16.6,0.0,Casablanca
2024-04-14,28.9,13.9,0.0,Casablanca
2024-04-15,24.9,13.6,0.0,Casablanca
2024-04-16,25.2,13.3,0.0,Casablanca
2024-04-17,23.7,13.4,0.0,Casablanca
2024-04-18,20.3,12.1,0.0,Casablanca
2024-04-19,20.6,13.0,0.0,Casablanca
2024-04-20,20.7,14.4,0.2,Casablanca
2024-04-21,21.1,12.3,0.0,Casablanca
2024-04-22,23.2,11.9,0.0,Casablanca
2024-04-23,24.0,13.0,0.0,Casablanca
2024-04-24,22.5,12.8,0.0,Casablanca
2024-04-25,21.3,12.8,0.0,Casablanca
2024-04-26,20.4,13.5,0.6,Casablanca
2024-04-27,18.4,13.1,5.7,Casablanca
2024-04-28,18.0,11.5,1.6,Casablanca
2024-04-29,18.4,9.4,2.6,Casablanca
2024-04-30,19.8,10.6,1.0,Casablanca
2024-05-01,21.1,11.9,0.5,Casablanca
2024-05-02,19.1,13.8,0.6,Casablanca
2024-05-03,20.4,11.2,0.0,Casablanca
2024-05-04,21.6,11.5,0.0,Casablanca
2024-05-05,21.3,12.3,0.0,Casablanca
2024-05-06,22.7,15.5,0.0,Casablanca
2024-05-07,22.9,14.5,0.0,Casablanca
2024-05-08,25.5,13.9,0.0,Casablanca
2024-05-09,27.2,14.8,0.0,Casablanca
2024-05-10,26.0,16.2,0.0,Casablanca
2024-05-11,23.2,17.0,0.0,Casablanca
2024-05-12,23.1,15.2,0.2,Casablanca
2024-05-13,22.3,15.4,0.0,Casablanca
2024-05-14,20.2,16.9,1.9,Casablanca
2024-05-15,20.5,15.4,1.5,Casablanca
2024-05-16,20.9,13.0,0.0,Casablanca
2024-05-17,22.6,13.6,1.5,Casablanca
2024-05-18,21.2,16.5,0.8,Casablanca
2024-05-19,20.7,14.6,1.0,Casablanca
2024-05-20,21.2,12.6,0.0,Casablanca
2024-05-21,21.2,13.5,0.5,Casablanca
2024-05-22,21.7,14.1,0.0,Casablanca
2024-05-23,22.4,15.4,0.1,Casablanca
2024-05-24,23.0,15.0,0.0,Casablanca
2024-05-25,22.6,16.3,0.0,Casablanca
2024-05-26,23.3,15.8,0.0,Casablanca
2024-05-27,22.7,15.4,0.0,Casablanca
2024-05-28,24.7,15.5,0.0,Casablanca
2024-05-29,26.0,16.7,0.0,Casablanca
2024-05-30,29.4,17.8,0.0,Casablanca
2024-05-31,25.9,17.1,0.0,Casablanca
2024-06-01,24.9,17.3,0.0,Casablanca
2024-06-02,24.2,18.3,0.0,Casablanca
2024-06-03,24.4,18.0,0.0,Casablanca
2024-06-04,23.9,18.0,0.8,Casablanca
2024-06-05,23.9,17.7,0.5,Casablanca
2024-06-06,24.1,18.9,0.0,Casablanca
2024-06-07,22.5,17.2,0.5,Casablanca
2024-06-08,23.9,16.4,2.3,Casablanca
2024-06-09,23.5,17.5,1.3,Casablanca
2024-06-10,24.2,17.4,0.9,Casablanca
2024-06-11,23.3,17.6,3.7,Casablanca
2024-06-12,23.4,16.3,2.0,Casablanca
2024-06-13,23.8,17.9,0.0,Casablanca
2024-06-14,24.7,17.5,0.0,Casablanca
2024-06-15,23.3,17.9,0.6,Casablanca
2024-06-16,23.3,16.1,0.0,Casablanca
2024-06-17,24.4,15.6,0.0,Casablanca
2024-06-18,24.7,17.8,0.5,Casablanca
2024-06-19,23.8,17.9,0.9,Casablanca
2024-06-20,23.0,16.3,0.4,Casablanca
2024-06-21,24.1,15.9,0.0,Casablanca
2024-06-22,27.9,15.2,0.0,Casablanca
2024-06-23,29.9,16.5,0.0,Casablanca
2024-06-24,27.4,18.1,0.0,Casablanca
2024-06-25,24.9,19.9,0.4,Casablanca
2024-06-26,23.0,18.9,1.3,Casablanca
2024-06-27,25.2,16.8,1.2,Casablanca
2024-06-28,24.9,17.7,0.1,Casablanca
2024-06-29,24.5,17.4,0.5,Casablanca
2024-06-30,24.0,19.3,0.1,Casablanca
2024-07-01,24.2,18.8,0.5,Casablanca
2024-07-02,25.5,18.6,0.0,Casablanca
2024-07-03,27.9,18.2,0.0,Casablanca
2024-07-04,27.3,18.5,0.0,Casablanca
2024-07-05,26.1,19.9,0.0,Casablanca
2024-07-06,24.3,18.3,0.0,Casablanca
2024-07-07,23.5,18.4,0.0,Casablanca
2024-07-08,24.3,16.6,0.0,Casablanca
2024-07-09,25.0,16.9,0.0,Casablanca
2024-07-10,26.1,18.7,0.0,Casablanca
2024-07-11,26.7,19.7,0.0,Casablanca
2024-07-12,26.0,19.3,0.0,Casablanca
2024-07-13,24.9,18.2,0.0,Casablanca
2024-07-14,26.4,17.5,0.0,Casablanca
2024-07-15,26.3,17.0,0.0,Casablanca
2024-07-16,26.2,20.2,0.2,Casablanca
2024-07-17,27.2,18.3,0.0,Casablanca
2024-07-18,30.1,20.6,0.0,Casablanca
2024-07-19,31.5,21.1,0.0,Casablanca
2024-07-20,27.2,20.5,0.0,Casablanca
2024-07-21,25.8,20.7,0.2,Casablanca
2024-07-22,26.9,20.3,0.0,Casablanca
2024-07-23,30.5,19.1,0.0,Casablanca
2024-07-24,35.0,20.3,0.0,Casablanca
2024-07-25,29.2,20.2,0.0,Casablanca
2024-07-26,27.0,20.5,0.0,Casablanca
2024-07-27,27.2,21.4,0.1,Casablanca
2024-07-28,26.9,20.5,0.2,Casablanca
2024-07-29,26.7,21.0,0.0,Casablanca
2024-07-30,26.5,19.4,0.0,Casablanca
2024-07-31,26.9,21.0,0.0,Casablanca
2024-08-01,27.0,21.6,0.0,Casablanca
2024-08-02,27.1,20.4,0.0,Casablanca
2024-08-03,27.7,19.8,0.0,Casablanca
2024-08-04,28.1,19.5,0.0,Casablanca
2024-08-05,27.4,20.0,0.0,Casablanca
2024-08-06,26.5,18.9,0.0,Casablanca
2024-08-07,27.5,20.8,0.0,Casablanca
2024-08-08,26.7,20.5,0.0,Casablanca
2024-08-09,27.2,20.3,0.0,Casablanca
2024-08-10,27.9,20.1,0.0,Casablanca
2024-08-11,27.7,20.7,0.0,Casablanca
2024-08-12,27.1,20.7,0.0,Casablanca
2024-08-13,27.4,20.3,0.0,Casablanca
2024-08-14,27.1,18.6,0.2,Casablanca
2024-08-15,27.5,20.0,0.0,Casablanca
2024-08-16,32.4,18.9,0.0,Casablanca
2024-08-17,33.5,19.4,0.0,Casablanca
2024-08-18,29.9,20.8,0.0,Casablanca
2024-08-19,28.3,20.4,0.0,Casablanca
2024-08-20,27.2,20.6,0.0,Casablanca
2024-08-21,27.9,20.6,0.0,Casablanca
2024-08-22,25.7,20.1,0.2,Casablanca
2024-08-23,25.4,18.3,0.0,Casablanca
2024-08-24,27.3,19.8,0.0,Casablanca
2024-08-25,28.0,21.4,0.0,Casablanca
2024-08-26,27.5,19.7,0.0,Casablanca
2024-08-27,26.9,19.6,0.0,Casablanca
2024-08-28,26.3,20.0,0.3,Casablanca
2024-08-29,26.3,20.3,1.2,Casablanca
2024-08-30,27.7,19.6,1.8,Casablanca
2024-08-31,25.7,21.8,2.4,Casablanca
2024-09-01,26.9,21.4,0.0,Casablanca
2024-09-02,26.7,19.9,0.0,Casablanca
2024-09-03,25.3,20.0,0.0,Casablanca
2024-09-04,25.3,18.9,0.0,Casablanca
2024-09-05,27.3,16.1,0.0,Casablanca
2024-09-06,25.7,19.5,0.1,Casablanca
2024-09-07,26.2,19.8,4.2,Casablanca
2024-09-08,25.3,19.0,0.6,Casablanca
2024-09-09,24.8,18.0,0.0,Casablanca
2024-09-10,24.5,17.8,0.1,Casablanca
2024-09-11,24.8,17.4,0.6,Casablanca
2024-09-12,25.7,15.0,0.0,Casablanca
2024-09-13,26.4,17.7,0.0,Casablanca
2024-09-14,28.7,18.3,0.0,Casablanca
2024-09-15,27.1,19.1,0.0,Casablanca
2024-09-16,27.1,19.6,0.0,Casablanca
2024-09-17,27.6,19.8,0.1,Casablanca
2024-09-18,25.6,18.9,0.1,Casablanca
2024-09-19,26.1,18.3,0.2,Casablanca
2024-09-20,27.2,18.7,0.0,Casablanca
2024-09-21,26.4,19.5,0.0,Casablanca
2024-09-22,26.0,19.0,0.6,Casablanca
2024-09-23,25.6,17.4,0.0,Casablanca
2024-09-24,24.1,17.2,0.8,Casablanca
2024-09-25,25.0,15.6,0.0,Casablanca
2024-09-26,26.8,18.9,0.1,Casablanca
2024-09-27,26.4,18.3,0.0,Casablanca
2024-09-28,24.6,17.8,0.0,Casablanca
2024-09-29,26.7,15.0,0.0,Casablanca
2024-09-30,27.1,18.2,0.0,Casablanca
2024-10-01,26.5,19.7,0.0,Casablanca
2024-10-02,25.8,17.4,0.0,Casablanca
2024-10-03,26.0,19.2,1.4,Casablanca
2024-10-04,26.8,19.2,0.2,Casablanca
2024-10-05,26.0,20.8,0.7,Casablanca
2024-10-06,25.5,19.1,0.0,Casablanca
2024-10-07,24.7,19.8,0.0,Casablanca
2024-10-08,25.3,18.4,1.5,Casablanca
2024-10-09,25.7,17.1,0.1,Casablanca
2024-10-10,25.1,18.8,0.9,Casablanca
2024-10-11,26.2,18.5,0.0,Casablanca
2024-10-12,28.4,19.6,9.5,Casablanca
2024-10-13,26.6,17.9,1.1,Casablanca
2024-10-14,24.3,17.2,1.2,Casablanca
2024-10-15,27.2,18.2,1.9,Casablanca
2024-10-16,25.2,18.2,1.1,Casablanca
2024-10-17,23.8,17.1,0.9,Casablanca
2024-10-18,23.3,15.2,0.0,Casablanca
2024-10-19,23.8,15.7,0.0,Casablanca
2024-10-20,23.8,15.5,0.0,Casablanca
2024-10-21,24.6,16.4,0.0,Casablanca
2024-10-22,24.7,17.5,0.0,Casablanca
2024-10-23,27.0,16.8,0.0,Casablanca
2024-10-24,27.7,19.6,0.0,Casablanca
2024-10-25,23.2,18.3,1.7,Casablanca
2024-10-26,20.9,15.0,0.5,Casablanca
2024-10-27,20.5,14.4,4.7,Casablanca
2024-10-28,18.3,12.6,1.2,Casablanca
2024-10-29,17.1,12.1,23.2,Casablanca
2024-10-30,21.7,14.6,7.7,Casablanca
2024-10-31,23.7,16.0,1.0,Casablanca
2024-11-01,21.9,14.6,0.4,Casablanca
2024-11-02,21.9,13.7,0.1,Casablanca
2024-11-03,23.5,14.0,0.3,Casablanca
2024-11-04,23.3,14.4,0.2,Casablanca
2024-11-05,23.1,14.3,0.0,Casablanca
2024-11-06,24.2,14.9,0.0,Casablanca
2024-11-07,29.1,16.0,0.0,Casablanca
2024-11-08,23.8,15.7,0.0,Casablanca
2024-11-09,22.8,16.1,0.0,Casablanca
2024-11-10,22.6,17.3,0.0,Casablanca
2024-11-11,22.3,14.9,0.0,Casablanca
2024-11-12,21.3,14.2,0.0,Casablanca
2024-11-13,20.9,13.2,0.5,Casablanca
2024-11-14,20.9,15.2,11.0,Casablanca
2024-11-15,24.3,12.8,4.3,Casablanca
2024-11-16,23.8,15.3,0.0,Casablanca
2024-11-17,22.5,12.4,0.0,Casablanca
2024-11-18,24.9,15.0,0.1,Casablanca
2024-11-19,23.1,16.7,6.5,Casablanca
2024-11-20,22.1,12.8,0.0,Casablanca
2024-11-21,20.8,12.9,0.0,Casablanca
2024-11-22,22.5,13.5,0.0,Casablanca
2024-11-23,29.1,14.5,0.0,Casablanca
2024-11-24,33.5,19.6,0.0,Casablanca
2024-11-25,27.4,19.2,0.0,Casablanca
2024-11-26,24.1,14.2,0.0,Casablanca
2024-11-27,26.8,14.6,0.0,Casablanca
2024-11-28,32.3,17.2,0.0,Casablanca
2024-11-29,27.1,14.7,0.0,Casablanca
2024-11-30,27.0,14.8,0.0,Casablanca
2024-12-01,26.4,15.8,0.0,Casablanca
2024-12-02,24.8,11.6,0.0,Casablanca
2024-12-03,21.9,14.7,0.0,Casablanca
2024-12-04,20.2,13.5,0.1,Casablanca
2024-12-05,20.6,12.3,0.0,Casablanca
2024-12-06,19.9,10.3,0.0,Casablanca
2024-12-07,21.2,12.0,0.2,Casablanca
2024-12-08,20.4,13.2,0.0,Casablanca
2024-12-09,17.8,11.8,0.0,Casablanca
2024-12-10,16.7,8.6,0.0,Casablanca
2024-12-11,16.3,8.6,0.5,Casablanca
2024-12-12,17.5,10.9,0.5,Casablanca
2024-12-13,19.8,10.0,0.0,Casablanca
2024-12-14,18.7,9.5,0.0,Casablanca
2024-12-15,19.0,9.9,0.0,Casablanca
2024-12-16,22.0,6.9,0.0,Casablanca
2024-12-17,24.3,9.2,0.1,Casablanca
2024-12-18,22.9,9.7,0.0,Casablanca
2024-12-19,20.3,13.5,0.0,Casablanca
2024-12-20,18.6,13.4,0.6,Casablanca
2024-12-21,16.9,9.9,0.0,Casablanca
2024-12-22,18.8,9.1,0.0,Casablanca
2024-12-23,18.8,8.1,0.0,Casablanca
2024-12-24,19.4,8.0,0.0,Casablanca
2024-12-25,18.7,8.3,0.0,Casablanca
2024-12-26,20.8,5.6,0.0,Casablanca
2024-12-27,19.3,9.9,0.3,Casablanca
2024-12-28,20.2,10.1,3.3,Casablanca
2024-12-29,19.7,10.8,6.2,Casablanca
2024-12-30,18.2,10.4,4.2,Casablanca
2024-12-31,18.5,9.3,1.0,Casablanca
2025-01-01,18.1,7.1,0.0,Casablanca
2025-01-02,18.5,4.7,0.0,Casablanca
2025-01-03,21.2,7.1,0.0,Casablanca
2025-01-04,21.7,8.1,0.0,Casablanca
2025-01-05,22.1,11.4,0.5,Casablanca
2025-01-06,18.6,13.6,17.6,Casablanca
2025-01-07,18.0,9.5,0.0,Casablanca
2025-01-08,21.1,8.3,0.0,Casablanca
2025-01-09,20.2,9.7,0.0,Casablanca
2025-01-10,19.6,10.3,0.0,Casablanca
2025-01-11,18.5,11.5,0.0,Casablanca
2025-01-12,19.8,13.8,0.4,Casablanca
2025-01-13,17.2,9.9,0.0,Casablanca
2025-01-14,16.4,7.9,0.0,Casablanca
2025-01-15,16.4,7.4,0.0,Casablanca
2025-01-16,17.5,5.9,0.0,Casablanca
2025-01-17,17.0,11.7,1.3,Casablanca
2025-01-18,16.9,6.6,0.0,Casablanca
2025-01-19,18.8,7.4,0.0,Casablanca
2025-01-20,21.3,10.8,0.0,Casablanca
2025-01-21,24.9,10.6,0.0,Casablanca
2025-01-22,24.7,14.8,0.0,Casablanca
2025-01-23,22.2,13.4,0.0,Casablanca
2025-01-24,19.6,10.1,0.0,Casablanca
2025-01-25,19.9,10.7,0.0,Casablanca
2025-01-26,22.5,10.7,0.0,Casablanca
2025-01-27,22.2,13.5,0.1,Casablanca
2025-01-28,19.1,14.0,1.9,Casablanca
2025-01-29,17.9,9.5,0.6,Casablanca
2025-01-30,15.9,12.3,16.7,Casablanca
2025-01-31,15.9,9.3,0.7,Casablanca
2025-02-01,16.1,6.1,0.0,Casablanca
2025-02-02,15.8,11.0,3.4,Casablanca
2025-02-03,16.4,11.9,2.4,Casablanca
2025-02-04,15.6,8.6,0.0,Casablanca
2025-02-05,16.6,9.4,0.0,Casablanca
2025-02-06,17.6,6.4,0.0,Casablanca
2025-02-07,17.2,6.1,0.0,Casablanca
2025-02-08,18.9,7.1,0.0,Casablanca
2025-02-09,18.8,10.5,0.0,Casablanca
2025-02-10,24.3,8.8,0.0,Casablanca
2025-02-11,24.0,10.1,0.0,Casablanca
2025-02-12,19.2,13.9,1.6,Casablanca
2025-02-13,18.3,9.4,0.0,Casablanca
2025-02-14,19.0,8.6,0.0,Casablanca
2025-02-15,27.1,11.6,0.8,Casablanca
2025-02-16,17.3,11.2,5.6,Casablanca
2025-02-17,19.0,10.4,0.0,Casablanca
2025-02-18,19.7,12.0,0.9,Casablanca
2025-02-19,17.2,13.1,5.9,Casablanca
2025-02-20,18.7,11.2,0.0,Casablanca
2025-02-21,21.9,11.2,0.2,Casablanca
2025-02-22,17.7,13.0,1.7,Casablanca
2025-02-23,18.2,9.1,0.0,Casablanca
2025-02-24,20.0,9.8,0.0,Casablanca
2025-02-25,19.6,9.9,0.0,Casablanca
2025-02-26,18.8,13.2,0.2,Casablanca
2025-02-27,19.3,10.3,0.0,Casablanca
2025-02-28,16.7,11.3,11.8,Casablanca
2025-03-01,17.0,9.5,3.4,Casablanca
2025-03-02,18.4,8.1,1.9,Casablanca
2025-03-03,20.0,10.5,16.9,Casablanca
2025-03-04,19.6,12.4,1.4,Casablanca
2025-03-05,17.5,12.0,7.8,Casablanca
2025-03-06,18.3,11.5,5.6,Casablanca
2025-03-07,19.5,10.7,0.4,Casablanca
2025-03-08,16.4,11.5,9.1,Casablanca
2025-03-09,16.0,11.2,11.1,Casablanca
2025-03-10,18.1,12.6,9.3,Casablanca
2025-03-11,18.3,14.2,28.6,Casablanca
2025-03-12,20.7,14.4,3.7,Casablanca
2025-03-13,18.8,13.6,7.4,Casablanca
2025-03-14,15.1,12.0,5.4,Casablanca
2025-03-15,16.5,10.7,0.9,Casablanca
2025-03-16,19.9,10.1,0.0,Casablanca
2025-03-17,20.8,13.5,1.6,Casablanca
2025-03-18,18.8,12.8,1.5,Casablanca
2025-03-19,22.0,11.9,0.0,Casablanca
2025-03-20,22.4,15.6,3.1,Casablanca
2025-03-21,19.1,11.9,0.2,Casablanca
2025-03-22,16.5,13.2,2.2,Casablanca
2025-03-23,15.7,11.2,3.3,Casablanca
2025-03-24,16.2,11.3,0.9,Casablanca
2025-03-25,17.4,8.5,0.0,Casablanca
2025-03-26,17.9,9.9,0.0,Casablanca
2025-03-27,18.8,10.1,0.0,Casablanca
2025-03-28,19.2,11.5,0.0,Casablanca
2025-03-29,21.1,12.5,0.0,Casablanca
2025-03-30,23.8,10.7,0.0,Casablanca
2025-03-31,22.0,13.6,0.0,Casablanca
2025-04-01,21.9,13.2,3.0,Casablanca
2025-04-02,20.0,13.8,2.0,Casablanca
2025-04-03,21.1,14.3,3.5,Casablanca
2025-04-04,21.4,15.4,1.0,Casablanca
2025-04-05,19.7,12.7,1.5,Casablanca
2025-04-06,21.0,11.6,0.1,Casablanca
2025-04-07,20.8,12.2,0.0,Casablanca
2025-04-08,26.4,13.8,0.0,Casablanca
2025-04-09,24.7,15.1,2.0,Casablanca
2025-04-10,22.1,16.1,6.7,Casablanca
2025-04-11,25.9,16.0,4.4,Casablanca
2025-04-12,21.6,16.0,20.5,Casablanca
2025-04-13,19.2,14.5,7.0,Casablanca
2025-04-14,18.9,14.6,3.0,Casablanca
2025-04-15,17.4,13.9,5.3,Casablanca
2025-04-16,19.0,12.9,0.4,Casablanca
2025-04-17,19.5,11.2,0.0,Casablanca
2025-04-18,20.4,14.2,0.0,Casablanca
2025-04-19,18.4,14.0,2.3,Casablanca
2025-04-20,18.3,13.0,0.1,Casablanca
2025-04-21,19.0,12.2,0.0,Casablanca
2025-04-22,20.2,12.1,0.0,Casablanca
2025-04-23,21.3,12.8,0.0,Casablanca
2025-04-24,25.4,14.4,0.0,Casablanca
2025-04-25,23.3,16.3,0.0,Casablanca
2025-04-26,21.4,15.8,0.0,Casablanca
2025-04-27,22.7,13.7,0.0,Casablanca
2025-04-28,25.0,15.0,0.0,Casablanca
2025-04-29,21.7,15.9,0.2,Casablanca
2025-04-30,20.5,15.9,0.6,Casablanca
2025-05-01,22.6,12.8,0.1,Casablanca
2025-05-02,22.5,16.5,1.7,Casablanca
2025-05-03,22.6,15.1,0.3,Casablanca
2025-05-04,21.4,15.1,0.7,Casablanca
2025-05-05,22.1,12.8,0.1,Casablanca
2025-05-06,21.8,13.8,0.1,Casablanca
2025-05-07,22.0,14.2,0.0,Casablanca
2025-05-08,21.8,13.7,2.5,Casablanca
2025-05-09,21.9,14.9,0.2,Casablanca
2025-05-10,22.5,14.5,0.1,Casablanca
2025-05-11,22.0,15.1,0.5,Casablanca
2025-05-12,22.0,14.2,0.0,Casablanca
2025-05-13,20.9,16.3,0.7,Casablanca
2025-05-14,21.2,14.6,1.2,Casablanca
2025-05-15,20.6,13.7,0.7,Casablanca
2025-05-16,22.2,12.4,0.0,Casablanca
2025-05-17,24.2,15.3,0.0,Casablanca
2025-05-18,22.4,16.6,0.0,Casablanca
2025-05-19,21.8,17.0,0.2,Casablanca
2025-05-20,23.6,15.6,0.0,Casablanca
2025-05-21,24.4,14.4,0.0,Casablanca
2025-05-22,24.4,16.9,0.0,Casablanca
2025-05-23,22.7,17.6,0.0,Casablanca
2025-05-24,26.4,16.1,0.0,Casablanca
2025-05-25,27.3,16.8,0.0,Casablanca
2025-05-26,26.7,17.3,0.0,Casablanca
2025-05-27,26.5,18.2,0.0,Casablanca
2025-05-28,31.2,18.9,0.1,Casablanca
2025-05-29,33.4,23.9,0.0,Casablanca
2025-05-30,32.4,21.4,0.0,Casablanca
2025-05-31,25.3,19.3,0.1,Casablanca
2025-06-01,24.7,19.0,0.0,Casablanca
2025-06-02,24.7,17.6,0.2,Casablanca
2025-06-03,22.0,18.1,0.9,Casablanca
2025-06-04,22.8,17.6,0.0,Casablanca
2025-06-05,24.4,16.7,0.0,Casablanca
2025-06-06,25.2,17.2,0.0,Casablanca
2025-06-07,27.6,18.8,0.0,Casablanca
2025-06-08,29.8,19.4,0.0,Casablanca
2025-06-09,26.4,19.4,0.0,Casablanca
2025-06-10,23.3,19.3,0.9,Casablanca
2025-06-11,23.8,19.0,0.1,Casablanca
2025-06-12,23.7,18.7,0.0,Casablanca
2025-06-13,24.6,18.9,0.0,Casablanca
2025-06-14,25.0,19.6,0.2,Casablanca
2025-06-15,26.0,19.0,0.0,Casablanca
2025-06-16,28.0,19.4,0.0,Casablanca
2025-06-17,27.3,19.4,0.0,Casablanca
2025-06-18,33.9,20.7,0.0,Casablanca
2025-06-19,33.5,23.8,0.0,Casablanca
2025-06-20,28.6,20.4,0.0,Casablanca
2025-06-21,25.6,21.1,0.0,Casablanca
2025-06-22,25.3,20.5,0.1,Casablanca
2025-06-23,25.1,20.7,0.4,Casablanca
2025-06-24,24.3,20.4,0.1,Casablanca
2025-06-25,24.7,19.3,0.0,Casablanca
2025-06-26,26.9,19.2,0.0,Casablanca
2025-06-27,34.3,20.7,0.0,Casablanca
2025-06-28,39.8,27.0,0.0,Casablanca
2025-06-29,40.8,25.6,0.0,Casablanca
2025-06-30,36.4,24.3,0.0,Casablanca
2025-07-01,30.2,22.1,0.0,Casablanca
2025-07-02,29.4,21.7,0.0,Casablanca
2025-07-03,26.7,20.8,0.0,Casablanca
2025-07-04,26.6,20.4,0.0,Casablanca
2025-07-05,26.3,21.4,0.0,Casablanca
2025-07-06,26.9,20.3,0.0,Casablanca
2025-07-07,27.1,21.0,0.0,Casablanca
2025-07-08,26.7,20.4,0.0,Casablanca
2025-07-09,26.8,21.4,0.0,Casablanca
2025-07-10,25.6,21.9,0.0,Casablanca
2025-07-11,25.3,20.9,0.5,Casablanca
2025-07-12,25.5,19.2,0.0,Casablanca
2025-07-13,25.1,19.9,0.0,Casablanca
2025-07-14,28.1,19.9,0.0,Casablanca
2025-07-15,30.4,20.5,0.0,Casablanca
2025-07-16,31.8,20.9,0.0,Casablanca
2025-07-17,30.1,21.0,0.0,Casablanca
2025-07-18,27.4,20.0,0.0,Casablanca
2025-07-19,26.6,21.4,0.0,Casablanca
2025-07-20,26.0,20.2,0.1,Casablanca
2025-07-21,25.3,20.9,0.4,Casablanca
2025-07-22,26.2,19.1,0.0,Casablanca
2025-07-23,26.4,19.7,0.0,Casablanca
2025-07-24,26.5,19.7,0.0,Casablanca
2025-07-25,29.4,19.1,0.0,Casablanca
2025-07-26,29.4,21.5,0.0,Casablanca
2025-07-27,27.9,21.2,0.0,Casablanca
2025-07-28,27.9,21.3,0.0,Casablanca
2025-07-29,26.8,20.1,0.0,Casablanca
2025-07-30,27.6,20.6,0.0,Casablanca
2025-07-31,28.8,18.9,0.0,Casablanca
2025-08-01,28.4,20.6,0.0,Casablanca
2025-08-02,28.9,22.3,0.0,Casablanca
2025-08-03,27.9,21.9,0.0,Casablanca
2025-08-04,27.4,19.9,0.0,Casablanca
2025-08-05,28.2,21.6,0.0,Casablanca
2025-08-06,28.7,22.1,0.0,Casablanca
2025-08-07,27.4,22.2,0.0,Casablanca
2025-08-08,26.9,21.1,0.1,Casablanca
2025-08-09,28.2,20.0,0.0,Casablanca
2025-08-10,33.1,21.0,0.0,Casablanca
2025-08-11,35.7,21.1,0.0,Casablanca
2025-08-12,36.1,23.0,0.0,Casablanca
2025-08-13,32.7,23.6,0.0,Casablanca
2025-08-14,30.4,22.1,0.0,Casablanca
2025-08-15,29.1,22.4,0.0,Casablanca
2025-08-16,33.6,22.6,0.0,Casablanca
2025-08-17,35.3,23.7,0.0,Casablanca
2025-08-18,31.1,23.6,0.0,Casablanca
2025-08-19,27.4,22.3,0.0,Casablanca
2025-08-20,27.3,20.7,0.0,Casablanca
2025-08-21,28.0,19.5,0.0,Casablanca
2025-08-22,27.7,19.6,0.0,Casablanca
2025-08-23,26.3,20.8,0.0,Casablanca
2025-08-24,24.5,19.5,10.7,Casablanca
2025-08-25,24.6,18.6,0.5,Casablanca
2025-08-26,25.1,19.8,0.1,Casablanca
2025-08-27,25.7,19.6,0.0,Casablanca
2025-08-28,26.0,20.0,0.2,Casablanca
2025-08-29,25.4,19.0,0.1,Casablanca
2025-08-30,27.5,18.4,0.0,Casablanca
2025-08-31,26.6,20.4,0.0,Casablanca
2025-09-01,24.6,20.5,1.3,Casablanca
2025-09-02,25.3,17.2,0.0,Casablanca
2025-09-03,26.8,16.2,0.0,Casablanca
2025-09-04,26.3,17.4,0.0,Casablanca
2025-09-05,28.7,17.6,0.0,Casablanca
2025-09-06,29.0,19.8,0.0,Casablanca
2025-09-07,28.2,20.6,0.0,Casablanca
2025-09-08,27.0,20.6,0.6,Casablanca
2025-09-09,23.1,18.5,2.6,Casablanca
2025-09-10,24.6,15.8,0.0,Casablanca
2025-09-11,25.9,18.4,0.0,Casablanca
2025-09-12,28.0,18.5,0.0,Casablanca
2025-09-13,28.0,20.2,0.0,Casablanca
2025-09-14,27.8,18.5,0.0,Casablanca
2025-09-15,28.5,17.5,0.0,Casablanca
2025-09-16,27.7,20.0,0.0,Casablanca
2025-09-17,31.2,20.6,0.0,Casablanca
2025-09-18,32.8,20.4,0.0,Casablanca
2025-09-19,33.2,24.8,0.0,Casablanca
2025-09-20,29.9,22.4,0.0,Casablanca
2025-09-21,26.3,20.8,0.3,Casablanca
2025-09-22,24.6,18.3,0.0,Casablanca
2025-09-23,23.7,17.6,0.0,Casablanca
2025-09-24,24.6,15.9,0.0,Casablanca
2025-09-25,25.6,17.6,0.0,Casablanca
2025-09-26,24.5,17.2,0.0,Casablanca
2025-09-27,25.2,17.8,0.0,Casablanca
2025-09-28,24.0,15.7,0.9,Casablanca
2025-09-29,24.4,18.1,1.2,Casablanca
2025-09-30,24.9,18.1,0.0,Casablanca
2025-10-01,25.7,18.0,0.0,Casablanca
2025-10-02,26.2,18.5,0.0,Casablanca
2025-10-03,27.5,19.1,0.0,Casablanca
2025-10-04,25.5,19.9,0.0,Casablanca
2025-10-05,24.6,19.1,0.0,Casablanca
2025-10-06,24.9,18.6,0.0,Casablanca
2025-10-07,25.5,19.4,0.0,Casablanca
2025-10-08,23.0,19.7,1.1,Casablanca
2025-10-09,22.7,18.1,0.1,Casablanca
2025-10-10,23.3,18.1,0.0,Casablanca
2025-10-11,25.0,16.4,0.0,Casablanca
2025-10-12,25.5,19.7,0.0,Casablanca
2025-10-13,25.4,17.8,0.0,Casablanca
2025-10-14,25.1,17.9,0.0,Casablanca
2025-10-15,24.6,17.6,0.0,Casablanca
2025-10-16,26.3,17.3,0.0,Casablanca
2025-10-17,24.3,18.4,0.0,Casablanca
2025-10-18,25.9,17.0,0.0,Casablanca
2025-10-19,25.6,15.9,0.0,Casablanca
2025-10-20,24.8,19.1,0.0,Casablanca
2025-10-21,25.1,18.1,0.0,Casablanca
2025-10-22,26.2,18.7,0.0,Casablanca
2025-10-23,24.6,19.3,0.0,Casablanca
2025-10-24,25.7,17.0,0.0,Casablanca
2025-10-25,24.3,16.8,0.0,Casablanca
2025-10-26,24.9,17.5,0.0,Casablanca
2025-10-27,25.9,17.5,0.0,Casablanca
2025-10-28,28.5,18.4,0.0,Casablanca
2025-10-29,24.4,19.5,3.2,Casablanca
2025-10-30,24.0,18.1,0.9,Casablanca
2025-10-31,23.6,14.9,0.0,Casablanca
2025-11-01,24.3,18.2,0.1,Casablanca
2025-11-02,23.2,15.9,0.1,Casablanca
2025-11-03,23.3,17.0,0.0,Casablanca
2025-11-04,28.4,14.9,0.0,Casablanca
2025-11-05,27.8,20.5,0.1,Casablanca
2025-11-06,22.0,17.9,0.5,Casablanca
2025-11-07,21.4,13.0,0.0,Casablanca
2025-11-08,22.6,13.3,0.0,Casablanca
2025-11-09,20.6,12.4,0.0,Casablanca
2025-11-10,22.1,10.9,0.0,Casablanca
2025-11-11,25.1,11.2,0.0,Casablanca
2025-11-12,27.1,15.9,0.4,Casablanca
2025-11-13,21.7,16.1,28.9,Casablanca
2025-11-14,22.4,15.8,5.2,Casablanca
2025-11-15,23.4,16.2,0.0,Casablanca
2025-11-16,21.0,16.9,5.4,Casablanca
2025-11-17,20.0,14.4,8.8,Casablanca
2025-11-18,18.9,13.0,17.5,Casablanca
2025-11-19,19.0,11.2,0.1,Casablanca
2025-11-20,18.9,11.1,0.4,Casablanca
2025-11-21,18.3,11.0,0.0,Casablanca
2025-11-22,17.9,8.9,0.0,Casablanca
2025-11-23,19.0,8.6,0.0,Casablanca
2025-11-24,19.7,8.1,0.0,Casablanca
2025-11-25,20.8,11.1,2.5,Casablanca
2025-11-26,17.8,12.3,0.0,Casablanca
2025-11-27,17.8,9.4,0.0,Casablanca
2025-11-28,19.5,8.8,0.0,Casablanca
2025-11-29,18.8,8.6,0.1,Casablanca
2025-11-30,17.2,12.2,1.3,Casablanca
2025-12-01,17.1,8.0,0.9,Casablanca
2025-12-02,18.0,8.1,0.6,Casablanca
2025-12-03,17.5,12.3,1.5,Casablanca
2025-12-04,18.0,8.5,0.0,Casablanca
2025-12-05,19.4,9.1,0.0,Casablanca
2025-12-06,19.5,10.3,0.0,Casablanca
2025-12-07,19.6,8.6,0.0,Casablanca
2025-12-08,20.6,9.3,0.0,Casablanca
2025-12-09,22.4,8.7,0.0,Casablanca
2025-12-10,16.6,12.7,8.6,Casablanca
2025-12-11,16.6,11.6,13.4,Casablanca
2025-12-12,15.0,10.6,0.4,Casablanca
2025-12-13,16.6,10.8,0.2,Casablanca
2025-12-14,17.4,9.4,5.7,Casablanca
2025-12-15,18.1,12.1,1.6,Casablanca
2025-12-16,14.5,10.5,49.6,Casablanca
2025-12-17,15.4,10.3,17.0,Casablanca
2025-12-18,15.9,7.1,0.0,Casablanca
2025-12-19,16.5,8.6,1.4,Casablanca
2025-12-20,15.9,10.9,2.2,Casablanca
2025-12-21,15.8,10.4,7.7,Casablanca
2025-12-22,15.7,11.9,2.3,Casablanca
2025-12-23,16.7,10.9,6.5,Casablanca
2025-12-24,16.5,11.9,14.1,Casablanca
2025-12-25,14.5,9.6,3.8,Casablanca
2025-12-26,15.2,10.8,2.9,Casablanca
2025-12-27,16.1,10.9,7.1,Casablanca
2025-12-28,15.0,10.4,5.5,Casablanca
2025-12-29,16.3,10.6,8.0,Casablanca
2025-12-30,17.9,9.3,0.4,Casablanca
2025-12-31,18.6,12.3,3.3,Casablanca
2026-01-01,22.8,13.1,0.0,Casablanca
2026-01-02,21.8,15.0,4.3,Casablanca
2026-01-03,18.5,13.4,27.8,Casablanca
2026-01-04,17.6,13.7,5.4,Casablanca
2026-01-05,16.1,12.4,9.0,Casablanca
2026-01-06,13.2,9.2,6.0,Casablanca
2026-01-07,14.5,7.2,0.0,Casablanca
2026-01-08,16.0,6.2,0.0,Casablanca
2026-01-09,15.8,8.8,0.1,Casablanca
2026-01-10,16.1,8.0,0.0,Casablanca
2026-01-11,16.2,9.8,0.0,Casablanca
2026-01-12,19.2,6.9,0.0,Casablanca
2026-01-13,18.0,11.5,0.3,Casablanca
2026-01-14,15.4,10.5,0.9,Casablanca
2026-01-15,16.2,8.6,0.2,Casablanca
2026-01-16,15.5,11.2,12.2,Casablanca
2026-01-17,12.9,8.7,6.7,Casablanca
2026-01-18,11.7,8.6,16.0,Casablanca
2026-01-19,14.3,6.9,1.4,Casablanca
2026-01-20,14.1,8.4,3.3,Casablanca
2026-01-21,16.5,9.8,2.9,Casablanca
2026-01-22,17.5,13.6,3.9,Casablanca
2026-01-23,15.6,12.5,22.0,Casablanca
2026-01-24,15.3,9.8,17.8,Casablanca
2026-01-25,16.0,10.1,1.4,Casablanca
2026-01-26,18.4,11.8,0.2,Casablanca
2026-01-27,16.9,13.5,6.8,Casablanca
2026-01-28,18.2,14.3,0.0,Casablanca
2026-01-29,19.2,16.0,1.6,Casablanca
2026-01-30,19.3,16.2,1.5,Casablanca
2026-01-31,17.7,14.0,2.3,Casablanca
2026-02-01,17.6,9.6,0.0,Casablanca
2026-02-02,14.7,11.5,12.6,Casablanca
2026-02-03,15.8,11.0,4.2,Casablanca
2026-02-04,20.3,14.2,1.7,Casablanca
2026-02-05,19.8,15.7,5.4,Casablanca
2026-02-06,16.5,13.9,2.2,Casablanca
2026-02-07,18.7,11.4,9.0,Casablanca
2026-02-08,16.8,14.3,4.9,Casablanca
2026-02-09,19.4,14.8,10.8,Casablanca
2026-02-10,20.0,16.3,0.6,Casablanca
2026-02-11,19.5,14.2,0.0,Casablanca
2026-02-12,19.5,12.1,0.0,Casablanca
2026-02-13,17.3,13.5,9.2,Casablanca
2026-02-14,15.5,12.5,0.5,Casablanca
2026-02-15,16.5,8.9,0.0,Casablanca
2026-02-16,16.7,9.4,0.0,Casablanca
2026-02-17,16.5,9.1,0.0,Casablanca
2026-02-18,16.7,11.8,0.5,Casablanca
2026-02-19,17.1,9.2,0.0,Casablanca
2026-02-20,16.4,9.3,0.0,Casablanca
2026-02-21,20.1,8.1,0.0,Casablanca
2026-02-22,24.5,9.3,0.0,Casablanca
2026-02-23,24.3,10.2,0.0,Casablanca
2026-02-24,25.2,11.4,0.0,Casablanca
2026-02-25,21.9,13.8,0.0,Casablanca
2026-02-26,19.9,12.4,0.0,Casablanca
2026-02-27,19.3,12.7,0.0,Casablanca
2026-02-28,17.7,11.5,0.5,Casablanca
2026-03-01,18.4,13.3,0.0,Casablanca
2026-03-02,18.2,12.0,1.5,Casablanca
2026-03-03,14.3,9.3,11.7,Casablanca
2026-03-04,13.5,9.2,11.0,Casablanca
2026-03-05,16.6,9.0,2.8,Casablanca
2026-03-06,14.3,11.0,2.5,Casablanca
2026-03-07,15.7,8.3,0.6,Casablanca
2026-03-08,16.4,9.0,0.8,Casablanca
2026-03-09,16.6,8.1,2.0,Casablanca
2026-03-10,15.1,11.5,5.4,Casablanca
2026-03-11,15.5,8.2,0.2,Casablanca
2026-03-12,18.3,9.1,0.0,Casablanca
2026-03-13,18.3,10.7,0.0,Casablanca
2026-03-14,17.8,11.4,0.8,Casablanca
2026-03-15,17.3,13.2,0.0,Casablanca
2026-03-16,19.8,12.1,0.0,Casablanca
2026-03-17,22.3,12.7,6.1,Casablanca
2026-03-18,22.2,13.1,8.8,Casablanca
2026-03-19,18.4,13.2,10.1,Casablanca
2026-03-20,21.8,14.2,12.0,Casablanca
2026-03-21,20.7,14.1,3.2,Casablanca
2026-03-22,21.8,12.8,0.5,Casablanca
2026-03-23,20.1,13.5,0.0,Casablanca
2026-03-24,20.8,12.6,0.0,Casablanca
2026-03-25,21.3,14.0,0.0,Casablanca
2026-03-26,19.7,14.0,0.0,Casablanca
2026-03-27,19.9,13.7,0.0,Casablanca
2026-03-28,20.7,13.0,0.0,Casablanca
2026-03-29,19.2,14.0,0.0,Casablanca
2026-03-30,20.0,11.5,0.0,Casablanca
2026-03-31,19.7,10.5,0.0,Casablanca
2026-04-01,21.0,8.9,0.0,Casablanca
2026-04-02,20.8,9.4,0.0,Casablanca
2026-04-03,21.1,10.4,0.0,Casablanca
2026-04-04,23.0,11.7,0.0,Casablanca
2026-04-05,28.0,13.4,0.0,Casablanca
2026-04-06,25.5,16.2,0.4,Casablanca
2026-04-07,20.6,13.9,4.7,Casablanca
2026-04-08,17.0,11.9,4.9,Casablanca
2026-04-09,16.5,12.0,10.3,Casablanca
2026-04-10,17.7,10.7,2.1,Casablanca
2026-04-11,18.3,11.9,3.3,Casablanca
2026-04-12,16.6,13.8,1.3,Casablanca
2026-04-13,17.2,12.4,0.6,Casablanca
2026-04-14,18.3,10.6,0.0,Casablanca
2026-04-15,19.9,11.6,0.0,Casablanca
2026-04-16,23.5,12.1,0.0,Casablanca
2026-04-17,25.4,13.8,0.0,Casablanca
2026-04-18,25.3,13.4,0.0,Casablanca
2026-04-19,25.6,14.4,0.0,Casablanca
2026-04-20,31.2,16.2,0.0,Casablanca
2026-04-21,23.6,16.8,0.0,Casablanca
2026-04-22,21.3,14.9,0.8,Casablanca
2026-04-23,20.0,16.0,1.0,Casablanca
2026-04-24,19.9,14.2,1.4,Casablanca
2026-04-25,21.0,14.7,0.0,Casablanca
2026-04-26,22.2,14.8,0.0,Casablanca
2026-04-27,24.9,16.9,0.4,Casablanca
2026-04-28,22.9,17.0,0.4,Casablanca
2026-04-29,20.2,16.8,3.3,Casablanca
2026-04-30,20.7,16.4,0.0,Casablanca
2026-05-01,21.0,14.0,0.0,Casablanca
2026-05-02,21.1,13.8,0.0,Casablanca
2026-05-03,21.8,14.1,0.7,Casablanca
2026-05-04,21.6,16.7,0.0,Casablanca
2026-05-05,20.5,13.6,0.1,Casablanca
2026-05-06,20.5,13.7,0.8,Casablanca
2026-05-07,20.4,13.9,0.3,Casablanca
2026-05-08,21.3,13.1,0.0,Casablanca
2026-05-09,22.2,15.9,0.8,Casablanca
2026-05-10,22.0,14.9,0.0,Casablanca
2026-05-11,21.0,14.8,0.4,Casablanca
2026-05-12,22.1,13.8,0.0,Casablanca
2026-05-13,21.2,14.1,0.0,Casablanca
2026-05-14,20.3,15.0,0.3,Casablanca
2026-05-15,20.0,14.4,1.1,Casablanca
2026-05-16,19.7,14.8,1.5,Casablanca
2026-05-17,19.2,13.9,1.1,Casablanca
2026-05-18,20.2,13.6,0.3,Casablanca
2026-05-19,21.8,15.1,0.0,Casablanca
2026-05-20,26.4,15.8,0.0,Casablanca
2026-05-21,36.2,22.9,0.0,Casablanca
2026-05-22,34.8,21.6,0.0,Casablanca
2026-05-23,37.0,21.7,0.0,Casablanca
2026-05-24,34.0,22.1,0.0,Casablanca
2026-05-25,35.5,22.4,0.0,Casablanca
2026-05-26,38.6,24.1,0.0,Casablanca
2026-05-27,30.5,20.8,0.0,Casablanca
2026-05-28,26.0,19.2,0.0,Casablanca
2026-05-29,24.1,17.8,0.0,Casablanca
2026-05-30,24.6,19.6,0.0,Casablanca
2026-05-31,27.6,17.2,0.0,Casablanca
2026-06-01,26.4,18.2,0.0,Casablanca
2026-06-02,24.8,19.0,0.0,Casablanca
2026-06-03,24.3,18.7,0.0,Casablanca
2026-06-04,23.5,17.8,0.0,Casablanca
2026-06-05,22.2,18.2,0.4,Casablanca
2026-06-06,24.1,15.5,0.0,Casablanca
2026-06-07,24.9,17.0,0.0,Casablanca
2026-06-08,25.0,20.2,0.1,Casablanca
2026-06-09,24.4,17.4,0.0,Casablanca
2026-06-10,25.4,17.0,0.0,Casablanca
2026-06-11,27.2,20.5,0.0,Casablanca
2026-06-12,28.2,20.0,0.0,Casablanca
2026-06-13,24.9,18.1,0.0,Casablanca
2026-06-14,25.4,18.1,0.0,Casablanca
2026-06-15,24.2,19.1,0.4,Casablanca
2026-06-16,23.9,19.4,1.0,Casablanca
2026-06-17,25.8,19.8,0.0,Casablanca
2026-06-18,26.0,20.2,0.0,Casablanca
2026-06-19,26.4,20.2,0.0,Casablanca
2026-06-20,25.9,21.3,0.3,Casablanca
2026-06-21,26.9,21.3,0.0,Casablanca
2026-06-22,26.4,20.2,0.0,Casablanca
2026-06-23,25.7,21.3,0.1,Casablanca
2026-06-24,25.5,20.7,0.4,Casablanca
2026-06-25,25.5,20.9,0.0,Casablanca
2026-06-26,26.1,19.4,0.0,Casablanca
2026-06-27,25.6,21.4,0.5,Casablanca
2026-06-28,26.0,20.9,0.0,Casablanca
2026-06-29,28.0,19.4,0.0,Casablanca
2026-06-30,28.5,18.6,0.0,Casablanca
2026-07-01,33.8,20.7,0.0,Casablanca
2026-07-02,34.5,23.1,0.0,Casablanca
2026-07-03,36.3,23.8,0.0,Casablanca
2026-07-04,34.4,24.7,0.0,Casablanca
2026-07-05,33.7,24.0,0.0,Casablanca
2026-07-06,33.3,23.5,0.0,Casablanca
2026-07-07,31.9,22.8,0.0,Casablanca
2026-07-08,31.7,22.3,0.0,Casablanca
2026-07-09,28.1,21.1,0.0,Casablanca
2026-07-10,25.7,20.7,0.5,Casablanca
2026-07-11,26.5,21.2,0.0,Casablanca
2026-07-12,27.1,20.8,0.0,Casablanca
2026-07-13,26.6,20.9,0.0,Casablanca
2026-07-14,26.9,21.3,0.0,Casablanca
2026-07-15,26.2,21.4,0.0,Casablanca
2026-07-16,27.0,21.3,0.0,Casablanca
2026-07-17,27.0,21.7,0.0,Casablanca
2026-07-18,26.9,21.3,0.0,Casablanca
2026-07-19,26.2,21.1,0.0,Casablanca
2026-07-20,26.0,21.1,0.0,Casablanca
2026-07-21,26.6,21.0,0.0,Casablanca
2026-07-22,27.1,20.9,0.1,Casablanca
2026-07-23,27.5,21.4,0.0,Casablanca
2026-07-24,25.9,21.1,0.0,Casablanca
2026-07-25,25.2,20.6,0.0,Casablanca
2026-07-26,27.1,19.3,0.0,Casablanca
2026-07-27,29.1,20.3,0.0,Casablanca
2026-07-28,28.6,21.6,0.0,Casablanca
2026-07-29,27.0,21.3,0.0,Casablanca
2026-07-30,27.4,21.4,0.0,Casablanca
2026-07-31,30.9,21.8,0.0,Casablanca
2026-08-01,33.9,22.3,0.0,Casablanca
2022-01-01,17.2,11.6,0.0,Tanger
2022-01-02,17.9,10.3,0.0,Tanger
2022-01-03,18.8,8.4,0.0,Tanger
2022-01-04,16.8,8.5,0.8,Tanger
2022-01-05,14.6,11.0,0.1,Tanger
2022-01-06,14.4,9.7,4.7,Tanger
2022-01-07,15.0,7.8,0.0,Tanger
2022-01-08,17.3,7.6,0.0,Tanger
2022-01-09,15.1,8.1,0.0,Tanger
2022-01-10,15.7,8.1,0.0,Tanger
2022-01-11,18.1,9.4,0.0,Tanger
2022-01-12,16.2,12.0,0.0,Tanger
2022-01-13,14.7,12.1,0.0,Tanger
2022-01-14,15.4,11.8,0.0,Tanger
2022-01-15,16.3,10.4,0.0,Tanger
2022-01-16,17.2,10.6,0.0,Tanger
2022-01-17,15.7,11.3,0.0,Tanger
2022-01-18,15.6,11.2,0.0,Tanger
2022-01-19,15.9,10.9,0.0,Tanger
2022-01-20,16.0,10.1,0.0,Tanger
2022-01-21,16.1,10.4,0.0,Tanger
2022-01-22,15.3,11.8,0.0,Tanger
2022-01-23,15.8,12.2,0.7,Tanger
2022-01-24,15.4,11.9,0.7,Tanger
2022-01-25,15.4,11.1,5.5,Tanger
2022-01-26,16.6,12.4,0.0,Tanger
2022-01-27,16.0,11.9,0.0,Tanger
2022-01-28,16.8,12.3,0.0,Tanger
2022-01-29,16.8,13.3,0.0,Tanger
2022-01-30,17.4,12.4,0.0,Tanger
2022-01-31,19.9,10.2,0.0,Tanger
2022-02-01,18.3,7.2,0.0,Tanger
2022-02-02,18.5,12.2,0.0,Tanger
2022-02-03,18.5,7.7,0.0,Tanger
2022-02-04,17.5,9.6,1.9,Tanger
2022-02-05,17.4,9.2,0.0,Tanger
2022-02-06,17.6,8.7,0.0,Tanger
2022-02-07,17.4,13.1,0.0,Tanger
2022-02-08,16.9,13.2,0.0,Tanger
2022-02-09,16.9,12.9,0.0,Tanger
2022-02-10,17.6,11.9,0.0,Tanger
2022-02-11,18.0,11.5,0.0,Tanger
2022-02-12,17.7,11.3,0.0,Tanger
2022-02-13,19.5,10.9,0.0,Tanger
2022-02-14,16.4,10.6,2.4,Tanger
2022-02-15,16.8,8.0,0.0,Tanger
2022-02-16,16.3,6.4,0.0,Tanger
2022-02-17,17.3,8.1,0.0,Tanger
2022-02-18,17.8,7.5,0.0,Tanger
2022-02-19,16.1,10.0,1.6,Tanger
2022-02-20,17.7,8.6,0.0,Tanger
2022-02-21,19.1,12.6,0.0,Tanger
2022-02-22,20.4,12.6,0.0,Tanger
2022-02-23,19.8,13.4,0.0,Tanger
2022-02-24,18.9,11.9,2.3,Tanger
2022-02-25,18.9,13.0,0.2,Tanger
2022-02-26,17.7,13.3,5.8,Tanger
2022-02-27,16.7,13.0,3.1,Tanger
2022-02-28,17.4,12.5,0.0,Tanger
2022-03-01,17.7,11.5,0.0,Tanger
2022-03-02,19.6,10.0,0.0,Tanger
2022-03-03,17.4,10.7,6.8,Tanger
2022-03-04,15.2,10.5,0.0,Tanger
2022-03-05,15.8,10.2,0.4,Tanger
2022-03-06,15.4,8.1,2.7,Tanger
2022-03-07,15.5,6.8,1.0,Tanger
2022-03-08,16.2,10.5,1.0,Tanger
2022-03-09,18.8,8.4,0.0,Tanger
2022-03-10,19.1,10.7,0.7,Tanger
2022-03-11,17.8,10.3,6.4,Tanger
2022-03-12,17.3,10.4,0.1,Tanger
2022-03-13,16.9,12.9,21.0,Tanger
2022-03-14,15.3,10.4,40.9,Tanger
2022-03-15,13.0,8.6,12.0,Tanger
2022-03-16,14.7,7.0,0.4,Tanger
2022-03-17,17.3,9.7,2.2,Tanger
2022-03-18,18.4,8.4,0.0,Tanger
2022-03-19,17.6,13.0,0.0,Tanger
2022-03-20,17.6,12.6,7.7,Tanger
2022-03-21,18.0,10.1,0.6,Tanger
2022-03-22,18.5,10.1,0.1,Tanger
2022-03-23,18.1,12.0,20.6,Tanger
2022-03-24,13.4,10.5,24.7,Tanger
2022-03-25,16.8,9.7,14.5,Tanger
2022-03-26,19.1,9.8,0.1,Tanger
2022-03-27,17.9,12.8,0.0,Tanger
2022-03-28,16.7,13.7,2.2,Tanger
2022-03-29,18.7,12.7,14.0,Tanger
2022-03-30,15.6,12.6,12.5,Tanger
2022-03-31,17.1,13.0,3.8,Tanger
2022-04-01,16.3,10.2,1.3,Tanger
2022-04-02,18.1,8.5,0.0,Tanger
2022-04-03,15.1,12.7,0.0,Tanger
2022-04-04,12.9,11.1,14.8,Tanger
2022-04-05,17.1,10.2,19.9,Tanger
2022-04-06,16.4,10.1,15.4,Tanger
2022-04-07,17.7,9.4,0.0,Tanger
2022-04-08,17.8,9.3,0.0,Tanger
2022-04-09,18.0,11.0,0.0,Tanger
2022-04-10,21.6,9.3,0.0,Tanger
2022-04-11,19.8,11.6,0.8,Tanger
2022-04-12,17.1,12.6,13.2,Tanger
2022-04-13,17.5,10.8,3.8,Tanger
2022-04-14,19.7,11.7,0.0,Tanger
2022-04-15,23.8,10.2,0.0,Tanger
2022-04-16,25.3,13.1,0.0,Tanger
2022-04-17,26.8,11.9,0.0,Tanger
2022-04-18,23.0,13.1,0.0,Tanger
2022-04-19,16.2,14.2,0.4,Tanger
2022-04-20,16.3,12.3,2.6,Tanger
2022-04-21,16.8,10.3,2.5,Tanger
2022-04-22,17.7,12.1,7.7,Tanger
2022-04-23,17.8,12.8,6.1,Tanger
2022-04-24,18.0,11.3,2.1,Tanger
2022-04-25,19.3,9.2,0.0,Tanger
2022-04-26,20.9,13.4,0.0,Tanger
2022-04-27,19.4,11.4,0.1,Tanger
2022-04-28,19.9,9.8,1.2,Tanger
2022-04-29,20.1,10.8,0.0,Tanger
2022-04-30,21.4,14.4,0.0,Tanger
2022-05-01,25.9,13.2,0.0,Tanger
2022-05-02,18.1,14.1,0.4,Tanger
2022-05-03,17.9,12.9,8.2,Tanger
2022-05-04,18.9,12.0,2.0,Tanger
2022-05-05,22.9,10.5,0.0,Tanger
2022-05-06,26.3,14.2,0.0,Tanger
2022-05-07,26.4,12.6,0.0,Tanger
2022-05-08,25.5,15.6,0.0,Tanger
2022-05-09,24.5,16.8,0.0,Tanger
2022-05-10,23.6,17.1,0.0,Tanger
2022-05-11,23.8,16.5,0.0,Tanger
2022-05-12,25.1,16.8,0.0,Tanger
2022-05-13,26.7,16.9,0.0,Tanger
2022-05-14,25.9,15.5,0.0,Tanger
2022-05-15,22.5,14.2,0.1,Tanger
2022-05-16,24.1,14.1,0.0,Tanger
2022-05-17,29.3,13.7,0.0,Tanger
2022-05-18,29.0,19.5,0.0,Tanger
2022-05-19,27.2,18.3,0.0,Tanger
2022-05-20,26.7,20.0,0.0,Tanger
2022-05-21,28.7,19.1,0.0,Tanger
2022-05-22,21.6,16.7,0.1,Tanger
2022-05-23,23.7,15.4,0.0,Tanger
2022-05-24,20.9,16.2,0.0,Tanger
2022-05-25,23.8,15.1,0.0,Tanger
2022-05-26,24.0,17.2,0.0,Tanger
2022-05-27,26.3,17.4,0.0,Tanger
2022-05-28,30.7,17.9,0.0,Tanger
2022-05-29,22.8,17.3,0.3,Tanger
2022-05-30,23.6,17.3,1.5,Tanger
2022-05-31,25.8,15.3,0.0,Tanger
2022-06-01,24.9,16.0,0.0,Tanger
2022-06-02,23.6,16.3,0.0,Tanger
2022-06-03,23.6,16.1,0.1,Tanger
2022-06-04,23.0,16.5,0.2,Tanger
2022-06-05,25.0,15.4,0.0,Tanger
2022-06-06,27.5,15.1,0.0,Tanger
2022-06-07,28.2,15.4,0.0,Tanger
2022-06-08,25.6,17.8,0.0,Tanger
2022-06-09,29.8,19.3,0.0,Tanger
2022-06-10,28.4,20.9,0.0,Tanger
2022-06-11,28.4,21.2,0.0,Tanger
2022-06-12,28.8,20.8,0.0,Tanger
2022-06-13,32.7,21.1,0.0,Tanger
2022-06-14,36.0,19.2,0.0,Tanger
2022-06-15,34.9,21.6,0.0,Tanger
2022-06-16,25.8,19.7,0.0,Tanger
2022-06-17,32.7,18.1,0.0,Tanger
2022-06-18,26.4,19.0,0.0,Tanger
2022-06-19,24.4,18.4,0.0,Tanger
2022-06-20,24.0,18.1,0.3,Tanger
2022-06-21,22.9,17.6,2.6,Tanger
2022-06-22,24.0,17.7,0.0,Tanger
2022-06-23,24.3,16.8,0.7,Tanger
2022-06-24,24.3,17.8,0.0,Tanger
2022-06-25,24.2,17.3,0.0,Tanger
2022-06-26,23.0,17.6,0.0,Tanger
2022-06-27,22.1,16.6,0.0,Tanger
2022-06-28,28.7,15.5,0.0,Tanger
2022-06-29,26.2,16.2,0.0,Tanger
2022-06-30,23.9,17.3,0.0,Tanger
2022-07-01,28.2,16.5,0.0,Tanger
2022-07-02,30.3,21.2,0.0,Tanger
2022-07-03,25.1,19.3,0.0,Tanger
2022-07-04,24.7,17.6,0.0,Tanger
2022-07-05,25.0,18.2,0.1,Tanger
2022-07-06,25.6,16.7,0.0,Tanger
2022-07-07,30.4,18.3,0.0,Tanger
2022-07-08,29.5,22.0,0.0,Tanger
2022-07-09,30.0,22.4,0.0,Tanger
2022-07-10,29.9,21.7,0.0,Tanger
2022-07-11,31.7,22.2,0.0,Tanger
2022-07-12,30.6,23.1,0.0,Tanger
2022-07-13,32.0,23.0,0.0,Tanger
2022-07-14,32.6,22.7,0.0,Tanger
2022-07-15,33.3,23.1,0.0,Tanger
2022-07-16,33.2,22.3,0.0,Tanger
2022-07-17,32.8,20.4,0.0,Tanger
2022-07-18,32.5,20.9,0.0,Tanger
2022-07-19,28.8,21.0,0.0,Tanger
2022-07-20,35.3,17.4,0.0,Tanger
2022-07-21,31.3,22.8,0.0,Tanger
2022-07-22,33.6,23.4,0.0,Tanger
2022-07-23,36.5,23.6,0.0,Tanger
2022-07-24,37.2,23.7,0.0,Tanger
2022-07-25,36.8,24.2,0.0,Tanger
2022-07-26,32.8,22.9,0.0,Tanger
2022-07-27,27.9,20.2,0.0,Tanger
2022-07-28,27.6,18.6,0.0,Tanger
2022-07-29,29.9,19.8,0.0,Tanger
2022-07-30,32.9,21.2,0.0,Tanger
2022-07-31,33.3,24.3,0.0,Tanger
2022-08-01,33.4,24.1,0.0,Tanger
2022-08-02,33.6,23.2,0.0,Tanger
2022-08-03,34.3,23.2,0.0,Tanger
2022-08-04,29.1,21.8,0.0,Tanger
2022-08-05,28.7,22.4,0.0,Tanger
2022-08-06,28.1,21.9,0.2,Tanger
2022-08-07,26.9,20.7,0.0,Tanger
2022-08-08,26.4,20.3,0.0,Tanger
2022-08-09,27.6,19.8,0.2,Tanger
2022-08-10,26.0,21.4,0.4,Tanger
2022-08-11,27.5,21.5,0.0,Tanger
2022-08-12,33.0,23.8,0.0,Tanger
2022-08-13,36.5,22.8,0.0,Tanger
2022-08-14,28.2,21.3,0.0,Tanger
2022-08-15,25.8,20.0,0.2,Tanger
2022-08-16,26.4,18.9,0.0,Tanger
2022-08-17,25.0,18.7,0.0,Tanger
2022-08-18,30.7,18.0,0.0,Tanger
2022-08-19,30.3,22.0,0.0,Tanger
2022-08-20,32.1,22.7,0.0,Tanger
2022-08-21,34.1,20.9,0.0,Tanger
2022-08-22,29.5,20.2,0.0,Tanger
2022-08-23,31.7,19.3,0.0,Tanger
2022-08-24,26.8,20.5,0.0,Tanger
2022-08-25,26.2,19.9,0.0,Tanger
2022-08-26,31.7,16.9,0.0,Tanger
2022-08-27,30.4,21.6,0.0,Tanger
2022-08-28,31.5,22.1,0.0,Tanger
2022-08-29,29.6,23.4,0.0,Tanger
2022-08-30,29.2,22.3,0.2,Tanger
2022-08-31,31.0,20.1,0.0,Tanger
2022-09-01,28.8,20.1,0.0,Tanger
2022-09-02,26.2,20.1,0.0,Tanger
2022-09-03,25.1,19.0,0.0,Tanger
2022-09-04,24.8,17.9,0.0,Tanger
2022-09-05,26.1,17.8,0.0,Tanger
2022-09-06,26.6,18.4,0.0,Tanger
2022-09-07,27.0,18.2,0.0,Tanger
2022-09-08,27.7,17.0,0.0,Tanger
2022-09-09,30.1,19.2,0.0,Tanger
2022-09-10,31.7,17.4,0.0,Tanger
2022-09-11,31.4,20.4,0.0,Tanger
2022-09-12,29.8,21.7,0.0,Tanger
2022-09-13,25.4,21.0,4.3,Tanger
2022-09-14,25.3,20.1,1.8,Tanger
2022-09-15,24.8,19.3,1.7,Tanger
2022-09-16,25.3,18.1,0.0,Tanger
2022-09-17,26.7,17.4,0.0,Tanger
2022-09-18,28.1,21.5,0.0,Tanger
2022-09-19,29.3,21.8,0.2,Tanger
2022-09-20,29.5,21.4,0.0,Tanger
2022-09-21,27.2,19.8,1.9,Tanger
2022-09-22,27.5,19.7,1.2,Tanger
2022-09-23,28.4,20.2,0.0,Tanger
2022-09-24,26.4,18.1,0.0,Tanger
2022-09-25,24.3,18.7,0.0,Tanger
2022-09-26,23.9,17.0,0.0,Tanger
2022-09-27,24.4,15.9,0.0,Tanger
2022-09-28,23.7,16.8,0.0,Tanger
2022-09-29,22.2,17.6,5.4,Tanger
2022-09-30,23.1,15.2,0.7,Tanger
2022-10-01,23.9,14.8,0.0,Tanger
2022-10-02,24.9,19.4,0.0,Tanger
2022-10-03,30.8,18.0,0.0,Tanger
2022-10-04,27.0,17.1,0.0,Tanger
2022-10-05,26.7,18.2,0.0,Tanger
2022-10-06,26.1,19.8,0.0,Tanger
2022-10-07,25.2,19.7,0.0,Tanger
2022-10-08,25.9,20.1,0.0,Tanger
2022-10-09,27.5,19.8,0.0,Tanger
2022-10-10,24.6,18.7,0.6,Tanger
2022-10-11,23.5,17.4,3.4,Tanger
2022-10-12,24.1,18.1,0.0,Tanger
2022-10-13,24.8,19.4,0.0,Tanger
2022-10-14,25.1,19.3,0.0,Tanger
2022-10-15,27.7,17.3,0.0,Tanger
2022-10-16,30.4,16.8,0.0,Tanger
2022-10-17,29.4,19.1,0.1,Tanger
2022-10-18,29.3,20.1,0.0,Tanger
2022-10-19,27.9,19.2,0.0,Tanger
2022-10-20,24.3,18.6,0.0,Tanger
2022-10-21,25.3,17.7,0.0,Tanger
2022-10-22,29.1,17.4,0.0,Tanger
2022-10-23,25.8,17.1,0.0,Tanger
2022-10-24,28.9,15.5,0.0,Tanger
2022-10-25,28.8,17.3,0.0,Tanger
2022-10-26,32.8,17.3,0.0,Tanger
2022-10-27,30.5,19.4,0.0,Tanger
2022-10-28,26.6,19.0,0.0,Tanger
2022-10-29,25.8,18.8,0.0,Tanger
2022-10-30,26.7,18.7,0.0,Tanger
2022-10-31,26.9,17.7,0.0,Tanger
2022-11-01,25.4,17.0,0.0,Tanger
2022-11-02,25.3,14.1,0.0,Tanger
2022-11-03,21.5,15.1,0.4,Tanger
2022-11-04,22.6,15.8,0.6,Tanger
2022-11-05,23.7,15.8,0.0,Tanger
2022-11-06,22.8,12.0,0.0,Tanger
2022-11-07,22.7,13.0,0.0,Tanger
2022-11-08,22.8,14.7,0.0,Tanger
2022-11-09,20.9,14.2,0.4,Tanger
2022-11-10,22.8,13.6,0.0,Tanger
2022-11-11,22.1,16.9,0.0,Tanger
2022-11-12,25.1,13.2,0.0,Tanger
2022-11-13,23.2,12.9,0.0,Tanger
2022-11-14,23.5,13.0,0.0,Tanger
2022-11-15,22.4,14.6,0.0,Tanger
2022-11-16,19.5,17.5,15.3,Tanger
2022-11-17,21.2,18.1,8.3,Tanger
2022-11-18,18.2,15.3,23.8,Tanger
2022-11-19,16.7,13.2,0.3,Tanger
2022-11-20,17.9,12.6,0.0,Tanger
2022-11-21,19.1,12.2,4.3,Tanger
2022-11-22,20.2,15.4,0.9,Tanger
2022-11-23,18.9,15.2,3.5,Tanger
2022-11-24,20.7,13.4,0.4,Tanger
2022-11-25,20.3,11.4,0.0,Tanger
2022-11-26,20.7,11.1,0.0,Tanger
2022-11-27,20.9,12.5,0.0,Tanger
2022-11-28,16.9,10.9,0.0,Tanger
2022-11-29,18.6,6.5,0.0,Tanger
2022-11-30,17.9,6.1,0.0,Tanger
2022-12-01,16.1,11.4,28.8,Tanger
2022-12-02,17.2,10.9,0.0,Tanger
2022-12-03,17.3,8.8,9.5,Tanger
2022-12-04,18.5,12.9,5.3,Tanger
2022-12-05,17.7,13.7,13.0,Tanger
2022-12-06,18.5,14.2,7.4,Tanger
2022-12-07,20.7,12.1,1.2,Tanger
2022-12-08,18.8,15.0,13.9,Tanger
2022-12-09,16.9,15.1,44.4,Tanger
2022-12-10,18.0,15.2,21.0,Tanger
2022-12-11,19.4,15.9,20.2,Tanger
2022-12-12,20.3,17.3,3.2,Tanger
2022-12-13,20.0,17.4,14.4,Tanger
2022-12-14,19.1,14.9,33.4,Tanger
2022-12-15,14.7,12.3,44.0,Tanger
2022-12-16,16.7,11.6,30.4,Tanger
2022-12-17,17.8,11.0,2.2,Tanger
2022-12-18,19.1,10.3,0.0,Tanger
2022-12-19,19.6,13.0,0.0,Tanger
2022-12-20,21.6,12.2,0.1,Tanger
2022-12-21,19.1,14.7,2.2,Tanger
2022-12-22,18.6,12.1,0.0,Tanger
2022-12-23,19.9,9.6,0.0,Tanger
2022-12-24,19.9,9.5,0.0,Tanger
2022-12-25,22.2,11.1,0.0,Tanger
2022-12-26,20.7,11.3,0.0,Tanger
2022-12-27,19.1,14.3,0.0,Tanger
2022-12-28,19.6,10.8,0.0,Tanger
2022-12-29,18.2,9.8,0.0,Tanger
2022-12-30,19.9,7.4,0.0,Tanger
2022-12-31,21.0,6.2,0.0,Tanger
2023-01-01,19.9,10.7,0.0,Tanger
2023-01-02,19.9,12.8,6.6,Tanger
2023-01-03,17.4,10.5,0.0,Tanger
2023-01-04,18.4,14.5,0.0,Tanger
2023-01-05,18.1,13.6,0.0,Tanger
2023-01-06,19.0,9.6,0.0,Tanger
2023-01-07,17.9,7.9,0.0,Tanger
2023-01-08,16.3,13.2,10.8,Tanger
2023-01-09,18.5,14.6,5.7,Tanger
2023-01-10,17.8,13.8,2.8,Tanger
2023-01-11,17.3,11.0,0.0,Tanger
2023-01-12,19.1,9.4,0.0,Tanger
2023-01-13,17.4,11.4,0.0,Tanger
2023-01-14,18.3,5.8,0.0,Tanger
2023-01-15,16.5,9.2,0.1,Tanger
2023-01-16,15.1,8.6,0.6,Tanger
2023-01-17,16.1,13.5,7.5,Tanger
2023-01-18,13.6,12.1,0.6,Tanger
2023-01-19,13.0,6.7,0.0,Tanger
2023-01-20,14.2,11.2,7.4,Tanger
2023-01-21,15.9,11.1,2.2,Tanger
2023-01-22,15.6,8.5,0.1,Tanger
2023-01-23,15.0,5.5,0.0,Tanger
2023-01-24,12.3,5.6,0.0,Tanger
2023-01-25,12.3,7.3,0.0,Tanger
2023-01-26,13.4,6.2,1.5,Tanger
2023-01-27,13.4,3.7,0.0,Tanger
2023-01-28,12.8,4.3,0.0,Tanger
2023-01-29,13.6,3.7,0.3,Tanger
2023-01-30,13.1,8.5,0.3,Tanger
2023-01-31,15.9,10.4,0.0,Tanger
2023-02-01,16.4,9.3,0.0,Tanger
2023-02-02,16.2,9.8,0.0,Tanger
2023-02-03,16.4,9.9,0.0,Tanger
2023-02-04,16.4,11.3,0.0,Tanger
2023-02-05,16.9,8.7,0.0,Tanger
2023-02-06,18.0,10.1,0.0,Tanger
2023-02-07,15.1,8.6,0.4,Tanger
2023-02-08,16.8,8.1,5.3,Tanger
2023-02-09,16.0,11.8,0.2,Tanger
2023-02-10,13.8,11.8,0.0,Tanger
2023-02-11,14.8,12.3,0.0,Tanger
2023-02-12,16.7,12.2,0.0,Tanger
2023-02-13,16.5,12.8,0.0,Tanger
2023-02-14,16.6,13.2,0.1,Tanger
2023-02-15,17.4,12.9,0.0,Tanger
2023-02-16,17.0,12.8,0.0,Tanger
2023-02-17,16.5,14.1,0.0,Tanger
2023-02-18,17.8,14.1,0.0,Tanger
2023-02-19,18.0,13.8,0.1,Tanger
2023-02-20,19.2,13.3,0.6,Tanger
2023-02-21,21.3,10.3,0.0,Tanger
2023-02-22,18.1,7.7,0.0,Tanger
2023-02-23,14.7,10.1,0.4,Tanger
2023-02-24,13.5,8.1,0.0,Tanger
2023-02-25,12.6,9.2,37.5,Tanger
2023-02-26,15.2,8.7,12.8,Tanger
2023-02-27,15.1,11.2,0.6,Tanger
2023-02-28,14.5,7.9,0.0,Tanger
2023-03-01,15.2,7.4,0.0,Tanger
2023-03-02,14.3,6.8,0.0,Tanger
2023-03-03,16.1,2.8,0.0,Tanger
2023-03-04,16.7,4.8,0.0,Tanger
2023-03-05,16.8,10.1,0.4,Tanger
2023-03-06,16.5,12.2,18.9,Tanger
2023-03-07,18.5,14.3,36.5,Tanger
2023-03-08,19.4,14.3,0.5,Tanger
2023-03-09,19.2,13.6,0.2,Tanger
2023-03-10,18.9,12.9,0.3,Tanger
2023-03-11,19.5,10.4,0.0,Tanger
2023-03-12,20.5,10.3,0.0,Tanger
2023-03-13,19.4,9.6,0.0,Tanger
2023-03-14,17.7,10.2,0.0,Tanger
2023-03-15,20.9,8.6,0.0,Tanger
2023-03-16,22.5,13.6,0.0,Tanger
2023-03-17,19.1,13.6,0.6,Tanger
2023-03-18,17.2,11.9,0.6,Tanger
2023-03-19,20.4,10.3,0.0,Tanger
2023-03-20,19.2,13.2,0.0,Tanger
2023-03-21,20.8,12.8,0.0,Tanger
2023-03-22,22.8,10.5,0.0,Tanger
2023-03-23,22.0,9.6,0.0,Tanger
2023-03-24,18.6,10.3,0.0,Tanger
2023-03-25,20.7,10.0,0.0,Tanger
2023-03-26,22.9,13.0,0.0,Tanger
2023-03-27,22.4,9.4,0.0,Tanger
2023-03-28,20.6,14.7,0.0,Tanger
2023-03-29,21.3,14.3,0.0,Tanger
2023-03-30,22.2,11.1,0.0,Tanger
2023-03-31,20.5,11.4,0.0,Tanger
2023-04-01,19.7,12.8,0.0,Tanger
2023-04-02,21.0,13.4,0.0,Tanger
2023-04-03,22.6,12.2,0.0,Tanger
2023-04-04,19.5,11.3,0.0,Tanger
2023-04-05,18.7,15.3,0.0,Tanger
2023-04-06,19.2,14.5,0.0,Tanger
2023-04-07,19.6,13.2,0.0,Tanger
2023-04-08,24.4,12.9,0.0,Tanger
2023-04-09,26.2,11.8,0.0,Tanger
2023-04-10,25.0,10.8,0.0,Tanger
2023-04-11,22.6,11.9,0.0,Tanger
2023-04-12,19.7,13.0,0.0,Tanger
2023-04-13,18.1,11.4,0.0,Tanger
2023-04-14,21.2,10.6,0.0,Tanger
2023-04-15,23.1,12.7,0.0,Tanger
2023-04-16,22.8,11.1,0.0,Tanger
2023-04-17,20.7,15.1,0.0,Tanger
2023-04-18,20.9,15.0,0.0,Tanger
2023-04-19,20.2,15.4,0.8,Tanger
2023-04-20,22.7,13.9,0.3,Tanger
2023-04-21,20.6,14.6,0.1,Tanger
2023-04-22,20.7,14.2,0.8,Tanger
2023-04-23,24.2,10.9,0.0,Tanger
2023-04-24,25.8,11.7,0.0,Tanger
2023-04-25,29.4,12.3,0.0,Tanger
2023-04-26,32.5,13.2,0.0,Tanger
2023-04-27,28.6,20.0,0.0,Tanger
2023-04-28,30.1,18.8,0.0,Tanger
2023-04-29,25.2,16.9,0.0,Tanger
2023-04-30,22.6,15.1,0.0,Tanger
2023-05-01,25.0,12.9,0.0,Tanger
2023-05-02,26.1,17.8,0.0,Tanger
2023-05-03,26.9,17.9,0.0,Tanger
2023-05-04,23.5,15.9,0.0,Tanger
2023-05-05,24.3,13.8,0.0,Tanger
2023-05-06,22.3,15.9,0.0,Tanger
2023-05-07,23.7,16.5,0.0,Tanger
2023-05-08,29.4,15.4,0.0,Tanger
2023-05-09,27.5,16.6,0.0,Tanger
2023-05-10,26.5,16.3,0.0,Tanger
2023-05-11,26.6,15.6,0.0,Tanger
2023-05-12,25.7,15.7,0.0,Tanger
2023-05-13,23.0,13.6,0.0,Tanger
2023-05-14,24.5,15.1,0.0,Tanger
2023-05-15,23.8,14.6,0.0,Tanger
2023-05-16,24.4,14.5,0.0,Tanger
2023-05-17,21.1,16.8,9.3,Tanger
2023-05-18,21.8,15.5,0.0,Tanger
2023-05-19,22.2,12.3,1.6,Tanger
2023-05-20,23.6,11.8,0.0,Tanger
2023-05-21,19.5,13.3,7.2,Tanger
2023-05-22,20.0,12.0,11.2,Tanger
2023-05-23,18.9,12.7,9.5,Tanger
2023-05-24,21.0,13.9,3.0,Tanger
2023-05-25,25.1,13.9,0.1,Tanger
2023-05-26,23.9,14.5,2.9,Tanger
2023-05-27,22.1,15.7,8.8,Tanger
2023-05-28,21.9,15.4,0.8,Tanger
2023-05-29,22.3,15.5,1.8,Tanger
2023-05-30,22.2,15.7,0.5,Tanger
2023-05-31,24.1,15.2,0.2,Tanger
2023-06-01,27.1,14.8,0.0,Tanger
2023-06-02,24.6,15.9,2.9,Tanger
2023-06-03,26.0,17.2,0.0,Tanger
2023-06-04,26.9,17.5,0.0,Tanger
2023-06-05,27.1,16.5,0.0,Tanger
2023-06-06,25.0,19.4,0.4,Tanger
2023-06-07,26.6,20.0,2.4,Tanger
2023-06-08,24.4,19.2,18.6,Tanger
2023-06-09,24.2,18.1,3.2,Tanger
2023-06-10,24.6,16.3,0.0,Tanger
2023-06-11,24.3,16.5,0.0,Tanger
2023-06-12,24.1,16.3,0.0,Tanger
2023-06-13,22.9,18.6,1.8,Tanger
2023-06-14,24.8,17.0,0.0,Tanger
2023-06-15,29.2,17.2,0.0,Tanger
2023-06-16,30.2,22.5,0.0,Tanger
2023-06-17,30.0,21.4,0.0,Tanger
2023-06-18,27.2,20.1,2.0,Tanger
2023-06-19,25.4,19.9,0.1,Tanger
2023-06-20,25.3,19.2,4.1,Tanger
2023-06-21,25.0,18.2,0.0,Tanger
2023-06-22,27.9,17.7,0.0,Tanger
2023-06-23,29.3,21.9,0.0,Tanger
2023-06-24,28.7,22.3,0.0,Tanger
2023-06-25,31.5,22.1,0.0,Tanger
2023-06-26,33.5,23.4,0.0,Tanger
2023-06-27,34.3,23.6,0.0,Tanger
2023-06-28,31.1,19.5,0.0,Tanger
2023-06-29,29.9,20.3,0.0,Tanger
2023-06-30,27.2,18.2,0.0,Tanger
2023-07-01,30.0,17.7,0.0,Tanger
2023-07-02,30.5,22.3,0.0,Tanger
2023-07-03,29.4,20.3,0.0,Tanger
2023-07-04,29.0,20.2,0.0,Tanger
2023-07-05,28.9,18.3,0.0,Tanger
2023-07-06,29.0,16.7,0.0,Tanger
2023-07-07,28.1,19.5,0.0,Tanger
2023-07-08,26.7,18.4,0.0,Tanger
2023-07-09,32.2,18.8,0.0,Tanger
2023-07-10,33.1,21.8,0.0,Tanger
2023-07-11,31.1,21.3,0.0,Tanger
2023-07-12,31.3,20.5,0.0,Tanger
2023-07-13,33.7,20.3,0.0,Tanger
2023-07-14,30.9,21.0,0.0,Tanger
2023-07-15,27.5,20.7,0.1,Tanger
2023-07-16,30.1,19.5,0.0,Tanger
2023-07-17,33.1,20.9,0.0,Tanger
2023-07-18,31.8,21.7,0.0,Tanger
2023-07-19,33.3,20.6,0.0,Tanger
2023-07-20,28.2,20.9,0.0,Tanger
2023-07-21,26.4,19.5,0.0,Tanger
2023-07-22,28.3,19.4,0.0,Tanger
2023-07-23,30.2,18.0,0.0,Tanger
2023-07-24,26.4,20.4,0.0,Tanger
2023-07-25,26.8,18.8,0.0,Tanger
2023-07-26,27.6,17.3,0.0,Tanger
2023-07-27,25.8,18.5,0.0,Tanger
2023-07-28,27.6,16.5,0.0,Tanger
2023-07-29,31.3,17.7,0.0,Tanger
2023-07-30,29.7,20.4,0.0,Tanger
2023-07-31,28.6,19.5,0.0,Tanger
2023-08-01,27.3,19.0,0.0,Tanger
2023-08-02,27.3,19.0,0.0,Tanger
2023-08-03,26.8,19.9,0.0,Tanger
2023-08-04,30.0,18.9,0.0,Tanger
2023-08-05,29.6,23.9,0.0,Tanger
2023-08-06,32.6,23.9,0.0,Tanger
2023-08-07,30.3,23.4,0.0,Tanger
2023-08-08,31.3,23.5,0.0,Tanger
2023-08-09,33.2,22.4,0.0,Tanger
2023-08-10,32.3,20.9,0.0,Tanger
2023-08-11,36.2,20.6,0.0,Tanger
2023-08-12,35.5,23.2,0.0,Tanger
2023-08-13,34.6,22.2,0.0,Tanger
2023-08-14,33.0,21.3,0.0,Tanger
2023-08-15,29.4,18.7,0.0,Tanger
2023-08-16,28.5,18.8,0.0,Tanger
2023-08-17,29.1,18.4,0.0,Tanger
2023-08-18,30.0,18.3,0.0,Tanger
2023-08-19,33.0,18.0,0.0,Tanger
2023-08-20,35.4,20.5,0.0,Tanger
2023-08-21,32.9,24.3,0.0,Tanger
2023-08-22,31.8,23.5,0.0,Tanger
2023-08-23,32.9,25.1,0.0,Tanger
2023-08-24,35.5,24.3,0.0,Tanger
2023-08-25,38.5,22.8,0.0,Tanger
2023-08-26,35.0,22.0,0.3,Tanger
2023-08-27,25.8,19.0,0.0,Tanger
2023-08-28,31.1,16.5,0.0,Tanger
2023-08-29,32.2,16.6,0.0,Tanger
2023-08-30,28.2,19.2,0.0,Tanger
2023-08-31,31.4,14.7,0.0,Tanger
2023-09-01,28.4,20.5,0.0,Tanger
2023-09-02,24.8,19.2,0.2,Tanger
2023-09-03,23.1,17.6,9.9,Tanger
2023-09-04,25.6,16.5,0.2,Tanger
2023-09-05,25.4,16.9,0.0,Tanger
2023-09-06,29.4,16.2,0.0,Tanger
2023-09-07,30.2,22.2,0.0,Tanger
2023-09-08,29.7,21.1,0.0,Tanger
2023-09-09,26.7,19.8,0.0,Tanger
2023-09-10,28.0,19.6,0.1,Tanger
2023-09-11,26.1,18.7,0.0,Tanger
2023-09-12,25.8,18.5,0.0,Tanger
2023-09-13,26.9,17.1,0.0,Tanger
2023-09-14,29.6,21.8,0.0,Tanger
2023-09-15,27.5,20.2,1.2,Tanger
2023-09-16,25.7,18.2,0.0,Tanger
2023-09-17,21.4,18.3,10.1,Tanger
2023-09-18,25.0,16.8,0.0,Tanger
2023-09-19,25.4,16.2,0.0,Tanger
2023-09-20,25.2,15.5,0.0,Tanger
2023-09-21,24.9,17.9,0.2,Tanger
2023-09-22,22.6,17.4,6.0,Tanger
2023-09-23,27.0,13.7,0.0,Tanger
2023-09-24,26.9,21.0,0.0,Tanger
2023-09-25,27.4,20.8,0.0,Tanger
2023-09-26,26.6,20.6,0.0,Tanger
2023-09-27,26.9,20.7,0.0,Tanger
2023-09-28,28.0,20.2,0.0,Tanger
2023-09-29,27.6,20.2,0.0,Tanger
2023-09-30,27.2,20.8,0.0,Tanger
2023-10-01,28.4,20.7,0.0,Tanger
2023-10-02,29.2,21.2,0.0,Tanger
2023-10-03,28.8,21.1,0.0,Tanger
2023-10-04,27.0,20.8,0.0,Tanger
2023-10-05,27.0,21.0,0.0,Tanger
2023-10-06,28.4,21.9,0.0,Tanger
2023-10-07,28.7,21.7,0.0,Tanger
2023-10-08,27.4,21.3,0.0,Tanger
2023-10-09,26.2,20.3,0.0,Tanger
2023-10-10,26.5,19.7,0.0,Tanger
2023-10-11,26.9,20.2,0.0,Tanger
2023-10-12,27.1,20.1,0.0,Tanger
2023-10-13,27.5,18.5,0.0,Tanger
2023-10-14,29.0,18.3,2.8,Tanger
2023-10-15,25.6,16.7,0.0,Tanger
2023-10-16,28.0,16.9,0.0,Tanger
2023-10-17,30.5,20.0,0.4,Tanger
2023-10-18,24.9,19.3,5.7,Tanger
2023-10-19,23.5,17.2,31.9,Tanger
2023-10-20,21.2,17.8,6.3,Tanger
2023-10-21,21.7,14.7,0.7,Tanger
2023-10-22,22.0,16.9,14.2,Tanger
2023-10-23,20.6,15.3,9.4,Tanger
2023-10-24,20.6,14.3,1.2,Tanger
2023-10-25,21.7,17.0,1.1,Tanger
2023-10-26,22.3,17.0,3.9,Tanger
2023-10-27,21.3,14.8,8.5,Tanger
2023-10-28,21.7,13.5,0.0,Tanger
2023-10-29,22.2,12.9,0.0,Tanger
2023-10-30,21.0,15.4,5.3,Tanger
2023-10-31,18.3,14.0,8.9,Tanger
2023-11-01,21.8,13.5,0.0,Tanger
2023-11-02,21.5,15.1,4.9,Tanger
2023-11-03,19.3,16.2,0.8,Tanger
2023-11-04,20.8,16.4,0.6,Tanger
2023-11-05,19.6,15.4,11.5,Tanger
2023-11-06,18.2,12.8,0.0,Tanger
2023-11-07,17.7,11.2,0.0,Tanger
2023-11-08,19.9,8.3,0.0,Tanger
2023-11-09,20.4,10.3,0.5,Tanger
2023-11-10,20.0,14.0,0.1,Tanger
2023-11-11,20.5,13.9,0.2,Tanger
2023-11-12,21.5,13.0,0.0,Tanger
2023-11-13,25.7,11.3,0.0,Tanger
2023-11-14,25.6,12.0,0.0,Tanger
2023-11-15,23.9,10.8,0.0,Tanger
2023-11-16,23.5,13.3,0.0,Tanger
2023-11-17,23.8,10.2,0.0,Tanger
2023-11-18,21.9,14.2,0.0,Tanger
2023-11-19,22.2,14.8,0.0,Tanger
2023-11-20,20.6,12.4,0.0,Tanger
2023-11-21,20.0,12.7,1.7,Tanger
2023-11-22,18.5,8.3,0.0,Tanger
2023-11-23,19.0,7.6,0.0,Tanger
2023-11-24,18.3,12.0,0.0,Tanger
2023-11-25,18.4,9.9,0.0,Tanger
2023-11-26,19.0,10.6,0.0,Tanger
2023-11-27,16.5,12.4,2.6,Tanger
2023-11-28,19.7,12.6,0.0,Tanger
2023-11-29,20.8,14.3,0.0,Tanger
2023-11-30,21.5,15.8,0.0,Tanger
2023-12-01,18.2,10.7,9.9,Tanger
2023-12-02,15.9,8.0,0.2,Tanger
2023-12-03,17.1,6.3,0.0,Tanger
2023-12-04,18.3,6.5,1.4,Tanger
2023-12-05,18.3,12.1,4.7,Tanger
2023-12-06,17.6,14.3,21.4,Tanger
2023-12-07,19.7,15.2,1.5,Tanger
2023-12-08,19.5,11.7,1.6,Tanger
2023-12-09,19.3,11.1,0.0,Tanger
2023-12-10,20.5,11.3,0.0,Tanger
2023-12-11,21.6,10.1,0.0,Tanger
2023-12-12,19.3,11.2,0.0,Tanger
2023-12-13,17.0,13.2,10.8,Tanger
2023-12-14,15.1,6.7,0.0,Tanger
2023-12-15,17.5,7.6,0.0,Tanger
2023-12-16,17.5,14.1,0.0,Tanger
2023-12-17,17.3,13.7,0.0,Tanger
2023-12-18,16.6,11.8,0.0,Tanger
2023-12-19,17.3,10.9,0.0,Tanger
2023-12-20,15.9,7.6,0.3,Tanger
2023-12-21,17.0,6.9,0.0,Tanger
2023-12-22,17.3,7.9,0.0,Tanger
2023-12-23,18.1,9.1,0.0,Tanger
2023-12-24,17.9,7.6,0.0,Tanger
2023-12-25,16.9,6.3,0.0,Tanger
2023-12-26,15.5,6.6,0.0,Tanger
2023-12-27,17.6,5.3,0.0,Tanger
2023-12-28,18.1,11.1,0.0,Tanger
2023-12-29,18.9,9.4,0.0,Tanger
2023-12-30,18.3,9.8,0.1,Tanger
2023-12-31,17.4,9.5,0.0,Tanger
2024-01-01,18.6,10.4,0.2,Tanger
2024-01-02,20.4,8.9,0.0,Tanger
2024-01-03,20.5,9.2,0.0,Tanger
2024-01-04,19.1,9.6,7.7,Tanger
2024-01-05,15.5,11.3,9.4,Tanger
2024-01-06,13.9,9.8,0.0,Tanger
2024-01-07,14.6,4.5,0.0,Tanger
2024-01-08,15.3,5.2,0.0,Tanger
2024-01-09,14.3,8.7,7.2,Tanger
2024-01-10,16.6,8.0,0.0,Tanger
2024-01-11,16.5,6.9,0.0,Tanger
2024-01-12,17.5,7.4,0.0,Tanger
2024-01-13,18.4,11.7,0.0,Tanger
2024-01-14,24.4,9.7,0.0,Tanger
2024-01-15,20.4,12.3,0.0,Tanger
2024-01-16,22.8,14.0,8.1,Tanger
2024-01-17,19.6,12.3,22.1,Tanger
2024-01-18,20.3,13.0,0.4,Tanger
2024-01-19,19.0,12.5,30.8,Tanger
2024-01-20,15.4,9.7,0.1,Tanger
2024-01-21,16.7,8.8,0.1,Tanger
2024-01-22,17.1,11.3,0.0,Tanger
2024-01-23,18.9,9.7,0.0,Tanger
2024-01-24,19.1,13.9,0.0,Tanger
2024-01-25,21.8,14.4,0.0,Tanger
2024-01-26,22.6,10.2,0.0,Tanger
2024-01-27,20.6,13.1,0.0,Tanger
2024-01-28,18.2,13.1,0.0,Tanger
2024-01-29,18.7,13.0,0.0,Tanger
2024-01-30,18.1,13.5,0.0,Tanger
2024-01-31,17.9,13.9,0.0,Tanger
2024-02-01,18.0,13.8,0.0,Tanger
2024-02-02,18.8,13.2,0.0,Tanger
2024-02-03,17.4,13.5,0.0,Tanger
2024-02-04,18.5,12.9,0.0,Tanger
2024-02-05,20.4,11.3,0.0,Tanger
2024-02-06,18.2,11.0,0.0,Tanger
2024-02-07,18.5,9.3,0.0,Tanger
2024-02-08,20.2,6.4,2.1,Tanger
2024-02-09,16.9,11.7,55.5,Tanger
2024-02-10,16.7,13.3,16.5,Tanger
2024-02-11,17.1,13.5,4.0,Tanger
2024-02-12,20.0,16.2,4.2,Tanger
2024-02-13,20.4,15.2,0.0,Tanger
2024-02-14,21.2,15.9,0.0,Tanger
2024-02-15,21.0,14.6,2.9,Tanger
2024-02-16,17.2,12.5,0.0,Tanger
2024-02-17,19.9,9.5,0.0,Tanger
2024-02-18,18.6,13.6,0.0,Tanger
2024-02-19,20.3,13.5,0.0,Tanger
2024-02-20,20.4,12.3,0.0,Tanger
2024-02-21,22.8,10.4,0.0,Tanger
2024-02-22,19.0,11.4,2.5,Tanger
2024-02-23,15.7,12.5,5.6,Tanger
2024-02-24,15.8,11.1,2.5,Tanger
2024-02-25,16.8,11.7,1.6,Tanger
2024-02-26,15.6,13.6,10.2,Tanger
2024-02-27,14.6,9.9,0.2,Tanger
2024-02-28,15.7,7.1,0.0,Tanger
2024-02-29,16.5,9.1,0.1,Tanger
2024-03-01,14.7,8.6,0.0,Tanger
2024-03-02,16.1,8.4,1.7,Tanger
2024-03-03,15.5,11.7,2.0,Tanger
2024-03-04,16.9,11.4,1.7,Tanger
2024-03-05,16.8,10.2,0.3,Tanger
2024-03-06,19.4,6.7,0.0,Tanger
2024-03-07,17.0,10.7,11.0,Tanger
2024-03-08,14.5,9.9,22.6,Tanger
2024-03-09,14.7,11.9,49.4,Tanger
2024-03-10,15.7,10.6,16.3,Tanger
2024-03-11,16.7,10.6,0.3,Tanger
2024-03-12,18.8,7.2,0.0,Tanger
2024-03-13,19.5,13.4,1.0,Tanger
2024-03-14,20.2,10.0,0.3,Tanger
2024-03-15,18.9,11.9,0.1,Tanger
2024-03-16,23.1,9.9,0.0,Tanger
2024-03-17,23.9,14.8,0.0,Tanger
2024-03-18,26.5,12.8,0.0,Tanger
2024-03-19,24.7,14.5,0.0,Tanger
2024-03-20,18.8,12.0,0.6,Tanger
2024-03-21,18.8,10.2,7.0,Tanger
2024-03-22,19.7,15.9,0.0,Tanger
2024-03-23,21.4,15.3,0.0,Tanger
2024-03-24,21.2,15.2,19.7,Tanger
2024-03-25,18.5,13.7,1.2,Tanger
2024-03-26,14.0,9.6,20.1,Tanger
2024-03-27,17.2,11.6,5.7,Tanger
2024-03-28,18.2,13.3,2.8,Tanger
2024-03-29,15.9,10.7,16.0,Tanger
2024-03-30,15.1,10.4,40.6,Tanger
2024-03-31,15.4,10.8,65.8,Tanger
2024-04-01,18.2,9.6,2.6,Tanger
2024-04-02,21.8,8.9,0.0,Tanger
2024-04-03,20.6,10.4,0.0,Tanger
2024-04-04,22.7,10.8,0.0,Tanger
2024-04-05,22.8,14.5,0.0,Tanger
2024-04-06,24.6,15.7,0.0,Tanger
2024-04-07,22.5,13.8,0.0,Tanger
2024-04-08,19.1,13.8,0.0,Tanger
2024-04-09,20.5,11.5,0.0,Tanger
2024-04-10,20.2,14.5,0.0,Tanger
2024-04-11,22.4,14.6,0.0,Tanger
2024-04-12,20.1,15.0,0.0,Tanger
2024-04-13,20.6,14.5,0.0,Tanger
2024-04-14,22.0,14.4,0.0,Tanger
2024-04-15,27.9,15.0,0.0,Tanger
2024-04-16,27.4,13.0,0.0,Tanger
2024-04-17,24.2,12.5,0.0,Tanger
2024-04-18,22.1,13.4,0.0,Tanger
2024-04-19,20.1,15.1,0.0,Tanger
2024-04-20,18.4,14.4,1.2,Tanger
2024-04-21,20.2,14.2,0.1,Tanger
2024-04-22,22.5,13.0,0.0,Tanger
2024-04-23,23.3,12.0,0.0,Tanger
2024-04-24,22.0,12.9,0.0,Tanger
2024-04-25,21.4,12.4,0.0,Tanger
2024-04-26,19.2,13.1,0.2,Tanger
2024-04-27,18.3,13.1,13.1,Tanger
2024-04-28,17.9,10.9,0.3,Tanger
2024-04-29,17.3,10.5,0.5,Tanger
2024-04-30,18.0,11.5,2.2,Tanger
2024-05-01,17.6,14.0,12.8,Tanger
2024-05-02,17.5,10.5,0.0,Tanger
2024-05-03,22.1,8.6,0.0,Tanger
2024-05-04,23.1,8.1,0.0,Tanger
2024-05-05,21.0,12.4,0.0,Tanger
2024-05-06,21.0,13.7,1.5,Tanger
2024-05-07,25.6,11.6,0.0,Tanger
2024-05-08,22.3,16.6,0.0,Tanger
2024-05-09,22.3,16.2,0.0,Tanger
2024-05-10,22.3,16.7,0.1,Tanger
2024-05-11,23.8,16.5,0.0,Tanger
2024-05-12,25.4,14.7,0.0,Tanger
2024-05-13,23.2,13.1,0.0,Tanger
2024-05-14,19.1,15.5,0.3,Tanger
2024-05-15,18.7,12.8,0.0,Tanger
2024-05-16,20.0,12.4,0.0,Tanger
2024-05-17,19.5,14.3,1.7,Tanger
2024-05-18,21.6,13.6,0.0,Tanger
2024-05-19,20.0,14.0,0.1,Tanger
2024-05-20,19.9,14.6,1.3,Tanger
2024-05-21,20.2,12.8,0.5,Tanger
2024-05-22,23.6,11.6,0.0,Tanger
2024-05-23,25.2,13.1,0.0,Tanger
2024-05-24,26.0,16.1,0.0,Tanger
2024-05-25,27.2,15.6,0.0,Tanger
2024-05-26,26.7,14.7,0.0,Tanger
2024-05-27,24.8,16.5,0.0,Tanger
2024-05-28,25.9,14.7,0.0,Tanger
2024-05-29,25.9,18.7,0.0,Tanger
2024-05-30,30.2,17.9,0.0,Tanger
2024-05-31,29.8,15.8,0.0,Tanger
2024-06-01,25.0,18.9,0.0,Tanger
2024-06-02,24.3,18.3,0.0,Tanger
2024-06-03,24.6,18.0,0.0,Tanger
2024-06-04,25.9,17.3,0.0,Tanger
2024-06-05,27.7,16.6,0.0,Tanger
2024-06-06,30.2,19.0,0.0,Tanger
2024-06-07,22.3,17.9,0.4,Tanger
2024-06-08,22.4,16.0,2.2,Tanger
2024-06-09,23.6,16.5,0.2,Tanger
2024-06-10,23.7,17.3,0.9,Tanger
2024-06-11,23.3,16.9,0.0,Tanger
2024-06-12,24.7,16.5,0.0,Tanger
2024-06-13,27.1,15.3,0.0,Tanger
2024-06-14,29.0,19.5,0.0,Tanger
2024-06-15,24.9,17.7,0.0,Tanger
2024-06-16,24.7,16.0,0.0,Tanger
2024-06-17,26.2,14.2,0.0,Tanger
2024-06-18,24.4,17.8,0.7,Tanger
2024-06-19,23.2,17.0,1.7,Tanger
2024-06-20,23.1,16.1,0.2,Tanger
2024-06-21,29.5,13.6,0.0,Tanger
2024-06-22,29.5,19.4,0.0,Tanger
2024-06-23,31.4,20.1,0.0,Tanger
2024-06-24,28.3,20.4,0.0,Tanger
2024-06-25,29.3,20.0,0.0,Tanger
2024-06-26,23.3,18.7,0.2,Tanger
2024-06-27,24.6,17.2,0.1,Tanger
2024-06-28,23.3,17.6,2.3,Tanger
2024-06-29,23.7,17.3,0.2,Tanger
2024-06-30,24.1,16.2,0.1,Tanger
2024-07-01,25.2,17.8,0.0,Tanger
2024-07-02,30.4,16.9,0.0,Tanger
2024-07-03,32.9,18.6,0.0,Tanger
2024-07-04,32.6,19.9,0.0,Tanger
2024-07-05,29.3,18.3,0.0,Tanger
2024-07-06,24.6,19.2,0.1,Tanger
2024-07-07,24.7,17.2,0.0,Tanger
2024-07-08,25.9,15.2,0.0,Tanger
2024-07-09,27.1,15.6,0.0,Tanger
2024-07-10,30.7,16.0,0.0,Tanger
2024-07-11,31.5,18.4,0.0,Tanger
2024-07-12,29.4,19.9,0.0,Tanger
2024-07-13,27.6,18.7,0.0,Tanger
2024-07-14,27.9,16.7,0.0,Tanger
2024-07-15,27.4,17.7,0.0,Tanger
2024-07-16,29.0,18.5,0.0,Tanger
2024-07-17,31.6,16.4,0.0,Tanger
2024-07-18,30.5,22.4,0.0,Tanger
2024-07-19,36.3,22.8,0.0,Tanger
2024-07-20,31.1,20.3,0.0,Tanger
2024-07-21,26.8,19.5,0.0,Tanger
2024-07-22,31.8,17.6,0.0,Tanger
2024-07-23,31.8,22.8,0.0,Tanger
2024-07-24,35.1,22.1,0.0,Tanger
2024-07-25,30.9,19.1,0.0,Tanger
2024-07-26,28.9,19.4,0.0,Tanger
2024-07-27,32.1,18.2,0.0,Tanger
2024-07-28,30.5,22.3,0.0,Tanger
2024-07-29,31.9,23.5,0.0,Tanger
2024-07-30,32.0,21.8,0.0,Tanger
2024-07-31,29.9,20.5,0.0,Tanger
2024-08-01,29.2,20.4,0.0,Tanger
2024-08-02,27.8,20.1,0.0,Tanger
2024-08-03,31.2,19.3,0.0,Tanger
2024-08-04,32.6,19.6,0.0,Tanger
2024-08-05,29.4,21.1,0.0,Tanger
2024-08-06,28.7,19.3,0.0,Tanger
2024-08-07,29.4,19.1,0.0,Tanger
2024-08-08,29.1,20.4,0.0,Tanger
2024-08-09,33.5,19.7,0.0,Tanger
2024-08-10,31.9,24.0,0.0,Tanger
2024-08-11,34.3,22.3,0.0,Tanger
2024-08-12,28.6,19.8,0.0,Tanger
2024-08-13,27.5,20.1,0.0,Tanger
2024-08-14,27.5,19.4,0.0,Tanger
2024-08-15,31.1,18.2,0.0,Tanger
2024-08-16,30.4,22.7,0.0,Tanger
2024-08-17,31.4,23.1,0.0,Tanger
2024-08-18,35.8,22.2,0.0,Tanger
2024-08-19,31.5,21.4,0.0,Tanger
2024-08-20,29.3,20.1,0.0,Tanger
2024-08-21,33.5,19.8,0.0,Tanger
2024-08-22,28.2,21.1,0.0,Tanger
2024-08-23,28.0,19.4,0.0,Tanger
2024-08-24,33.1,21.1,0.0,Tanger
2024-08-25,31.5,20.2,0.0,Tanger
2024-08-26,32.5,23.7,0.0,Tanger
2024-08-27,32.8,23.6,0.3,Tanger
2024-08-28,27.6,23.3,0.2,Tanger
2024-08-29,28.9,20.9,2.4,Tanger
2024-08-30,32.5,23.8,0.2,Tanger
2024-08-31,30.9,23.3,0.7,Tanger
2024-09-01,29.1,21.0,0.0,Tanger
2024-09-02,28.1,19.4,0.0,Tanger
2024-09-03,26.7,18.8,0.0,Tanger
2024-09-04,27.1,17.0,0.0,Tanger
2024-09-05,31.3,16.2,0.0,Tanger
2024-09-06,26.9,17.3,0.0,Tanger
2024-09-07,28.1,17.4,9.2,Tanger
2024-09-08,26.2,18.4,6.8,Tanger
2024-09-09,25.2,17.4,0.0,Tanger
2024-09-10,24.2,17.0,0.0,Tanger
2024-09-11,24.9,17.6,0.0,Tanger
2024-09-12,25.9,17.5,0.0,Tanger
2024-09-13,29.1,16.4,0.0,Tanger
2024-09-14,27.2,22.4,0.0,Tanger
2024-09-15,27.1,21.4,0.0,Tanger
2024-09-16,29.8,20.5,0.0,Tanger
2024-09-17,29.3,18.3,0.0,Tanger
2024-09-18,28.8,19.9,0.0,Tanger
2024-09-19,26.4,19.4,7.7,Tanger
2024-09-20,27.8,17.9,3.4,Tanger
2024-09-21,25.6,17.5,0.7,Tanger
2024-09-22,25.1,16.1,0.0,Tanger
2024-09-23,24.8,16.7,0.2,Tanger
2024-09-24,23.7,16.1,0.0,Tanger
2024-09-25,25.4,17.0,0.0,Tanger
2024-09-26,25.1,18.5,1.2,Tanger
2024-09-27,23.5,17.5,3.1,Tanger
2024-09-28,26.0,14.5,0.0,Tanger
2024-09-29,25.0,20.5,0.0,Tanger
2024-09-30,26.0,19.8,0.0,Tanger
2024-10-01,27.9,19.3,0.0,Tanger
2024-10-02,25.7,16.0,0.0,Tanger
2024-10-03,24.8,19.4,1.2,Tanger
2024-10-04,26.0,19.3,0.4,Tanger
2024-10-05,25.5,18.7,0.0,Tanger
2024-10-06,27.7,17.2,0.0,Tanger
2024-10-07,24.1,17.9,3.8,Tanger
2024-10-08,24.1,17.5,1.0,Tanger
2024-10-09,24.4,17.0,4.0,Tanger
2024-10-10,23.7,16.8,0.3,Tanger
2024-10-11,27.0,16.0,3.5,Tanger
2024-10-12,24.0,19.4,5.3,Tanger
2024-10-13,25.7,18.4,4.6,Tanger
2024-10-14,24.1,17.8,13.5,Tanger
2024-10-15,22.7,17.1,3.2,Tanger
2024-10-16,21.9,18.4,14.2,Tanger
2024-10-17,21.4,15.3,2.9,Tanger
2024-10-18,20.7,14.4,0.0,Tanger
2024-10-19,22.7,15.1,0.0,Tanger
2024-10-20,25.0,13.2,0.0,Tanger
2024-10-21,24.3,17.5,0.0,Tanger
2024-10-22,23.2,18.6,0.0,Tanger
2024-10-23,23.0,18.9,0.0,Tanger
2024-10-24,24.6,18.5,0.0,Tanger
2024-10-25,22.6,17.4,1.2,Tanger
2024-10-26,19.6,12.5,2.7,Tanger
2024-10-27,17.8,13.0,14.6,Tanger
2024-10-28,17.7,11.1,7.4,Tanger
2024-10-29,18.2,13.4,7.5,Tanger
2024-10-30,18.7,13.3,14.0,Tanger
2024-10-31,21.4,14.9,2.4,Tanger
2024-11-01,21.9,14.4,0.5,Tanger
2024-11-02,21.0,15.8,1.4,Tanger
2024-11-03,21.9,17.4,0.0,Tanger
2024-11-04,24.1,15.1,0.0,Tanger
2024-11-05,23.3,14.6,0.0,Tanger
2024-11-06,21.4,14.6,0.0,Tanger
2024-11-07,21.8,17.7,0.0,Tanger
2024-11-08,22.5,15.9,0.0,Tanger
2024-11-09,23.1,15.6,0.0,Tanger
2024-11-10,22.8,12.9,0.0,Tanger
2024-11-11,21.8,12.6,0.0,Tanger
2024-11-12,20.5,14.5,0.0,Tanger
2024-11-13,18.5,11.3,3.7,Tanger
2024-11-14,21.9,12.8,1.7,Tanger
2024-11-15,22.4,14.9,0.0,Tanger
2024-11-16,22.2,17.3,0.0,Tanger
2024-11-17,21.0,15.4,0.0,Tanger
2024-11-18,22.6,13.7,0.4,Tanger
2024-11-19,22.6,14.8,16.7,Tanger
2024-11-20,19.2,14.3,1.1,Tanger
2024-11-21,18.0,13.6,0.0,Tanger
2024-11-22,19.8,12.9,1.1,Tanger
2024-11-23,20.1,10.7,0.0,Tanger
2024-11-24,20.0,15.7,0.0,Tanger
2024-11-25,23.2,14.8,0.0,Tanger
2024-11-26,21.1,13.8,0.0,Tanger
2024-11-27,21.5,12.5,0.0,Tanger
2024-11-28,20.8,15.4,0.0,Tanger
2024-11-29,22.0,14.9,0.0,Tanger
2024-11-30,25.5,13.2,0.0,Tanger
2024-12-01,20.3,14.6,0.0,Tanger
2024-12-02,22.3,15.0,0.0,Tanger
2024-12-03,20.0,12.9,0.9,Tanger
2024-12-04,17.6,13.5,1.5,Tanger
2024-12-05,18.9,9.4,0.0,Tanger
2024-12-06,19.8,9.8,0.0,Tanger
2024-12-07,18.0,12.5,0.0,Tanger
2024-12-08,16.4,11.9,0.0,Tanger
2024-12-09,14.6,8.8,0.0,Tanger
2024-12-10,14.4,6.0,0.0,Tanger
2024-12-11,13.1,4.4,2.2,Tanger
2024-12-12,15.2,7.3,13.6,Tanger
2024-12-13,16.7,9.4,1.0,Tanger
2024-12-14,17.9,10.3,0.0,Tanger
2024-12-15,17.5,13.4,0.0,Tanger
2024-12-16,16.7,13.9,0.0,Tanger
2024-12-17,17.8,12.3,0.0,Tanger
2024-12-18,20.0,10.2,0.0,Tanger
2024-12-19,19.0,11.8,0.8,Tanger
2024-12-20,16.0,11.2,0.5,Tanger
2024-12-21,16.6,9.4,0.0,Tanger
2024-12-22,17.4,11.3,0.0,Tanger
2024-12-23,16.8,9.3,0.0,Tanger
2024-12-24,17.7,13.1,0.0,Tanger
2024-12-25,18.0,12.6,0.0,Tanger
2024-12-26,17.7,14.4,0.0,Tanger
2024-12-27,16.8,13.8,0.0,Tanger
2024-12-28,17.1,12.8,0.0,Tanger
2024-12-29,17.3,12.3,0.0,Tanger
2024-12-30,16.8,12.3,0.0,Tanger
2024-12-31,16.8,10.6,0.0,Tanger
2025-01-01,16.4,11.0,0.0,Tanger
2025-01-02,17.5,11.2,0.0,Tanger
2025-01-03,17.4,7.7,0.0,Tanger
2025-01-04,18.4,9.7,0.0,Tanger
2025-01-05,19.2,11.0,6.2,Tanger
2025-01-06,16.4,10.4,30.8,Tanger
2025-01-07,16.6,8.5,0.0,Tanger
2025-01-08,17.9,6.5,0.0,Tanger
2025-01-09,18.0,13.8,1.8,Tanger
2025-01-10,17.3,12.4,0.0,Tanger
2025-01-11,18.7,12.0,0.2,Tanger
2025-01-12,17.5,10.8,0.1,Tanger
2025-01-13,17.5,11.4,0.0,Tanger
2025-01-14,14.5,11.3,0.0,Tanger
2025-01-15,15.3,9.7,0.0,Tanger
2025-01-16,15.8,4.6,0.0,Tanger
2025-01-17,15.1,9.0,0.0,Tanger
2025-01-18,16.0,9.9,0.0,Tanger
2025-01-19,16.8,6.9,0.0,Tanger
2025-01-20,14.8,9.8,6.7,Tanger
2025-01-21,21.7,12.5,0.0,Tanger
2025-01-22,21.0,14.7,0.0,Tanger
2025-01-23,19.0,12.3,0.6,Tanger
2025-01-24,18.4,8.4,0.0,Tanger
2025-01-25,17.3,9.3,1.6,Tanger
2025-01-26,19.6,12.2,0.0,Tanger
2025-01-27,17.8,15.2,14.4,Tanger
2025-01-28,16.1,12.1,1.8,Tanger
2025-01-29,15.8,10.5,8.8,Tanger
2025-01-30,14.3,10.5,10.3,Tanger
2025-01-31,15.2,6.5,0.0,Tanger
2025-02-01,15.1,3.9,0.0,Tanger
2025-02-02,15.8,10.7,2.1,Tanger
2025-02-03,13.5,9.5,13.0,Tanger
2025-02-04,15.2,9.2,0.5,Tanger
2025-02-05,16.7,11.5,0.0,Tanger
2025-02-06,16.6,11.6,0.0,Tanger
2025-02-07,16.8,9.0,0.0,Tanger
2025-02-08,16.7,11.5,11.9,Tanger
2025-02-09,17.5,9.2,0.0,Tanger
2025-02-10,19.3,11.8,0.0,Tanger
2025-02-11,21.5,11.7,11.1,Tanger
2025-02-12,16.0,11.6,3.7,Tanger
2025-02-13,17.8,8.8,0.0,Tanger
2025-02-14,19.5,8.5,0.0,Tanger
2025-02-15,20.3,7.5,0.0,Tanger
2025-02-16,18.1,11.4,0.0,Tanger
2025-02-17,17.9,9.2,0.0,Tanger
2025-02-18,20.6,9.9,2.4,Tanger
2025-02-19,19.8,10.2,0.1,Tanger
2025-02-20,20.8,9.4,0.0,Tanger
2025-02-21,20.9,13.7,0.0,Tanger
2025-02-22,16.5,12.9,22.3,Tanger
2025-02-23,17.3,8.9,0.7,Tanger
2025-02-24,18.8,11.9,0.0,Tanger
2025-02-25,17.8,8.6,0.1,Tanger
2025-02-26,18.5,10.9,0.6,Tanger
2025-02-27,17.6,9.1,0.3,Tanger
2025-02-28,16.8,10.6,7.6,Tanger
2025-03-01,16.1,8.6,0.6,Tanger
2025-03-02,18.0,10.6,0.1,Tanger
2025-03-03,18.7,10.9,2.5,Tanger
2025-03-04,18.3,14.0,3.2,Tanger
2025-03-05,17.5,12.4,9.6,Tanger
2025-03-06,16.0,11.0,8.0,Tanger
2025-03-07,18.3,11.0,2.3,Tanger
2025-03-08,15.1,10.3,30.0,Tanger
2025-03-09,15.4,8.7,34.6,Tanger
2025-03-10,16.4,10.4,14.5,Tanger
2025-03-11,17.7,12.7,10.0,Tanger
2025-03-12,17.8,13.8,7.8,Tanger
2025-03-13,16.7,12.0,38.8,Tanger
2025-03-14,15.2,10.3,14.5,Tanger
2025-03-15,16.1,11.9,0.5,Tanger
2025-03-16,17.9,10.6,1.6,Tanger
2025-03-17,17.6,13.3,26.3,Tanger
2025-03-18,17.2,12.9,11.8,Tanger
2025-03-19,20.0,12.0,0.0,Tanger
2025-03-20,21.3,13.5,14.0,Tanger
2025-03-21,18.1,13.6,2.2,Tanger
2025-03-22,15.8,12.8,6.0,Tanger
2025-03-23,14.8,10.3,3.8,Tanger
2025-03-24,15.0,8.5,0.9,Tanger
2025-03-25,16.8,8.8,0.8,Tanger
2025-03-26,18.8,9.4,0.1,Tanger
2025-03-27,18.8,8.8,0.1,Tanger
2025-03-28,19.2,9.4,0.0,Tanger
2025-03-29,23.3,10.2,0.0,Tanger
2025-03-30,20.2,11.1,0.0,Tanger
2025-03-31,20.0,13.5,0.0,Tanger
2025-04-01,19.9,13.6,0.3,Tanger
2025-04-02,19.9,13.8,1.2,Tanger
2025-04-03,21.4,13.2,3.1,Tanger
2025-04-04,19.4,14.3,3.3,Tanger
2025-04-05,19.2,12.5,0.9,Tanger
2025-04-06,19.5,11.3,0.3,Tanger
2025-04-07,21.2,11.3,0.0,Tanger
2025-04-08,21.7,15.8,0.0,Tanger
2025-04-09,21.5,16.3,0.0,Tanger
2025-04-10,20.5,16.3,0.4,Tanger
2025-04-11,21.3,15.7,6.9,Tanger
2025-04-12,22.8,15.0,11.5,Tanger
2025-04-13,19.7,14.2,0.7,Tanger
2025-04-14,18.1,14.9,3.1,Tanger
2025-04-15,16.2,12.0,18.6,Tanger
2025-04-16,17.2,12.5,0.3,Tanger
2025-04-17,19.1,13.5,4.4,Tanger
2025-04-18,19.3,12.0,0.1,Tanger
2025-04-19,17.0,14.0,1.4,Tanger
2025-04-20,16.6,12.7,1.6,Tanger
2025-04-21,18.8,11.6,1.1,Tanger
2025-04-22,19.6,11.7,0.0,Tanger
2025-04-23,21.8,10.2,0.0,Tanger
2025-04-24,23.5,16.0,0.0,Tanger
2025-04-25,24.7,15.0,0.0,Tanger
2025-04-26,20.3,13.7,0.1,Tanger
2025-04-27,23.0,10.4,0.0,Tanger
2025-04-28,20.5,16.1,0.0,Tanger
2025-04-29,19.9,16.5,0.0,Tanger
2025-04-30,19.4,14.2,6.1,Tanger
2025-05-01,22.5,13.3,7.0,Tanger
2025-05-02,21.0,15.4,6.9,Tanger
2025-05-03,20.3,15.3,0.8,Tanger
2025-05-04,19.7,14.3,2.1,Tanger
2025-05-05,19.6,14.0,1.6,Tanger
2025-05-06,20.1,14.3,1.7,Tanger
2025-05-07,20.3,12.6,0.0,Tanger
2025-05-08,19.7,13.0,1.2,Tanger
2025-05-09,21.5,14.3,2.5,Tanger
2025-05-10,20.6,13.0,0.6,Tanger
2025-05-11,19.5,14.1,0.0,Tanger
2025-05-12,21.3,12.8,0.0,Tanger
2025-05-13,20.7,13.5,0.0,Tanger
2025-05-14,20.5,13.2,1.0,Tanger
2025-05-15,19.3,15.0,0.2,Tanger
2025-05-16,23.3,12.7,0.0,Tanger
2025-05-17,25.7,16.6,0.0,Tanger
2025-05-18,24.3,15.9,0.0,Tanger
2025-05-19,21.9,15.6,0.0,Tanger
2025-05-20,25.3,14.3,0.0,Tanger
2025-05-21,27.0,15.5,0.0,Tanger
2025-05-22,27.9,13.8,0.0,Tanger
2025-05-23,23.7,17.1,1.8,Tanger
2025-05-24,24.6,17.7,0.0,Tanger
2025-05-25,27.2,16.8,0.0,Tanger
2025-05-26,31.2,15.5,0.0,Tanger
2025-05-27,29.8,19.5,0.0,Tanger
2025-05-28,28.1,19.5,0.0,Tanger
2025-05-29,30.0,20.5,0.0,Tanger
2025-05-30,32.0,21.6,0.0,Tanger
2025-05-31,32.8,20.9,0.0,Tanger
2025-06-01,27.6,18.5,0.0,Tanger
2025-06-02,25.0,18.8,0.0,Tanger
2025-06-03,21.8,17.4,0.3,Tanger
2025-06-04,22.4,15.4,0.0,Tanger
2025-06-05,26.9,16.3,0.0,Tanger
2025-06-06,28.6,16.5,0.0,Tanger
2025-06-07,34.3,17.7,0.0,Tanger
2025-06-08,35.6,22.6,0.0,Tanger
2025-06-09,29.8,21.4,0.0,Tanger
2025-06-10,27.2,19.9,2.1,Tanger
2025-06-11,24.6,18.4,2.7,Tanger
2025-06-12,23.9,16.8,0.0,Tanger
2025-06-13,26.4,17.5,0.0,Tanger
2025-06-14,28.4,18.6,0.0,Tanger
2025-06-15,30.8,18.5,0.0,Tanger
2025-06-16,30.8,21.9,0.0,Tanger
2025-06-17,33.2,22.0,0.0,Tanger
2025-06-18,36.3,21.0,0.0,Tanger
2025-06-19,35.1,22.9,0.0,Tanger
2025-06-20,33.5,23.2,0.0,Tanger
2025-06-21,33.7,21.6,0.0,Tanger
2025-06-22,31.4,21.7,0.0,Tanger
2025-06-23,29.3,21.0,0.0,Tanger
2025-06-24,25.1,19.4,0.1,Tanger
2025-06-25,25.6,18.1,0.0,Tanger
2025-06-26,33.2,16.7,0.0,Tanger
2025-06-27,31.7,23.8,0.0,Tanger
2025-06-28,32.1,23.4,0.0,Tanger
2025-06-29,34.1,24.2,0.0,Tanger
2025-06-30,35.7,24.9,0.0,Tanger
2025-07-01,34.5,24.8,0.0,Tanger
2025-07-02,35.1,24.1,0.0,Tanger
2025-07-03,34.4,21.7,0.0,Tanger
2025-07-04,33.1,23.1,0.0,Tanger
2025-07-05,28.5,21.4,0.0,Tanger
2025-07-06,29.6,20.2,0.0,Tanger
2025-07-07,29.0,20.4,0.0,Tanger
2025-07-08,28.6,21.2,0.0,Tanger
2025-07-09,33.6,20.7,0.0,Tanger
2025-07-10,26.8,20.6,0.0,Tanger
2025-07-11,24.8,20.4,0.2,Tanger
2025-07-12,24.0,19.9,4.6,Tanger
2025-07-13,28.3,18.7,0.0,Tanger
2025-07-14,30.4,19.5,0.0,Tanger
2025-07-15,35.2,20.2,0.0,Tanger
2025-07-16,35.1,23.0,0.0,Tanger
2025-07-17,31.7,22.4,0.0,Tanger
2025-07-18,28.2,21.3,0.0,Tanger
2025-07-19,27.7,19.9,0.1,Tanger
2025-07-20,27.0,19.6,0.0,Tanger
2025-07-21,27.1,20.0,0.0,Tanger
2025-07-22,29.2,18.8,0.0,Tanger
2025-07-23,27.9,18.3,0.0,Tanger
2025-07-24,29.5,20.1,0.0,Tanger
2025-07-25,29.1,21.4,0.0,Tanger
2025-07-26,29.6,23.3,0.0,Tanger
2025-07-27,35.3,22.0,0.0,Tanger
2025-07-28,30.8,20.9,0.0,Tanger
2025-07-29,32.8,20.2,0.0,Tanger
2025-07-30,29.7,23.5,0.0,Tanger
2025-07-31,29.9,23.4,0.0,Tanger
2025-08-01,31.1,22.8,0.0,Tanger
2025-08-02,31.3,22.8,0.0,Tanger
2025-08-03,32.0,23.2,0.0,Tanger
2025-08-04,30.7,23.6,0.0,Tanger
2025-08-05,35.4,22.3,0.0,Tanger
2025-08-06,34.7,21.5,0.0,Tanger
2025-08-07,29.1,21.5,0.0,Tanger
2025-08-08,28.6,20.2,0.0,Tanger
2025-08-09,33.0,22.2,0.0,Tanger
2025-08-10,32.8,23.9,0.0,Tanger
2025-08-11,35.1,24.1,0.0,Tanger
2025-08-12,35.4,25.6,0.0,Tanger
2025-08-13,35.4,25.4,0.0,Tanger
2025-08-14,33.7,24.5,0.0,Tanger
2025-08-15,34.2,24.1,0.0,Tanger
2025-08-16,35.7,24.9,0.0,Tanger
2025-08-17,41.4,24.5,0.0,Tanger
2025-08-18,37.7,24.9,0.0,Tanger
2025-08-19,27.7,21.1,0.0,Tanger
2025-08-20,25.8,20.4,0.2,Tanger
2025-08-21,27.5,20.0,0.0,Tanger
2025-08-22,30.0,17.6,0.0,Tanger
2025-08-23,29.5,19.8,0.0,Tanger
2025-08-24,27.0,20.8,3.7,Tanger
2025-08-25,27.5,19.4,3.3,Tanger
2025-08-26,27.4,20.0,0.0,Tanger
2025-08-27,27.0,20.1,0.0,Tanger
2025-08-28,25.0,19.5,0.4,Tanger
2025-08-29,24.9,18.7,0.0,Tanger
2025-08-30,30.0,18.5,0.0,Tanger
2025-08-31,28.0,19.5,0.0,Tanger
2025-09-01,24.8,19.7,0.0,Tanger
2025-09-02,28.0,17.0,0.0,Tanger
2025-09-03,30.4,17.5,0.0,Tanger
2025-09-04,29.3,16.8,0.0,Tanger
2025-09-05,30.6,18.2,0.0,Tanger
2025-09-06,30.7,23.6,0.0,Tanger
2025-09-07,30.9,21.1,0.0,Tanger
2025-09-08,27.8,20.6,0.0,Tanger
2025-09-09,22.4,18.1,0.0,Tanger
2025-09-10,23.8,17.2,0.1,Tanger
2025-09-11,28.0,18.0,0.0,Tanger
2025-09-12,30.8,19.9,0.0,Tanger
2025-09-13,32.6,20.9,0.0,Tanger
2025-09-14,30.2,18.7,0.0,Tanger
2025-09-15,29.9,20.8,0.0,Tanger
2025-09-16,29.8,22.3,0.0,Tanger
2025-09-17,29.9,22.9,0.0,Tanger
2025-09-18,30.3,22.2,0.0,Tanger
2025-09-19,29.5,22.9,0.0,Tanger
2025-09-20,29.8,22.3,0.0,Tanger
2025-09-21,26.1,20.1,0.0,Tanger
2025-09-22,26.2,16.6,0.0,Tanger
2025-09-23,25.5,15.7,0.0,Tanger
2025-09-24,26.7,17.4,0.0,Tanger
2025-09-25,28.2,20.2,2.3,Tanger
2025-09-26,28.5,19.0,0.0,Tanger
2025-09-27,25.9,17.2,0.0,Tanger
2025-09-28,22.9,18.3,5.0,Tanger
2025-09-29,22.4,18.1,7.1,Tanger
2025-09-30,26.0,15.7,0.3,Tanger
2025-10-01,26.2,19.5,0.0,Tanger
2025-10-02,26.7,20.7,0.0,Tanger
2025-10-03,28.6,18.1,0.0,Tanger
2025-10-04,25.8,16.0,0.0,Tanger
2025-10-05,25.6,16.8,0.0,Tanger
2025-10-06,27.4,19.5,0.0,Tanger
2025-10-07,27.4,20.3,0.0,Tanger
2025-10-08,25.3,18.4,0.0,Tanger
2025-10-09,24.0,17.5,0.0,Tanger
2025-10-10,24.2,14.8,0.3,Tanger
2025-10-11,24.9,19.0,0.0,Tanger
2025-10-12,25.9,20.3,0.0,Tanger
2025-10-13,27.6,18.7,0.0,Tanger
2025-10-14,27.1,18.0,0.0,Tanger
2025-10-15,26.3,19.8,0.0,Tanger
2025-10-16,25.5,20.1,0.0,Tanger
2025-10-17,25.5,19.9,0.0,Tanger
2025-10-18,25.1,19.1,0.0,Tanger
2025-10-19,26.2,18.3,0.0,Tanger
2025-10-20,25.0,16.9,0.0,Tanger
2025-10-21,25.5,18.7,0.4,Tanger
2025-10-22,25.6,18.8,0.7,Tanger
2025-10-23,27.5,19.4,0.0,Tanger
2025-10-24,28.3,17.6,0.0,Tanger
2025-10-25,25.7,16.2,0.2,Tanger
2025-10-26,23.5,18.2,2.2,Tanger
2025-10-27,25.2,17.0,1.9,Tanger
2025-10-28,24.3,18.9,2.5,Tanger
2025-10-29,21.2,17.6,11.4,Tanger
2025-10-30,21.7,16.3,2.4,Tanger
2025-10-31,23.9,14.6,0.0,Tanger
2025-11-01,22.6,14.3,0.0,Tanger
2025-11-02,22.5,15.0,0.6,Tanger
2025-11-03,23.4,12.7,0.0,Tanger
2025-11-04,23.1,18.0,0.0,Tanger
2025-11-05,26.3,17.1,0.9,Tanger
2025-11-06,19.6,14.7,0.1,Tanger
2025-11-07,20.4,11.1,0.0,Tanger
2025-11-08,19.5,14.8,1.7,Tanger
2025-11-09,21.0,8.0,0.0,Tanger
2025-11-10,20.8,9.5,0.0,Tanger
2025-11-11,23.1,8.9,0.0,Tanger
2025-11-12,26.4,14.4,0.0,Tanger
2025-11-13,19.8,15.1,23.3,Tanger
2025-11-14,20.5,14.5,50.2,Tanger
2025-11-15,20.9,15.5,29.1,Tanger
2025-11-16,19.8,15.1,19.5,Tanger
2025-11-17,17.7,12.7,36.5,Tanger
2025-11-18,18.2,11.9,0.0,Tanger
2025-11-19,17.9,10.8,0.3,Tanger
2025-11-20,16.9,11.6,1.4,Tanger
2025-11-21,15.9,9.3,0.0,Tanger
2025-11-22,17.5,10.9,0.0,Tanger
2025-11-23,18.0,9.2,0.0,Tanger
2025-11-24,17.8,10.3,0.2,Tanger
2025-11-25,17.3,13.3,7.9,Tanger
2025-11-26,17.8,8.2,0.0,Tanger
2025-11-27,18.2,11.2,0.0,Tanger
2025-11-28,18.2,11.9,0.0,Tanger
2025-11-29,17.3,6.6,0.0,Tanger
2025-11-30,14.4,10.2,12.1,Tanger
2025-12-01,16.5,9.3,0.4,Tanger
2025-12-02,15.9,9.3,5.9,Tanger
2025-12-03,14.6,11.2,6.7,Tanger
2025-12-04,16.7,8.6,0.5,Tanger
2025-12-05,18.3,12.2,1.6,Tanger
2025-12-06,18.3,13.0,0.4,Tanger
2025-12-07,18.2,9.2,0.0,Tanger
2025-12-08,19.3,9.5,0.0,Tanger
2025-12-09,20.7,8.1,0.0,Tanger
2025-12-10,15.1,11.7,9.1,Tanger
2025-12-11,17.7,11.4,0.1,Tanger
2025-12-12,17.5,8.7,1.0,Tanger
2025-12-13,16.4,13.0,2.2,Tanger
2025-12-14,17.5,13.4,1.9,Tanger
2025-12-15,16.7,10.2,2.8,Tanger
2025-12-16,13.1,9.8,29.5,Tanger
2025-12-17,15.8,6.6,0.9,Tanger
2025-12-18,17.0,8.1,0.4,Tanger
2025-12-19,16.4,9.4,6.0,Tanger
2025-12-20,14.5,10.5,3.1,Tanger
2025-12-21,13.2,9.6,30.1,Tanger
2025-12-22,13.3,7.4,4.5,Tanger
2025-12-23,13.7,9.2,32.8,Tanger
2025-12-24,14.4,10.1,5.1,Tanger
2025-12-25,13.3,8.2,0.9,Tanger
2025-12-26,14.3,9.6,2.0,Tanger
2025-12-27,14.5,9.1,6.6,Tanger
2025-12-28,14.6,9.6,4.7,Tanger
2025-12-29,15.4,9.1,0.2,Tanger
2025-12-30,15.6,8.1,1.5,Tanger
2025-12-31,15.0,11.9,10.8,Tanger
2026-01-01,16.9,12.4,0.5,Tanger
2026-01-02,17.0,13.5,0.0,Tanger
2026-01-03,16.2,12.8,11.2,Tanger
2026-01-04,16.4,12.9,24.2,Tanger
2026-01-05,15.4,11.3,1.5,Tanger
2026-01-06,10.5,6.8,0.0,Tanger
2026-01-07,13.6,4.6,0.0,Tanger
2026-01-08,14.5,10.8,0.3,Tanger
2026-01-09,14.8,10.7,3.0,Tanger
2026-01-10,13.9,10.3,2.1,Tanger
2026-01-11,14.4,7.6,0.0,Tanger
2026-01-12,17.2,5.8,0.0,Tanger
2026-01-13,18.1,10.1,0.8,Tanger
2026-01-14,15.2,10.0,5.4,Tanger
2026-01-15,15.5,9.7,2.0,Tanger
2026-01-16,15.2,10.3,21.4,Tanger
2026-01-17,12.0,8.0,15.1,Tanger
2026-01-18,11.4,7.5,1.3,Tanger
2026-01-19,12.6,5.1,0.0,Tanger
2026-01-20,13.8,7.2,0.1,Tanger
2026-01-21,14.6,8.9,14.2,Tanger
2026-01-22,16.3,13.4,3.6,Tanger
2026-01-23,15.7,11.2,36.5,Tanger
2026-01-24,12.5,8.3,14.1,Tanger
2026-01-25,15.1,11.7,17.4,Tanger
2026-01-26,16.3,14.4,9.5,Tanger
2026-01-27,15.5,13.2,27.3,Tanger
2026-01-28,16.4,12.9,37.6,Tanger
2026-01-29,17.1,16.1,10.0,Tanger
2026-01-30,17.7,14.8,13.9,Tanger
2026-01-31,16.5,13.5,1.5,Tanger
2026-02-01,17.5,13.1,0.3,Tanger
2026-02-02,15.2,9.1,21.8,Tanger
2026-02-03,13.3,8.9,32.6,Tanger
2026-02-04,16.6,13.7,62.6,Tanger
2026-02-05,16.7,14.9,26.4,Tanger
2026-02-06,16.1,10.6,21.8,Tanger
2026-02-07,15.1,10.3,16.9,Tanger
2026-02-08,14.7,11.3,10.3,Tanger
2026-02-09,18.3,13.6,45.0,Tanger
2026-02-10,17.6,15.8,3.2,Tanger
2026-02-11,18.4,14.9,1.5,Tanger
2026-02-12,16.7,14.8,15.4,Tanger
2026-02-13,16.5,10.8,18.4,Tanger
2026-02-14,13.7,10.9,6.0,Tanger
2026-02-15,14.7,10.9,0.0,Tanger
2026-02-16,15.5,11.1,0.0,Tanger
2026-02-17,18.1,9.7,0.0,Tanger
2026-02-18,15.3,11.2,0.6,Tanger
2026-02-19,14.9,11.0,2.0,Tanger
2026-02-20,18.1,6.1,0.0,Tanger
2026-02-21,18.3,11.8,0.0,Tanger
2026-02-22,19.0,12.5,0.0,Tanger
2026-02-23,22.0,10.6,0.0,Tanger
2026-02-24,22.3,10.2,0.0,Tanger
2026-02-25,19.4,10.8,0.0,Tanger
2026-02-26,17.7,13.4,0.0,Tanger
2026-02-27,18.3,11.3,0.0,Tanger
2026-02-28,18.0,7.7,0.0,Tanger
2026-03-01,17.5,12.6,0.0,Tanger
2026-03-02,18.0,13.7,0.0,Tanger
2026-03-03,17.3,10.6,6.9,Tanger
2026-03-04,13.8,8.6,23.8,Tanger
2026-03-05,15.2,8.1,4.1,Tanger
2026-03-06,13.3,10.1,6.2,Tanger
2026-03-07,15.7,9.4,1.0,Tanger
2026-03-08,17.1,9.0,0.2,Tanger
2026-03-09,17.2,6.7,0.4,Tanger
2026-03-10,12.8,8.2,5.0,Tanger
2026-03-11,16.4,5.8,0.0,Tanger
2026-03-12,17.3,11.3,0.0,Tanger
2026-03-13,19.2,11.9,0.0,Tanger
2026-03-14,15.8,11.4,4.1,Tanger
2026-03-15,17.2,11.8,2.3,Tanger
2026-03-16,19.1,7.7,0.0,Tanger
2026-03-17,18.3,13.1,0.0,Tanger
2026-03-18,20.7,11.5,3.4,Tanger
2026-03-19,17.9,14.0,0.4,Tanger
2026-03-20,16.4,13.5,12.6,Tanger
2026-03-21,18.3,13.6,0.6,Tanger
2026-03-22,19.0,13.0,0.0,Tanger
2026-03-23,20.8,12.5,0.0,Tanger
2026-03-24,17.6,13.5,0.0,Tanger
2026-03-25,18.1,13.2,0.0,Tanger
2026-03-26,20.7,13.1,0.0,Tanger
2026-03-27,17.8,13.4,0.0,Tanger
2026-03-28,18.3,12.4,0.0,Tanger
2026-03-29,20.5,9.6,0.0,Tanger
2026-03-30,17.2,10.4,0.0,Tanger
2026-03-31,21.3,7.0,0.0,Tanger
2026-04-01,20.7,11.2,0.0,Tanger
2026-04-02,22.3,9.8,0.0,Tanger
2026-04-03,22.5,10.5,0.0,Tanger
2026-04-04,20.8,13.9,0.0,Tanger
2026-04-05,21.8,14.1,0.0,Tanger
2026-04-06,21.7,14.7,0.0,Tanger
2026-04-07,21.7,14.1,16.7,Tanger
2026-04-08,16.3,11.8,31.1,Tanger
2026-04-09,20.6,11.1,7.7,Tanger
2026-04-10,18.4,10.5,0.1,Tanger
2026-04-11,17.7,13.5,4.7,Tanger
2026-04-12,15.6,12.7,0.1,Tanger
2026-04-13,16.0,11.6,0.0,Tanger
2026-04-14,18.8,11.5,0.0,Tanger
2026-04-15,22.1,10.1,0.0,Tanger
2026-04-16,24.5,13.8,0.0,Tanger
2026-04-17,24.0,15.9,0.0,Tanger
2026-04-18,24.2,15.1,0.0,Tanger
2026-04-19,24.0,15.0,0.0,Tanger
2026-04-20,24.9,14.9,0.0,Tanger
2026-04-21,25.6,15.7,0.0,Tanger
2026-04-22,22.5,14.6,0.0,Tanger
2026-04-23,21.8,13.7,0.0,Tanger
2026-04-24,18.5,15.3,4.9,Tanger
2026-04-25,21.3,15.3,0.2,Tanger
2026-04-26,20.8,15.7,0.0,Tanger
2026-04-27,20.1,16.6,0.0,Tanger
2026-04-28,22.8,16.0,10.6,Tanger
2026-04-29,19.7,14.5,0.5,Tanger
2026-04-30,20.5,11.9,0.0,Tanger
2026-05-01,21.3,12.3,0.0,Tanger
2026-05-02,24.4,16.0,0.0,Tanger
2026-05-03,22.3,15.8,0.4,Tanger
2026-05-04,20.1,14.7,0.4,Tanger
2026-05-05,20.5,12.6,0.0,Tanger
2026-05-06,21.6,13.2,0.0,Tanger
2026-05-07,20.8,12.8,0.0,Tanger
2026-05-08,23.5,12.4,0.1,Tanger
2026-05-09,21.1,15.2,2.9,Tanger
2026-05-10,20.4,15.1,3.2,Tanger
2026-05-11,21.0,13.9,2.2,Tanger
2026-05-12,21.2,13.9,0.9,Tanger
2026-05-13,21.3,13.1,0.0,Tanger
2026-05-14,21.8,14.0,0.0,Tanger
2026-05-15,20.7,14.7,0.0,Tanger
2026-05-16,23.2,14.4,1.7,Tanger
2026-05-17,22.1,13.6,0.0,Tanger
2026-05-18,22.3,13.8,0.0,Tanger
2026-05-19,24.9,10.7,0.0,Tanger
2026-05-20,27.5,16.2,0.0,Tanger
2026-05-21,27.1,18.7,0.0,Tanger
2026-05-22,26.8,18.7,0.0,Tanger
2026-05-23,27.4,19.0,0.0,Tanger
2026-05-24,26.8,18.7,0.0,Tanger
2026-05-25,26.8,19.0,0.0,Tanger
2026-05-26,26.2,18.4,0.0,Tanger
2026-05-27,26.6,18.5,0.0,Tanger
2026-05-28,30.5,18.6,0.0,Tanger
2026-05-29,31.3,16.0,0.0,Tanger
2026-05-30,33.0,15.2,0.0,Tanger
2026-05-31,35.0,15.7,0.0,Tanger
2026-06-01,32.8,19.6,0.0,Tanger
2026-06-02,25.4,18.4,0.0,Tanger
2026-06-03,26.6,17.9,0.0,Tanger
2026-06-04,25.4,17.6,0.0,Tanger
2026-06-05,24.5,17.4,0.0,Tanger
2026-06-06,27.8,15.3,0.0,Tanger
2026-06-07,27.6,20.7,0.0,Tanger
2026-06-08,29.4,20.4,0.0,Tanger
2026-06-09,27.6,18.3,0.0,Tanger
2026-06-10,28.8,15.9,0.0,Tanger
2026-06-11,26.5,21.2,0.0,Tanger
2026-06-12,26.0,20.3,0.0,Tanger
2026-06-13,26.8,19.6,0.0,Tanger
2026-06-14,25.8,19.3,0.8,Tanger
2026-06-15,25.0,18.0,0.0,Tanger
2026-06-16,30.9,17.4,0.0,Tanger
2026-06-17,31.0,20.8,0.0,Tanger
2026-06-18,32.2,20.5,0.0,Tanger
2026-06-19,31.1,21.3,0.0,Tanger
2026-06-20,33.3,20.7,0.0,Tanger
2026-06-21,33.8,20.8,0.0,Tanger
2026-06-22,33.3,20.7,0.0,Tanger
2026-06-23,29.7,21.7,0.0,Tanger
2026-06-24,28.2,19.7,0.0,Tanger
2026-06-25,26.3,20.1,0.0,Tanger
2026-06-26,26.8,18.7,0.1,Tanger
2026-06-27,27.8,18.7,0.0,Tanger
2026-06-28,29.0,19.3,0.0,Tanger
2026-06-29,30.5,19.1,0.0,Tanger
2026-06-30,33.0,22.8,0.0,Tanger
2026-07-01,34.4,23.3,0.0,Tanger
2026-07-02,32.1,23.6,0.0,Tanger
2026-07-03,31.0,24.1,0.0,Tanger
2026-07-04,31.1,23.2,0.0,Tanger
2026-07-05,32.5,23.2,0.0,Tanger
2026-07-06,33.3,23.0,0.0,Tanger
2026-07-07,35.5,22.4,0.0,Tanger
2026-07-08,34.2,20.2,0.0,Tanger
2026-07-09,28.5,20.3,0.0,Tanger
2026-07-10,26.2,19.5,0.0,Tanger
2026-07-11,26.8,19.4,0.0,Tanger
2026-07-12,27.6,19.3,0.0,Tanger
2026-07-13,27.7,19.6,0.0,Tanger
2026-07-14,27.7,19.7,0.0,Tanger
2026-07-15,29.6,20.2,0.0,Tanger
2026-07-16,30.1,20.4,0.0,Tanger
2026-07-17,31.1,20.5,0.0,Tanger
2026-07-18,29.8,21.0,0.0,Tanger
2026-07-19,29.4,19.9,0.0,Tanger
2026-07-20,29.1,20.8,0.0,Tanger
2026-07-21,29.6,20.2,0.0,Tanger
2026-07-22,32.0,20.2,0.0,Tanger
2026-07-23,31.3,22.0,0.0,Tanger
2026-07-24,28.0,20.7,0.0,Tanger
2026-07-25,26.8,20.3,0.0,Tanger
2026-07-26,32.9,18.7,0.0,Tanger
2026-07-27,30.9,23.2,0.0,Tanger
2026-07-28,32.5,23.8,0.0,Tanger
2026-07-29,33.3,22.8,0.0,Tanger
2026-07-30,33.8,23.3,0.0,Tanger
2026-07-31,36.0,22.0,0.0,Tanger
2026-08-01,38.1,24.2,0.0,Tanger
2022-01-01,20.6,5.2,0.0,Merzouga
2022-01-02,20.9,4.9,0.0,Merzouga
2022-01-03,21.1,4.6,0.0,Merzouga
2022-01-04,19.4,2.3,0.0,Merzouga
2022-01-05,18.9,3.4,0.0,Merzouga
2022-01-06,20.0,3.6,0.0,Merzouga
2022-01-07,15.2,4.5,0.0,Merzouga
2022-01-08,15.7,2.3,0.0,Merzouga
2022-01-09,19.2,-1.3,0.0,Merzouga
2022-01-10,21.6,1.4,0.0,Merzouga
2022-01-11,18.9,7.0,0.0,Merzouga
2022-01-12,16.1,5.2,0.0,Merzouga
2022-01-13,14.2,3.7,0.0,Merzouga
2022-01-14,13.2,2.6,0.0,Merzouga
2022-01-15,13.1,0.6,0.0,Merzouga
2022-01-16,15.5,2.5,0.0,Merzouga
2022-01-17,15.4,2.2,0.0,Merzouga
2022-01-18,11.6,1.5,0.0,Merzouga
2022-01-19,13.6,2.1,0.0,Merzouga
2022-01-20,14.3,1.4,0.0,Merzouga
2022-01-21,17.7,1.7,0.0,Merzouga
2022-01-22,19.4,2.4,0.0,Merzouga
2022-01-23,20.8,7.7,0.0,Merzouga
2022-01-24,20.7,6.8,0.0,Merzouga
2022-01-25,16.8,7.9,1.1,Merzouga
2022-01-26,10.5,3.9,17.6,Merzouga
2022-01-27,9.3,4.0,2.2,Merzouga
2022-01-28,12.9,5.3,2.3,Merzouga
2022-01-29,14.4,2.5,0.0,Merzouga
2022-01-30,15.8,4.2,0.0,Merzouga
2022-01-31,16.6,5.9,0.4,Merzouga
2022-02-01,20.7,5.6,0.0,Merzouga
2022-02-02,17.8,5.3,0.0,Merzouga
2022-02-03,19.1,5.0,0.0,Merzouga
2022-02-04,18.6,3.6,0.0,Merzouga
2022-02-05,19.5,7.2,0.0,Merzouga
2022-02-06,20.5,8.1,0.0,Merzouga
2022-02-07,20.8,8.5,0.0,Merzouga
2022-02-08,20.8,5.6,0.0,Merzouga
2022-02-09,18.5,7.7,0.0,Merzouga
2022-02-10,17.0,5.5,0.0,Merzouga
2022-02-11,17.8,3.5,0.0,Merzouga
2022-02-12,16.9,9.0,0.0,Merzouga
2022-02-13,17.3,2.8,0.0,Merzouga
2022-02-14,19.2,2.9,0.0,Merzouga
2022-02-15,19.4,8.1,0.0,Merzouga
2022-02-16,19.6,4.2,0.0,Merzouga
2022-02-17,22.0,6.4,0.0,Merzouga
2022-02-18,20.5,6.2,0.0,Merzouga
2022-02-19,20.5,6.2,0.0,Merzouga
2022-02-20,22.3,10.3,0.0,Merzouga
2022-02-21,22.9,8.7,0.0,Merzouga
2022-02-22,23.9,7.8,0.0,Merzouga
2022-02-23,25.2,14.6,0.0,Merzouga
2022-02-24,24.1,12.7,1.2,Merzouga
2022-02-25,23.8,10.6,0.0,Merzouga
2022-02-26,22.2,12.0,0.9,Merzouga
2022-02-27,16.9,11.8,7.0,Merzouga
2022-02-28,20.4,8.1,0.0,Merzouga
2022-03-01,16.9,6.4,0.0,Merzouga
2022-03-02,16.4,4.1,0.0,Merzouga
2022-03-03,21.7,4.6,0.0,Merzouga
2022-03-04,21.8,7.7,0.0,Merzouga
2022-03-05,16.1,6.5,0.0,Merzouga
2022-03-06,20.1,4.3,0.6,Merzouga
2022-03-07,18.4,7.4,0.0,Merzouga
2022-03-08,21.5,5.9,0.0,Merzouga
2022-03-09,23.0,7.4,0.0,Merzouga
2022-03-10,24.0,10.8,0.0,Merzouga
2022-03-11,24.5,9.5,0.0,Merzouga
2022-03-12,24.7,10.6,0.0,Merzouga
2022-03-13,27.0,12.1,0.0,Merzouga
2022-03-14,23.9,16.5,0.0,Merzouga
2022-03-15,16.4,5.2,18.0,Merzouga
2022-03-16,15.7,3.8,0.1,Merzouga
2022-03-17,18.8,5.9,0.0,Merzouga
2022-03-18,20.0,9.9,0.0,Merzouga
2022-03-19,23.1,9.7,0.0,Merzouga
2022-03-20,24.1,12.5,0.0,Merzouga
2022-03-21,25.1,11.8,0.0,Merzouga
2022-03-22,25.2,11.7,0.0,Merzouga
2022-03-23,25.8,14.2,0.2,Merzouga
2022-03-24,20.7,13.5,0.0,Merzouga
2022-03-25,20.8,6.5,0.0,Merzouga
2022-03-26,23.8,10.3,0.0,Merzouga
2022-03-27,26.4,9.7,0.0,Merzouga
2022-03-28,32.5,11.6,0.0,Merzouga
2022-03-29,27.8,19.1,0.0,Merzouga
2022-03-30,20.7,13.7,1.6,Merzouga
2022-03-31,23.9,7.5,0.0,Merzouga
2022-04-01,27.4,9.2,0.0,Merzouga
2022-04-02,28.7,11.4,0.0,Merzouga
2022-04-03,28.5,11.8,0.0,Merzouga
2022-04-04,24.2,14.5,0.0,Merzouga
2022-04-05,23.2,11.3,0.0,Merzouga
2022-04-06,22.8,8.3,0.0,Merzouga
2022-04-07,24.3,11.8,0.0,Merzouga
2022-04-08,26.8,10.6,0.0,Merzouga
2022-04-09,28.8,12.4,0.0,Merzouga
2022-04-10,30.1,13.3,0.0,Merzouga
2022-04-11,30.4,14.3,0.0,Merzouga
2022-04-12,28.5,18.2,0.0,Merzouga
2022-04-13,25.4,13.6,0.0,Merzouga
2022-04-14,25.5,11.9,0.0,Merzouga
2022-04-15,26.6,12.9,0.0,Merzouga
2022-04-16,26.6,12.2,0.0,Merzouga
2022-04-17,30.2,11.6,0.0,Merzouga
2022-04-18,31.6,15.1,0.0,Merzouga
2022-04-19,32.9,17.7,0.0,Merzouga
2022-04-20,30.4,15.8,0.0,Merzouga
2022-04-21,24.6,9.8,0.0,Merzouga
2022-04-22,27.5,11.5,0.0,Merzouga
2022-04-23,30.0,14.5,0.0,Merzouga
2022-04-24,27.7,14.5,0.0,Merzouga
2022-04-25,29.7,16.2,0.0,Merzouga
2022-04-26,28.5,18.8,0.0,Merzouga
2022-04-27,28.6,16.0,0.0,Merzouga
2022-04-28,26.2,14.9,0.3,Merzouga
2022-04-29,22.5,11.7,4.0,Merzouga
2022-04-30,24.2,11.8,0.0,Merzouga
2022-05-01,28.7,13.1,0.0,Merzouga
2022-05-02,31.0,17.7,0.0,Merzouga
2022-05-03,30.1,16.7,0.0,Merzouga
2022-05-04,26.1,13.4,0.0,Merzouga
2022-05-05,26.5,13.0,0.0,Merzouga
2022-05-06,28.3,14.1,0.0,Merzouga
2022-05-07,31.8,16.7,0.0,Merzouga
2022-05-08,33.5,18.4,0.0,Merzouga
2022-05-09,34.6,17.9,0.0,Merzouga
2022-05-10,32.4,21.1,0.0,Merzouga
2022-05-11,31.4,17.8,0.0,Merzouga
2022-05-12,31.4,19.0,0.0,Merzouga
2022-05-13,31.9,17.5,0.0,Merzouga
2022-05-14,33.6,19.6,0.0,Merzouga
2022-05-15,34.9,19.9,0.0,Merzouga
2022-05-16,36.0,20.8,0.0,Merzouga
2022-05-17,35.5,21.5,0.0,Merzouga
2022-05-18,35.9,19.8,0.0,Merzouga
2022-05-19,38.4,22.0,0.0,Merzouga
2022-05-20,37.7,27.0,0.0,Merzouga
2022-05-21,34.6,22.5,0.0,Merzouga
2022-05-22,37.4,21.2,0.0,Merzouga
2022-05-23,37.9,22.9,0.0,Merzouga
2022-05-24,38.7,24.0,0.0,Merzouga
2022-05-25,36.1,21.8,0.0,Merzouga
2022-05-26,34.1,20.2,0.0,Merzouga
2022-05-27,36.3,22.2,0.0,Merzouga
2022-05-28,31.9,22.1,0.7,Merzouga
2022-05-29,34.7,19.4,0.2,Merzouga
2022-05-30,37.3,21.7,0.0,Merzouga
2022-05-31,38.0,20.8,0.0,Merzouga
2022-06-01,38.6,23.2,0.0,Merzouga
2022-06-02,36.6,24.6,0.1,Merzouga
2022-06-03,36.8,22.0,0.0,Merzouga
2022-06-04,38.2,21.0,0.0,Merzouga
2022-06-05,38.8,25.0,0.0,Merzouga
2022-06-06,39.9,24.5,0.0,Merzouga
2022-06-07,40.9,27.8,0.0,Merzouga
2022-06-08,40.8,25.5,0.0,Merzouga
2022-06-09,41.9,27.0,0.0,Merzouga
2022-06-10,41.4,26.3,0.0,Merzouga
2022-06-11,40.8,28.8,0.0,Merzouga
2022-06-12,39.7,28.6,0.0,Merzouga
2022-06-13,39.3,24.6,0.0,Merzouga
2022-06-14,39.3,25.9,0.0,Merzouga
2022-06-15,39.6,25.5,0.0,Merzouga
2022-06-16,40.2,24.9,0.0,Merzouga
2022-06-17,40.2,26.6,0.0,Merzouga
2022-06-18,39.8,26.0,0.0,Merzouga
2022-06-19,41.2,26.9,0.0,Merzouga
2022-06-20,40.6,27.2,0.0,Merzouga
2022-06-21,37.8,26.4,0.0,Merzouga
2022-06-22,36.4,24.2,0.3,Merzouga
2022-06-23,38.3,22.3,0.0,Merzouga
2022-06-24,38.9,24.1,0.0,Merzouga
2022-06-25,40.1,22.9,0.0,Merzouga
2022-06-26,39.8,21.7,0.0,Merzouga
2022-06-27,39.6,22.8,0.0,Merzouga
2022-06-28,40.4,22.8,0.0,Merzouga
2022-06-29,40.6,24.3,0.0,Merzouga
2022-06-30,40.1,22.6,0.0,Merzouga
2022-07-01,41.1,22.1,0.0,Merzouga
2022-07-02,40.1,28.2,0.0,Merzouga
2022-07-03,41.8,26.5,0.0,Merzouga
2022-07-04,42.6,27.6,0.0,Merzouga
2022-07-05,42.1,28.5,0.0,Merzouga
2022-07-06,42.2,28.6,0.2,Merzouga
2022-07-07,41.6,28.6,0.0,Merzouga
2022-07-08,41.8,28.5,0.0,Merzouga
2022-07-09,40.3,28.1,0.0,Merzouga
2022-07-10,40.2,26.2,0.0,Merzouga
2022-07-11,39.1,26.7,0.0,Merzouga
2022-07-12,38.7,27.0,0.0,Merzouga
2022-07-13,40.0,25.9,0.0,Merzouga
2022-07-14,40.4,26.6,0.0,Merzouga
2022-07-15,40.3,26.7,0.0,Merzouga
2022-07-16,39.7,26.0,0.0,Merzouga
2022-07-17,41.1,27.6,0.0,Merzouga
2022-07-18,40.5,27.3,0.0,Merzouga
2022-07-19,41.2,27.6,0.0,Merzouga
2022-07-20,40.4,27.5,0.0,Merzouga
2022-07-21,39.9,25.3,0.0,Merzouga
2022-07-22,40.3,25.2,0.0,Merzouga
2022-07-23,41.5,27.2,0.0,Merzouga
2022-07-24,41.7,28.5,0.0,Merzouga
2022-07-25,42.1,27.7,0.0,Merzouga
2022-07-26,41.7,28.6,0.0,Merzouga
2022-07-27,40.5,27.6,0.0,Merzouga
2022-07-28,41.7,29.7,0.0,Merzouga
2022-07-29,41.6,27.1,0.0,Merzouga
2022-07-30,41.5,26.2,0.0,Merzouga
2022-07-31,41.5,25.0,0.0,Merzouga
2022-08-01,40.9,28.8,0.0,Merzouga
2022-08-02,41.4,28.2,0.0,Merzouga
2022-08-03,40.7,29.8,0.0,Merzouga
2022-08-04,42.0,28.0,0.0,Merzouga
2022-08-05,42.0,28.8,0.0,Merzouga
2022-08-06,42.4,29.1,0.0,Merzouga
2022-08-07,42.2,28.2,0.0,Merzouga
2022-08-08,42.7,27.0,0.0,Merzouga
2022-08-09,41.8,29.3,0.0,Merzouga
2022-08-10,41.0,27.4,0.0,Merzouga
2022-08-11,40.9,26.8,0.0,Merzouga
2022-08-12,41.5,29.7,0.0,Merzouga
2022-08-13,41.6,29.1,0.0,Merzouga
2022-08-14,41.0,27.4,0.0,Merzouga
2022-08-15,41.6,27.0,0.0,Merzouga
2022-08-16,42.1,26.4,0.0,Merzouga
2022-08-17,42.6,25.7,0.0,Merzouga
2022-08-18,41.9,22.9,0.0,Merzouga
2022-08-19,42.0,25.5,0.0,Merzouga
2022-08-20,42.1,27.6,0.0,Merzouga
2022-08-21,42.3,30.8,0.0,Merzouga
2022-08-22,41.0,27.1,0.0,Merzouga
2022-08-23,40.9,25.7,0.0,Merzouga
2022-08-24,40.7,24.7,0.0,Merzouga
2022-08-25,41.2,26.7,0.0,Merzouga
2022-08-26,39.9,26.1,0.0,Merzouga
2022-08-27,40.5,28.2,0.0,Merzouga
2022-08-28,40.1,29.1,0.0,Merzouga
2022-08-29,39.6,26.1,0.0,Merzouga
2022-08-30,41.6,25.0,0.0,Merzouga
2022-08-31,40.6,27.3,0.0,Merzouga
2022-09-01,41.3,30.5,0.0,Merzouga
2022-09-02,39.6,28.5,0.0,Merzouga
2022-09-03,41.9,24.8,0.0,Merzouga
2022-09-04,41.4,25.2,0.2,Merzouga
2022-09-05,41.5,26.3,0.0,Merzouga
2022-09-06,41.5,28.3,0.0,Merzouga
2022-09-07,41.1,27.1,0.0,Merzouga
2022-09-08,40.2,26.4,0.0,Merzouga
2022-09-09,40.2,27.2,0.0,Merzouga
2022-09-10,39.5,26.0,0.0,Merzouga
2022-09-11,37.8,24.6,0.0,Merzouga
2022-09-12,38.9,24.1,0.0,Merzouga
2022-09-13,38.6,24.8,0.0,Merzouga
2022-09-14,39.1,24.4,0.0,Merzouga
2022-09-15,38.0,22.1,0.0,Merzouga
2022-09-16,37.7,22.0,0.0,Merzouga
2022-09-17,36.1,22.2,0.0,Merzouga
2022-09-18,35.4,19.9,0.0,Merzouga
2022-09-19,34.6,18.7,0.0,Merzouga
2022-09-20,30.6,23.2,0.0,Merzouga
2022-09-21,30.1,21.7,0.7,Merzouga
2022-09-22,33.2,17.3,0.0,Merzouga
2022-09-23,33.6,21.2,0.0,Merzouga
2022-09-24,35.6,22.1,0.0,Merzouga
2022-09-25,30.3,22.3,1.0,Merzouga
2022-09-26,31.0,19.8,0.0,Merzouga
2022-09-27,31.3,18.8,0.0,Merzouga
2022-09-28,28.2,18.8,0.9,Merzouga
2022-09-29,30.5,16.4,0.0,Merzouga
2022-09-30,25.7,16.5,7.1,Merzouga
2022-10-01,26.7,15.2,5.2,Merzouga
2022-10-02,30.7,19.6,0.0,Merzouga
2022-10-03,32.8,19.9,0.0,Merzouga
2022-10-04,32.6,20.0,0.0,Merzouga
2022-10-05,30.6,19.1,0.0,Merzouga
2022-10-06,30.5,18.4,0.0,Merzouga
2022-10-07,30.7,17.4,0.2,Merzouga
2022-10-08,28.9,18.1,3.5,Merzouga
2022-10-09,29.7,19.7,0.0,Merzouga
2022-10-10,31.0,19.3,0.0,Merzouga
2022-10-11,30.2,19.0,0.0,Merzouga
2022-10-12,28.1,16.3,0.0,Merzouga
2022-10-13,27.0,13.2,0.0,Merzouga
2022-10-14,31.2,17.7,0.6,Merzouga
2022-10-15,33.0,20.0,0.0,Merzouga
2022-10-16,33.2,21.6,0.0,Merzouga
2022-10-17,32.8,18.8,1.1,Merzouga
2022-10-18,32.1,17.6,0.0,Merzouga
2022-10-19,31.3,16.8,0.0,Merzouga
2022-10-20,31.3,16.9,0.0,Merzouga
2022-10-21,30.4,18.5,0.0,Merzouga
2022-10-22,28.8,16.0,0.0,Merzouga
2022-10-23,27.6,12.6,0.0,Merzouga
2022-10-24,27.4,13.5,0.0,Merzouga
2022-10-25,27.6,14.7,0.0,Merzouga
2022-10-26,27.1,13.9,0.0,Merzouga
2022-10-27,29.5,12.4,0.0,Merzouga
2022-10-28,28.6,12.2,0.0,Merzouga
2022-10-29,26.9,12.0,0.0,Merzouga
2022-10-30,27.6,14.2,0.0,Merzouga
2022-10-31,26.6,12.4,0.0,Merzouga
2022-11-01,26.4,12.5,0.0,Merzouga
2022-11-02,26.2,15.9,0.0,Merzouga
2022-11-03,26.7,12.1,0.0,Merzouga
2022-11-04,27.3,14.5,0.0,Merzouga
2022-11-05,27.3,13.9,0.0,Merzouga
2022-11-06,28.2,12.7,0.0,Merzouga
2022-11-07,28.3,13.4,0.0,Merzouga
2022-11-08,26.4,11.2,0.0,Merzouga
2022-11-09,25.7,10.6,0.0,Merzouga
2022-11-10,25.5,10.5,0.0,Merzouga
2022-11-11,24.3,10.2,0.0,Merzouga
2022-11-12,23.1,10.6,0.0,Merzouga
2022-11-13,24.3,9.4,0.0,Merzouga
2022-11-14,25.6,12.5,0.0,Merzouga
2022-11-15,27.2,10.6,0.0,Merzouga
2022-11-16,26.6,11.6,0.0,Merzouga
2022-11-17,26.0,10.1,0.0,Merzouga
2022-11-18,27.6,11.5,0.0,Merzouga
2022-11-19,21.4,10.3,0.0,Merzouga
2022-11-20,20.5,7.2,0.0,Merzouga
2022-11-21,21.2,7.5,0.0,Merzouga
2022-11-22,24.0,9.9,0.0,Merzouga
2022-11-23,25.4,8.7,0.0,Merzouga
2022-11-24,25.4,12.0,0.0,Merzouga
2022-11-25,23.4,10.2,0.0,Merzouga
2022-11-26,26.0,9.7,0.0,Merzouga
2022-11-27,23.9,6.1,0.0,Merzouga
2022-11-28,23.4,3.6,0.0,Merzouga
2022-11-29,19.8,6.5,0.0,Merzouga
2022-11-30,21.0,5.3,0.0,Merzouga
2022-12-01,18.3,7.8,0.0,Merzouga
2022-12-02,18.3,4.6,0.0,Merzouga
2022-12-03,19.4,4.7,0.0,Merzouga
2022-12-04,18.8,5.8,0.0,Merzouga
2022-12-05,22.6,6.9,0.0,Merzouga
2022-12-06,21.1,9.2,0.0,Merzouga
2022-12-07,22.4,10.8,0.0,Merzouga
2022-12-08,21.1,13.6,2.9,Merzouga
2022-12-09,22.4,13.3,7.2,Merzouga
2022-12-10,23.5,10.4,0.0,Merzouga
2022-12-11,21.8,10.1,0.0,Merzouga
2022-12-12,24.3,9.4,0.0,Merzouga
2022-12-13,25.6,10.3,0.0,Merzouga
2022-12-14,27.1,12.2,0.0,Merzouga
2022-12-15,23.3,14.4,0.0,Merzouga
2022-12-16,19.9,7.3,0.0,Merzouga
2022-12-17,20.3,6.7,0.0,Merzouga
2022-12-18,19.7,4.9,0.0,Merzouga
2022-12-19,18.3,4.0,0.0,Merzouga
2022-12-20,17.8,4.6,0.0,Merzouga
2022-12-21,19.7,4.1,0.0,Merzouga
2022-12-22,20.9,4.8,0.0,Merzouga
2022-12-23,19.8,7.8,0.0,Merzouga
2022-12-24,19.4,6.3,0.0,Merzouga
2022-12-25,18.9,4.2,0.0,Merzouga
2022-12-26,19.3,3.0,0.0,Merzouga
2022-12-27,19.7,6.4,0.0,Merzouga
2022-12-28,17.7,4.3,0.0,Merzouga
2022-12-29,18.3,2.9,0.0,Merzouga
2022-12-30,19.1,2.8,0.0,Merzouga
2022-12-31,16.2,2.1,0.0,Merzouga
2023-01-01,15.4,6.3,1.1,Merzouga
2023-01-02,17.1,8.6,0.0,Merzouga
2023-01-03,18.1,8.1,0.0,Merzouga
2023-01-04,17.7,3.1,0.0,Merzouga
2023-01-05,16.7,1.5,0.0,Merzouga
2023-01-06,17.6,0.7,0.0,Merzouga
2023-01-07,18.2,4.7,0.0,Merzouga
2023-01-08,18.6,2.2,0.0,Merzouga
2023-01-09,20.7,3.6,0.0,Merzouga
2023-01-10,20.6,4.9,0.0,Merzouga
2023-01-11,20.3,6.3,0.0,Merzouga
2023-01-12,18.3,9.8,0.0,Merzouga
2023-01-13,19.7,5.7,0.0,Merzouga
2023-01-14,19.9,4.3,0.0,Merzouga
2023-01-15,18.6,5.4,0.0,Merzouga
2023-01-16,20.5,3.9,0.0,Merzouga
2023-01-17,23.6,6.0,0.0,Merzouga
2023-01-18,20.2,6.4,0.0,Merzouga
2023-01-19,15.9,4.5,0.0,Merzouga
2023-01-20,16.9,1.9,0.0,Merzouga
2023-01-21,17.0,2.1,0.0,Merzouga
2023-01-22,18.2,2.4,0.0,Merzouga
2023-01-23,15.1,4.0,0.0,Merzouga
2023-01-24,14.4,2.8,0.0,Merzouga
2023-01-25,12.5,0.2,0.0,Merzouga
2023-01-26,13.3,-0.2,0.0,Merzouga
2023-01-27,13.1,0.6,0.0,Merzouga
2023-01-28,12.5,2.3,0.0,Merzouga
2023-01-29,12.9,1.2,0.0,Merzouga
2023-01-30,13.2,0.7,0.0,Merzouga
2023-01-31,13.4,0.1,0.0,Merzouga
2023-02-01,12.7,-1.5,0.0,Merzouga
2023-02-02,13.7,-2.2,0.0,Merzouga
2023-02-03,14.1,1.4,0.0,Merzouga
2023-02-04,13.8,1.3,0.0,Merzouga
2023-02-05,16.3,1.5,0.0,Merzouga
2023-02-06,15.6,0.5,0.0,Merzouga
2023-02-07,14.9,3.5,0.0,Merzouga
2023-02-08,17.4,1.3,0.0,Merzouga
2023-02-09,17.8,3.8,0.0,Merzouga
2023-02-10,13.6,5.9,0.2,Merzouga
2023-02-11,15.2,7.4,0.0,Merzouga
2023-02-12,14.7,3.1,0.0,Merzouga
2023-02-13,13.8,4.2,0.0,Merzouga
2023-02-14,12.0,8.6,2.7,Merzouga
2023-02-15,16.0,7.6,0.5,Merzouga
2023-02-16,15.2,8.8,5.9,Merzouga
2023-02-17,13.7,8.7,6.6,Merzouga
2023-02-18,16.2,7.5,1.4,Merzouga
2023-02-19,17.6,5.7,0.0,Merzouga
2023-02-20,19.4,7.7,0.0,Merzouga
2023-02-21,20.1,6.1,0.0,Merzouga
2023-02-22,19.0,10.0,0.0,Merzouga
2023-02-23,23.4,6.9,0.0,Merzouga
2023-02-24,20.7,11.3,0.8,Merzouga
2023-02-25,18.0,4.5,0.0,Merzouga
2023-02-26,20.7,4.9,0.0,Merzouga
2023-02-27,21.4,8.1,0.0,Merzouga
2023-02-28,21.8,5.8,0.0,Merzouga
2023-03-01,21.4,8.0,0.0,Merzouga
2023-03-02,22.6,8.2,0.0,Merzouga
2023-03-03,21.1,9.4,0.0,Merzouga
2023-03-04,22.6,7.6,0.0,Merzouga
2023-03-05,24.3,9.4,0.0,Merzouga
2023-03-06,28.0,11.7,0.0,Merzouga
2023-03-07,27.0,13.1,0.0,Merzouga
2023-03-08,28.2,13.8,0.0,Merzouga
2023-03-09,29.2,12.3,0.0,Merzouga
2023-03-10,28.8,13.8,0.0,Merzouga
2023-03-11,30.4,12.8,0.0,Merzouga
2023-03-12,30.5,14.4,0.0,Merzouga
2023-03-13,31.0,14.5,0.0,Merzouga
2023-03-14,30.7,14.5,0.0,Merzouga
2023-03-15,30.7,12.9,0.0,Merzouga
2023-03-16,31.6,12.8,0.0,Merzouga
2023-03-17,28.6,15.7,0.0,Merzouga
2023-03-18,23.2,14.9,2.0,Merzouga
2023-03-19,21.5,10.7,0.0,Merzouga
2023-03-20,22.5,10.6,0.0,Merzouga
2023-03-21,24.7,9.9,0.0,Merzouga
2023-03-22,27.2,13.2,0.0,Merzouga
2023-03-23,29.4,15.0,0.0,Merzouga
2023-03-24,29.6,14.5,0.0,Merzouga
2023-03-25,30.6,15.4,0.0,Merzouga
2023-03-26,30.7,14.6,0.0,Merzouga
2023-03-27,30.8,15.1,0.0,Merzouga
2023-03-28,31.7,17.6,0.0,Merzouga
2023-03-29,30.7,15.7,0.0,Merzouga
2023-03-30,31.1,14.4,0.0,Merzouga
2023-03-31,30.8,16.9,0.0,Merzouga
2023-04-01,32.4,16.1,0.0,Merzouga
2023-04-02,29.9,16.0,0.0,Merzouga
2023-04-03,26.2,15.0,0.0,Merzouga
2023-04-04,29.5,13.5,0.0,Merzouga
2023-04-05,28.7,17.3,0.0,Merzouga
2023-04-06,24.4,13.7,0.4,Merzouga
2023-04-07,25.4,11.1,0.0,Merzouga
2023-04-08,26.1,11.2,0.0,Merzouga
2023-04-09,26.6,12.7,0.0,Merzouga
2023-04-10,29.1,15.0,0.0,Merzouga
2023-04-11,29.4,13.4,0.0,Merzouga
2023-04-12,30.9,17.3,0.0,Merzouga
2023-04-13,31.5,15.5,0.0,Merzouga
2023-04-14,30.0,16.0,0.0,Merzouga
2023-04-15,31.7,15.0,0.0,Merzouga
2023-04-16,31.9,18.0,0.0,Merzouga
2023-04-17,33.1,17.9,0.0,Merzouga
2023-04-18,33.3,17.3,0.0,Merzouga
2023-04-19,29.5,17.4,0.0,Merzouga
2023-04-20,29.7,16.3,0.0,Merzouga
2023-04-21,30.1,17.9,0.6,Merzouga
2023-04-22,31.3,17.8,0.0,Merzouga
2023-04-23,32.3,20.9,0.0,Merzouga
2023-04-24,32.4,18.1,0.0,Merzouga
2023-04-25,34.5,18.6,0.0,Merzouga
2023-04-26,35.7,19.4,0.0,Merzouga
2023-04-27,36.0,20.2,0.0,Merzouga
2023-04-28,36.5,21.4,0.0,Merzouga
2023-04-29,37.0,20.7,0.0,Merzouga
2023-04-30,36.9,21.3,0.0,Merzouga
2023-05-01,33.4,20.5,0.0,Merzouga
2023-05-02,33.4,21.6,0.0,Merzouga
2023-05-03,36.6,20.4,0.0,Merzouga
2023-05-04,37.3,22.4,0.0,Merzouga
2023-05-05,38.3,23.1,0.0,Merzouga
2023-05-06,36.8,22.2,0.0,Merzouga
2023-05-07,34.1,21.0,0.0,Merzouga
2023-05-08,34.2,21.0,0.0,Merzouga
2023-05-09,34.2,20.8,0.0,Merzouga
2023-05-10,37.9,20.8,0.0,Merzouga
2023-05-11,35.3,23.3,0.0,Merzouga
2023-05-12,35.4,23.2,0.0,Merzouga
2023-05-13,32.9,22.0,0.0,Merzouga
2023-05-14,26.8,14.9,0.0,Merzouga
2023-05-15,29.8,14.6,0.0,Merzouga
2023-05-16,31.9,17.1,0.0,Merzouga
2023-05-17,26.9,19.7,0.0,Merzouga
2023-05-18,24.9,14.2,0.0,Merzouga
2023-05-19,22.7,11.7,0.1,Merzouga
2023-05-20,27.5,12.3,0.0,Merzouga
2023-05-21,30.0,18.8,0.0,Merzouga
2023-05-22,25.7,13.1,0.0,Merzouga
2023-05-23,27.7,14.8,0.0,Merzouga
2023-05-24,28.6,16.2,0.0,Merzouga
2023-05-25,31.4,18.4,0.0,Merzouga
2023-05-26,33.6,18.0,0.0,Merzouga
2023-05-27,30.2,19.3,0.0,Merzouga
2023-05-28,29.6,17.9,0.0,Merzouga
2023-05-29,28.7,17.9,0.4,Merzouga
2023-05-30,28.2,15.4,0.0,Merzouga
2023-05-31,28.6,17.6,0.0,Merzouga
2023-06-01,33.2,19.6,0.0,Merzouga
2023-06-02,31.4,20.0,0.0,Merzouga
2023-06-03,32.5,19.1,0.0,Merzouga
2023-06-04,32.6,20.1,0.3,Merzouga
2023-06-05,33.4,20.6,0.0,Merzouga
2023-06-06,35.6,23.5,0.0,Merzouga
2023-06-07,38.7,25.7,0.0,Merzouga
2023-06-08,37.1,27.2,0.0,Merzouga
2023-06-09,35.0,22.6,0.0,Merzouga
2023-06-10,36.7,22.7,0.0,Merzouga
2023-06-11,37.4,22.7,0.0,Merzouga
2023-06-12,38.4,23.9,0.0,Merzouga
2023-06-13,37.3,24.2,0.0,Merzouga
2023-06-14,36.3,23.3,0.0,Merzouga
2023-06-15,37.8,25.0,0.0,Merzouga
2023-06-16,39.3,25.9,0.0,Merzouga
2023-06-17,40.1,26.5,0.0,Merzouga
2023-06-18,38.9,24.3,0.0,Merzouga
2023-06-19,38.2,23.9,0.0,Merzouga
2023-06-20,37.3,23.1,0.0,Merzouga
2023-06-21,37.2,24.2,0.0,Merzouga
2023-06-22,38.7,24.5,0.0,Merzouga
2023-06-23,40.7,26.5,0.0,Merzouga
2023-06-24,38.8,26.1,0.0,Merzouga
2023-06-25,39.7,23.7,0.0,Merzouga
2023-06-26,40.7,27.6,0.0,Merzouga
2023-06-27,40.3,27.5,0.0,Merzouga
2023-06-28,41.9,27.1,0.0,Merzouga
2023-06-29,41.6,27.1,0.0,Merzouga
2023-06-30,42.2,29.3,0.0,Merzouga
2023-07-01,42.5,28.9,0.0,Merzouga
2023-07-02,43.5,29.0,0.0,Merzouga
2023-07-03,43.3,30.4,0.0,Merzouga
2023-07-04,42.6,29.9,0.0,Merzouga
2023-07-05,44.0,29.7,0.0,Merzouga
2023-07-06,44.8,29.3,0.0,Merzouga
2023-07-07,44.4,32.8,0.0,Merzouga
2023-07-08,44.4,28.1,0.0,Merzouga
2023-07-09,42.4,30.7,0.0,Merzouga
2023-07-10,41.6,30.4,0.0,Merzouga
2023-07-11,42.8,28.2,0.0,Merzouga
2023-07-12,42.6,28.1,0.0,Merzouga
2023-07-13,43.8,31.9,0.0,Merzouga
2023-07-14,43.1,28.6,0.0,Merzouga
2023-07-15,41.8,29.0,0.0,Merzouga
2023-07-16,40.6,26.2,0.0,Merzouga
2023-07-17,40.2,25.9,0.0,Merzouga
2023-07-18,40.5,27.7,0.0,Merzouga
2023-07-19,40.9,25.0,0.0,Merzouga
2023-07-20,42.1,25.2,0.0,Merzouga
2023-07-21,42.6,27.1,0.0,Merzouga
2023-07-22,42.6,26.3,0.0,Merzouga
2023-07-23,42.0,28.0,0.0,Merzouga
2023-07-24,44.7,28.5,0.0,Merzouga
2023-07-25,44.2,29.8,0.0,Merzouga
2023-07-26,45.3,29.6,0.0,Merzouga
2023-07-27,45.8,30.3,0.0,Merzouga
2023-07-28,44.8,28.8,0.0,Merzouga
2023-07-29,44.8,29.4,0.0,Merzouga
2023-07-30,45.1,31.1,0.0,Merzouga
2023-07-31,44.5,31.6,0.0,Merzouga
2023-08-01,43.3,31.7,0.0,Merzouga
2023-08-02,43.7,30.7,0.0,Merzouga
2023-08-03,45.2,29.7,0.0,Merzouga
2023-08-04,43.8,28.0,0.0,Merzouga
2023-08-05,42.3,28.3,0.0,Merzouga
2023-08-06,43.4,27.6,0.0,Merzouga
2023-08-07,43.6,30.0,0.0,Merzouga
2023-08-08,43.0,29.1,0.0,Merzouga
2023-08-09,42.3,28.0,0.0,Merzouga
2023-08-10,43.6,30.6,0.0,Merzouga
2023-08-11,42.1,28.0,0.0,Merzouga
2023-08-12,43.3,27.9,0.0,Merzouga
2023-08-13,42.3,26.6,0.0,Merzouga
2023-08-14,41.0,27.1,0.0,Merzouga
2023-08-15,40.7,26.5,0.0,Merzouga
2023-08-16,40.6,26.2,0.0,Merzouga
2023-08-17,40.8,27.6,0.0,Merzouga
2023-08-18,40.1,25.9,0.0,Merzouga
2023-08-19,41.0,27.7,0.0,Merzouga
2023-08-20,41.3,28.3,0.0,Merzouga
2023-08-21,39.7,27.3,0.0,Merzouga
2023-08-22,39.9,25.7,0.0,Merzouga
2023-08-23,39.7,28.1,0.0,Merzouga
2023-08-24,39.2,26.6,0.0,Merzouga
2023-08-25,40.0,25.4,0.0,Merzouga
2023-08-26,39.4,26.0,0.0,Merzouga
2023-08-27,41.0,27.9,0.0,Merzouga
2023-08-28,37.6,25.1,0.0,Merzouga
2023-08-29,40.8,24.4,0.0,Merzouga
2023-08-30,37.5,25.4,0.0,Merzouga
2023-08-31,37.3,24.5,0.0,Merzouga
2023-09-01,37.8,24.9,0.0,Merzouga
2023-09-02,38.6,27.2,0.0,Merzouga
2023-09-03,34.3,21.0,0.0,Merzouga
2023-09-04,33.9,19.3,0.0,Merzouga
2023-09-05,37.1,20.1,0.0,Merzouga
2023-09-06,39.7,24.9,0.0,Merzouga
2023-09-07,38.3,24.9,0.2,Merzouga
2023-09-08,38.7,24.9,0.0,Merzouga
2023-09-09,38.7,25.6,0.0,Merzouga
2023-09-10,39.5,26.3,0.0,Merzouga
2023-09-11,39.5,26.4,0.0,Merzouga
2023-09-12,37.7,25.9,0.0,Merzouga
2023-09-13,35.0,24.6,0.0,Merzouga
2023-09-14,29.7,23.1,0.2,Merzouga
2023-09-15,31.1,18.8,0.3,Merzouga
2023-09-16,37.3,21.8,0.0,Merzouga
2023-09-17,29.4,21.7,1.3,Merzouga
2023-09-18,32.3,17.0,0.0,Merzouga
2023-09-19,31.1,23.8,0.0,Merzouga
2023-09-20,34.5,18.2,0.0,Merzouga
2023-09-21,35.2,19.0,0.0,Merzouga
2023-09-22,36.0,21.2,0.0,Merzouga
2023-09-23,36.2,20.7,0.0,Merzouga
2023-09-24,37.2,21.2,0.0,Merzouga
2023-09-25,39.2,21.5,0.0,Merzouga
2023-09-26,39.5,22.8,0.0,Merzouga
2023-09-27,34.3,23.8,0.0,Merzouga
2023-09-28,31.5,20.3,0.0,Merzouga
2023-09-29,30.9,18.6,0.0,Merzouga
2023-09-30,32.9,16.9,0.0,Merzouga
2023-10-01,33.0,18.1,0.0,Merzouga
2023-10-02,32.2,17.8,0.0,Merzouga
2023-10-03,31.7,20.4,0.0,Merzouga
2023-10-04,32.1,18.1,0.0,Merzouga
2023-10-05,30.4,18.8,0.0,Merzouga
2023-10-06,29.6,16.4,0.0,Merzouga
2023-10-07,30.2,16.0,0.0,Merzouga
2023-10-08,30.9,15.3,0.0,Merzouga
2023-10-09,30.3,16.2,0.0,Merzouga
2023-10-10,29.0,15.7,0.0,Merzouga
2023-10-11,29.3,16.6,0.0,Merzouga
2023-10-12,29.2,15.7,0.0,Merzouga
2023-10-13,29.3,16.3,0.0,Merzouga
2023-10-14,29.1,15.0,0.0,Merzouga
2023-10-15,30.3,16.9,0.0,Merzouga
2023-10-16,30.3,16.1,0.0,Merzouga
2023-10-17,30.4,15.7,0.0,Merzouga
2023-10-18,33.4,17.9,0.0,Merzouga
2023-10-19,33.7,18.6,0.0,Merzouga
2023-10-20,29.0,18.3,0.0,Merzouga
2023-10-21,25.8,16.3,0.0,Merzouga
2023-10-22,28.1,14.2,0.0,Merzouga
2023-10-23,24.6,18.2,1.4,Merzouga
2023-10-24,28.0,15.5,0.0,Merzouga
2023-10-25,28.7,13.5,0.0,Merzouga
2023-10-26,29.7,14.9,0.0,Merzouga
2023-10-27,29.8,13.4,0.0,Merzouga
2023-10-28,29.9,15.0,0.0,Merzouga
2023-10-29,30.1,17.6,0.0,Merzouga
2023-10-30,30.6,20.4,0.0,Merzouga
2023-10-31,32.2,17.9,0.0,Merzouga
2023-11-01,32.8,18.1,0.0,Merzouga
2023-11-02,33.2,15.0,0.0,Merzouga
2023-11-03,30.2,13.8,0.0,Merzouga
2023-11-04,29.4,15.5,0.0,Merzouga
2023-11-05,29.6,15.2,0.0,Merzouga
2023-11-06,27.7,14.3,0.0,Merzouga
2023-11-07,22.0,12.9,0.0,Merzouga
2023-11-08,25.4,11.6,0.0,Merzouga
2023-11-09,26.9,11.5,0.0,Merzouga
2023-11-10,25.9,11.7,0.0,Merzouga
2023-11-11,27.6,13.6,0.0,Merzouga
2023-11-12,28.6,12.4,0.0,Merzouga
2023-11-13,28.7,13.8,0.0,Merzouga
2023-11-14,28.4,13.3,0.0,Merzouga
2023-11-15,27.7,11.8,0.0,Merzouga
2023-11-16,26.8,10.6,0.0,Merzouga
2023-11-17,25.4,9.0,0.0,Merzouga
2023-11-18,25.7,9.0,0.0,Merzouga
2023-11-19,24.8,8.2,0.0,Merzouga
2023-11-20,22.5,7.4,0.0,Merzouga
2023-11-21,26.7,8.3,0.0,Merzouga
2023-11-22,21.7,9.2,0.0,Merzouga
2023-11-23,17.4,7.0,0.0,Merzouga
2023-11-24,18.3,1.8,0.0,Merzouga
2023-11-25,19.3,5.3,0.0,Merzouga
2023-11-26,20.4,4.2,0.0,Merzouga
2023-11-27,20.9,5.7,0.0,Merzouga
2023-11-28,21.7,7.1,0.0,Merzouga
2023-11-29,22.3,5.8,0.0,Merzouga
2023-11-30,22.9,9.4,0.0,Merzouga
2023-12-01,23.9,12.1,0.0,Merzouga
2023-12-02,22.2,11.6,0.0,Merzouga
2023-12-03,19.2,7.6,0.0,Merzouga
2023-12-04,20.2,5.3,0.0,Merzouga
2023-12-05,19.7,9.1,0.0,Merzouga
2023-12-06,22.9,10.8,0.0,Merzouga
2023-12-07,22.8,8.8,0.0,Merzouga
2023-12-08,25.0,10.5,0.0,Merzouga
2023-12-09,26.7,8.3,0.0,Merzouga
2023-12-10,23.3,10.2,0.0,Merzouga
2023-12-11,22.1,8.9,0.0,Merzouga
2023-12-12,21.9,8.2,0.0,Merzouga
2023-12-13,22.1,6.3,0.0,Merzouga
2023-12-14,20.8,10.0,0.0,Merzouga
2023-12-15,16.0,3.3,0.0,Merzouga
2023-12-16,14.9,3.9,0.0,Merzouga
2023-12-17,14.2,4.3,0.0,Merzouga
2023-12-18,13.8,2.9,0.0,Merzouga
2023-12-19,15.6,2.4,0.0,Merzouga
2023-12-20,18.5,-0.1,0.0,Merzouga
2023-12-21,18.4,3.2,0.0,Merzouga
2023-12-22,17.0,0.2,0.0,Merzouga
2023-12-23,17.6,1.0,0.0,Merzouga
2023-12-24,17.3,-0.1,0.0,Merzouga
2023-12-25,17.5,1.7,0.0,Merzouga
2023-12-26,18.0,1.8,0.0,Merzouga
2023-12-27,17.2,0.8,0.0,Merzouga
2023-12-28,18.6,1.9,0.0,Merzouga
2023-12-29,18.9,2.6,0.0,Merzouga
2023-12-30,19.1,4.1,0.0,Merzouga
2023-12-31,19.2,2.8,0.0,Merzouga
2024-01-01,18.8,6.9,0.0,Merzouga
2024-01-02,18.9,3.8,0.0,Merzouga
2024-01-03,20.2,3.4,0.0,Merzouga
2024-01-04,20.3,5.3,0.0,Merzouga
2024-01-05,21.1,7.9,0.0,Merzouga
2024-01-06,16.8,4.1,0.0,Merzouga
2024-01-07,18.2,2.5,0.0,Merzouga
2024-01-08,19.9,2.8,0.0,Merzouga
2024-01-09,20.4,7.0,0.0,Merzouga
2024-01-10,20.4,4.9,0.0,Merzouga
2024-01-11,21.5,5.7,0.0,Merzouga
2024-01-12,21.3,7.0,0.0,Merzouga
2024-01-13,21.5,5.6,0.0,Merzouga
2024-01-14,19.9,6.1,0.0,Merzouga
2024-01-15,21.5,4.1,0.0,Merzouga
2024-01-16,19.4,7.0,0.0,Merzouga
2024-01-17,24.9,9.2,0.0,Merzouga
2024-01-18,26.1,11.3,0.0,Merzouga
2024-01-19,22.3,13.2,0.0,Merzouga
2024-01-20,21.1,9.4,0.0,Merzouga
2024-01-21,20.0,6.2,0.0,Merzouga
2024-01-22,18.7,4.9,0.0,Merzouga
2024-01-23,19.3,2.6,0.0,Merzouga
2024-01-24,23.5,3.4,0.0,Merzouga
2024-01-25,21.4,6.4,0.0,Merzouga
2024-01-26,22.4,4.9,0.0,Merzouga
2024-01-27,22.5,5.7,0.0,Merzouga
2024-01-28,22.3,3.9,0.0,Merzouga
2024-01-29,21.9,4.3,0.0,Merzouga
2024-01-30,20.4,7.6,0.0,Merzouga
2024-01-31,18.1,5.2,0.0,Merzouga
2024-02-01,17.4,4.7,0.0,Merzouga
2024-02-02,18.7,2.5,0.0,Merzouga
2024-02-03,19.4,2.1,0.0,Merzouga
2024-02-04,16.5,4.4,0.0,Merzouga
2024-02-05,15.7,3.8,0.0,Merzouga
2024-02-06,17.5,2.7,0.0,Merzouga
2024-02-07,20.9,3.0,0.0,Merzouga
2024-02-08,21.8,8.5,0.0,Merzouga
2024-02-09,21.0,12.4,0.0,Merzouga
2024-02-10,23.7,10.5,0.0,Merzouga
2024-02-11,24.4,8.2,0.0,Merzouga
2024-02-12,27.1,9.4,0.0,Merzouga
2024-02-13,28.4,11.0,0.0,Merzouga
2024-02-14,27.9,10.4,0.0,Merzouga
2024-02-15,26.9,10.9,0.0,Merzouga
2024-02-16,25.2,10.7,0.0,Merzouga
2024-02-17,21.6,9.7,0.0,Merzouga
2024-02-18,19.2,9.0,0.0,Merzouga
2024-02-19,21.3,8.7,0.0,Merzouga
2024-02-20,23.0,7.9,0.0,Merzouga
2024-02-21,24.2,8.3,0.0,Merzouga
2024-02-22,24.5,7.8,0.0,Merzouga
2024-02-23,24.5,10.3,0.0,Merzouga
2024-02-24,22.8,9.6,0.0,Merzouga
2024-02-25,21.0,7.0,0.0,Merzouga
2024-02-26,27.2,9.0,0.0,Merzouga
2024-02-27,18.1,10.3,0.0,Merzouga
2024-02-28,19.0,2.3,0.0,Merzouga
2024-02-29,19.7,4.3,0.0,Merzouga
2024-03-01,21.7,7.8,0.0,Merzouga
2024-03-02,24.6,11.1,0.0,Merzouga
2024-03-03,23.4,9.2,0.0,Merzouga
2024-03-04,23.5,7.6,0.0,Merzouga
2024-03-05,24.0,8.3,0.0,Merzouga
2024-03-06,24.2,12.7,0.0,Merzouga
2024-03-07,25.3,12.8,0.0,Merzouga
2024-03-08,22.5,10.2,0.0,Merzouga
2024-03-09,24.5,7.5,0.0,Merzouga
2024-03-10,24.5,11.3,0.0,Merzouga
2024-03-11,23.2,10.0,0.0,Merzouga
2024-03-12,24.6,10.3,0.0,Merzouga
2024-03-13,25.5,11.6,0.0,Merzouga
2024-03-14,25.7,11.9,0.0,Merzouga
2024-03-15,28.6,13.9,0.0,Merzouga
2024-03-16,29.0,13.8,0.0,Merzouga
2024-03-17,30.1,13.8,0.0,Merzouga
2024-03-18,28.9,14.3,0.0,Merzouga
2024-03-19,29.6,14.8,0.0,Merzouga
2024-03-20,29.8,16.0,0.0,Merzouga
2024-03-21,30.5,18.5,0.0,Merzouga
2024-03-22,28.7,17.5,0.0,Merzouga
2024-03-23,32.5,12.9,0.0,Merzouga
2024-03-24,26.8,18.8,0.8,Merzouga
2024-03-25,23.9,13.5,0.0,Merzouga
2024-03-26,25.4,10.6,0.0,Merzouga
2024-03-27,23.0,6.4,0.0,Merzouga
2024-03-28,24.4,9.7,0.0,Merzouga
2024-03-29,25.3,12.3,0.0,Merzouga
2024-03-30,27.5,9.7,0.0,Merzouga
2024-03-31,27.8,13.0,0.0,Merzouga
2024-04-01,28.5,14.3,0.0,Merzouga
2024-04-02,28.9,14.0,0.0,Merzouga
2024-04-03,29.7,13.8,0.0,Merzouga
2024-04-04,30.2,15.9,0.0,Merzouga
2024-04-05,31.4,16.0,0.0,Merzouga
2024-04-06,32.7,17.0,0.0,Merzouga
2024-04-07,32.3,20.9,0.0,Merzouga
2024-04-08,35.0,17.4,0.0,Merzouga
2024-04-09,30.4,18.4,0.0,Merzouga
2024-04-10,29.1,15.2,0.0,Merzouga
2024-04-11,28.4,13.8,0.0,Merzouga
2024-04-12,24.3,14.0,0.0,Merzouga
2024-04-13,25.4,11.6,0.0,Merzouga
2024-04-14,25.8,13.6,0.0,Merzouga
2024-04-15,28.4,13.0,0.0,Merzouga
2024-04-16,30.0,16.1,0.0,Merzouga
2024-04-17,32.8,17.4,0.0,Merzouga
2024-04-18,34.5,16.9,0.0,Merzouga
2024-04-19,32.2,20.6,0.0,Merzouga
2024-04-20,28.0,17.7,0.0,Merzouga
2024-04-21,24.0,15.3,0.0,Merzouga
2024-04-22,25.2,12.1,0.0,Merzouga
2024-04-23,30.3,16.0,0.0,Merzouga
2024-04-24,29.4,17.6,0.0,Merzouga
2024-04-25,29.1,17.0,0.0,Merzouga
2024-04-26,28.9,16.7,0.0,Merzouga
2024-04-27,30.4,17.5,0.0,Merzouga
2024-04-28,25.6,14.8,0.1,Merzouga
2024-04-29,22.4,11.6,0.3,Merzouga
2024-04-30,22.7,8.9,0.0,Merzouga
2024-05-01,28.7,11.7,0.0,Merzouga
2024-05-02,31.0,16.1,0.0,Merzouga
2024-05-03,32.0,16.3,0.0,Merzouga
2024-05-04,34.2,18.0,0.0,Merzouga
2024-05-05,34.5,16.5,0.0,Merzouga
2024-05-06,35.0,19.9,0.0,Merzouga
2024-05-07,34.6,20.2,0.0,Merzouga
2024-05-08,33.7,19.3,0.0,Merzouga
2024-05-09,34.0,19.3,0.0,Merzouga
2024-05-10,31.1,22.0,0.0,Merzouga
2024-05-11,33.2,22.0,0.1,Merzouga
2024-05-12,35.8,20.3,0.0,Merzouga
2024-05-13,36.8,22.2,0.0,Merzouga
2024-05-14,38.2,25.3,0.0,Merzouga
2024-05-15,37.3,21.2,0.0,Merzouga
2024-05-16,34.3,20.0,0.0,Merzouga
2024-05-17,33.4,21.5,0.0,Merzouga
2024-05-18,33.5,19.5,0.0,Merzouga
2024-05-19,32.8,19.0,0.0,Merzouga
2024-05-20,28.9,16.0,0.0,Merzouga
2024-05-21,32.3,18.9,0.0,Merzouga
2024-05-22,33.7,19.9,0.0,Merzouga
2024-05-23,35.4,21.7,0.0,Merzouga
2024-05-24,35.3,19.4,0.0,Merzouga
2024-05-25,35.8,23.1,0.0,Merzouga
2024-05-26,36.4,25.0,0.0,Merzouga
2024-05-27,37.0,25.3,0.0,Merzouga
2024-05-28,37.0,23.7,0.0,Merzouga
2024-05-29,37.6,22.7,0.0,Merzouga
2024-05-30,38.9,22.8,0.0,Merzouga
2024-05-31,38.7,26.9,0.0,Merzouga
2024-06-01,39.4,25.9,0.0,Merzouga
2024-06-02,38.9,27.1,0.0,Merzouga
2024-06-03,38.5,27.3,0.0,Merzouga
2024-06-04,37.4,23.0,0.0,Merzouga
2024-06-05,38.2,27.0,0.0,Merzouga
2024-06-06,38.2,21.9,0.0,Merzouga
2024-06-07,35.7,23.8,0.0,Merzouga
2024-06-08,35.4,24.8,0.0,Merzouga
2024-06-09,36.4,24.0,0.1,Merzouga
2024-06-10,37.3,23.7,0.0,Merzouga
2024-06-11,32.8,22.0,0.0,Merzouga
2024-06-12,35.0,21.2,0.0,Merzouga
2024-06-13,37.1,23.4,0.0,Merzouga
2024-06-14,40.5,22.7,0.0,Merzouga
2024-06-15,39.2,25.5,0.1,Merzouga
2024-06-16,39.8,23.6,0.0,Merzouga
2024-06-17,41.5,26.5,0.0,Merzouga
2024-06-18,42.5,29.9,0.0,Merzouga
2024-06-19,42.3,26.8,0.0,Merzouga
2024-06-20,35.5,21.1,0.0,Merzouga
2024-06-21,38.0,23.1,0.0,Merzouga
2024-06-22,39.6,25.1,0.0,Merzouga
2024-06-23,40.6,27.0,0.0,Merzouga
2024-06-24,41.7,25.9,0.0,Merzouga
2024-06-25,42.3,27.0,0.0,Merzouga
2024-06-26,41.0,26.0,0.0,Merzouga
2024-06-27,38.4,24.2,0.0,Merzouga
2024-06-28,39.8,23.6,0.0,Merzouga
2024-06-29,41.2,24.0,0.0,Merzouga
2024-06-30,43.5,27.7,0.0,Merzouga
2024-07-01,43.4,25.7,0.0,Merzouga
2024-07-02,41.3,26.1,0.0,Merzouga
2024-07-03,43.6,27.5,0.0,Merzouga
2024-07-04,44.1,25.5,0.0,Merzouga
2024-07-05,43.8,27.2,0.0,Merzouga
2024-07-06,42.8,29.0,0.0,Merzouga
2024-07-07,38.8,26.0,0.0,Merzouga
2024-07-08,42.1,25.9,0.0,Merzouga
2024-07-09,44.7,27.8,0.0,Merzouga
2024-07-10,44.5,28.0,0.0,Merzouga
2024-07-11,45.7,28.0,0.0,Merzouga
2024-07-12,45.7,30.3,0.0,Merzouga
2024-07-13,45.3,30.7,0.0,Merzouga
2024-07-14,45.0,31.1,0.0,Merzouga
2024-07-15,44.6,30.1,0.0,Merzouga
2024-07-16,43.8,29.3,0.0,Merzouga
2024-07-17,43.2,28.9,0.0,Merzouga
2024-07-18,43.3,28.8,0.0,Merzouga
2024-07-19,43.4,30.3,0.0,Merzouga
2024-07-20,42.7,29.4,0.0,Merzouga
2024-07-21,43.5,29.8,0.0,Merzouga
2024-07-22,43.7,30.1,0.0,Merzouga
2024-07-23,43.4,29.4,0.0,Merzouga
2024-07-24,43.9,30.7,0.1,Merzouga
2024-07-25,42.7,29.7,0.0,Merzouga
2024-07-26,41.2,26.5,0.0,Merzouga
2024-07-27,40.2,27.7,0.0,Merzouga
2024-07-28,41.2,29.0,0.0,Merzouga
2024-07-29,42.2,29.8,0.0,Merzouga
2024-07-30,42.0,30.2,0.0,Merzouga
2024-07-31,42.6,28.7,0.0,Merzouga
2024-08-01,41.7,28.5,0.0,Merzouga
2024-08-02,41.4,27.3,0.0,Merzouga
2024-08-03,42.1,26.3,0.0,Merzouga
2024-08-04,43.5,27.0,0.0,Merzouga
2024-08-05,44.6,28.2,0.0,Merzouga
2024-08-06,44.7,28.8,0.0,Merzouga
2024-08-07,44.3,28.7,0.0,Merzouga
2024-08-08,43.7,29.7,0.0,Merzouga
2024-08-09,43.3,29.8,0.0,Merzouga
2024-08-10,43.6,29.4,0.0,Merzouga
2024-08-11,41.9,30.0,0.0,Merzouga
2024-08-12,41.6,28.8,0.0,Merzouga
2024-08-13,41.3,27.9,0.0,Merzouga
2024-08-14,42.2,27.7,0.0,Merzouga
2024-08-15,39.8,25.9,0.0,Merzouga
2024-08-16,42.1,24.8,0.0,Merzouga
2024-08-17,42.7,27.2,0.0,Merzouga
2024-08-18,43.5,28.7,0.0,Merzouga
2024-08-19,42.9,30.2,0.0,Merzouga
2024-08-20,42.2,28.5,0.0,Merzouga
2024-08-21,42.0,29.8,0.0,Merzouga
2024-08-22,39.4,24.8,0.0,Merzouga
2024-08-23,38.8,28.0,0.1,Merzouga
2024-08-24,38.2,21.5,0.0,Merzouga
2024-08-25,40.5,26.3,0.9,Merzouga
2024-08-26,40.9,24.0,0.0,Merzouga
2024-08-27,40.3,28.0,0.0,Merzouga
2024-08-28,41.7,28.6,0.0,Merzouga
2024-08-29,41.0,28.2,0.0,Merzouga
2024-08-30,39.6,26.6,0.0,Merzouga
2024-08-31,39.0,27.0,0.0,Merzouga
2024-09-01,37.7,24.9,0.1,Merzouga
2024-09-02,38.7,25.7,0.0,Merzouga
2024-09-03,38.7,24.3,0.0,Merzouga
2024-09-04,38.4,25.7,0.0,Merzouga
2024-09-05,37.6,24.0,0.0,Merzouga
2024-09-06,36.1,23.9,0.5,Merzouga
2024-09-07,31.7,24.6,9.4,Merzouga
2024-09-08,25.7,22.3,28.9,Merzouga
2024-09-09,29.5,21.1,0.3,Merzouga
2024-09-10,31.4,21.2,0.0,Merzouga
2024-09-11,32.4,19.8,0.0,Merzouga
2024-09-12,26.0,15.9,2.8,Merzouga
2024-09-13,30.2,18.6,0.0,Merzouga
2024-09-14,31.9,18.0,0.0,Merzouga
2024-09-15,34.0,18.5,0.0,Merzouga
2024-09-16,35.6,22.4,0.0,Merzouga
2024-09-17,33.7,18.2,0.0,Merzouga
2024-09-18,32.7,19.1,0.0,Merzouga
2024-09-19,31.6,20.7,0.0,Merzouga
2024-09-20,25.5,20.0,12.9,Merzouga
2024-09-21,24.7,19.2,4.0,Merzouga
2024-09-22,25.0,19.8,1.3,Merzouga
2024-09-23,27.0,17.3,0.3,Merzouga
2024-09-24,28.8,19.0,0.1,Merzouga
2024-09-25,29.5,18.0,0.0,Merzouga
2024-09-26,32.8,19.1,0.0,Merzouga
2024-09-27,34.4,19.8,0.0,Merzouga
2024-09-28,34.6,20.2,0.0,Merzouga
2024-09-29,35.6,22.7,0.0,Merzouga
2024-09-30,33.7,24.2,0.0,Merzouga
2024-10-01,34.9,21.9,0.0,Merzouga
2024-10-02,34.7,21.6,0.0,Merzouga
2024-10-03,36.3,21.8,0.0,Merzouga
2024-10-04,33.6,22.9,0.0,Merzouga
2024-10-05,33.3,20.9,0.0,Merzouga
2024-10-06,30.3,22.2,0.0,Merzouga
2024-10-07,33.3,19.0,0.0,Merzouga
2024-10-08,34.7,20.2,0.0,Merzouga
2024-10-09,33.7,19.8,0.0,Merzouga
2024-10-10,33.4,19.5,0.0,Merzouga
2024-10-11,33.5,19.9,0.0,Merzouga
2024-10-12,34.8,21.5,0.0,Merzouga
2024-10-13,27.2,21.8,0.2,Merzouga
2024-10-14,22.0,16.5,9.1,Merzouga
2024-10-15,23.2,14.9,4.0,Merzouga
2024-10-16,22.7,16.2,2.1,Merzouga
2024-10-17,25.7,14.7,0.0,Merzouga
2024-10-18,24.7,14.2,0.0,Merzouga
2024-10-19,25.0,13.5,0.0,Merzouga
2024-10-20,24.7,11.8,0.0,Merzouga
2024-10-21,25.0,11.9,0.0,Merzouga
2024-10-22,24.7,12.9,0.0,Merzouga
2024-10-23,24.1,14.8,0.0,Merzouga
2024-10-24,25.3,12.3,0.0,Merzouga
2024-10-25,26.2,14.4,0.0,Merzouga
2024-10-26,27.4,14.9,0.0,Merzouga
2024-10-27,23.5,13.6,0.0,Merzouga
2024-10-28,23.3,12.5,0.5,Merzouga
2024-10-29,21.5,9.8,0.0,Merzouga
2024-10-30,23.1,11.0,0.0,Merzouga
2024-10-31,23.6,12.0,0.0,Merzouga
2024-11-01,24.9,10.1,0.0,Merzouga
2024-11-02,23.9,9.8,0.0,Merzouga
2024-11-03,23.9,12.6,0.0,Merzouga
2024-11-04,24.8,11.0,0.0,Merzouga
2024-11-05,26.1,12.6,0.0,Merzouga
2024-11-06,26.9,11.4,0.0,Merzouga
2024-11-07,27.2,14.4,0.0,Merzouga
2024-11-08,29.0,15.2,0.0,Merzouga
2024-11-09,27.8,14.3,0.0,Merzouga
2024-11-10,26.9,14.7,0.0,Merzouga
2024-11-11,23.2,13.1,0.0,Merzouga
2024-11-12,23.8,11.4,0.0,Merzouga
2024-11-13,24.7,13.5,0.3,Merzouga
2024-11-14,24.5,13.3,0.0,Merzouga
2024-11-15,25.2,13.6,0.0,Merzouga
2024-11-16,24.7,15.9,0.3,Merzouga
2024-11-17,22.8,14.4,0.2,Merzouga
2024-11-18,25.0,11.3,0.3,Merzouga
2024-11-19,24.2,15.4,0.1,Merzouga
2024-11-20,24.4,11.0,0.0,Merzouga
2024-11-21,24.7,11.8,0.0,Merzouga
2024-11-22,24.6,12.2,0.0,Merzouga
2024-11-23,23.5,10.4,0.0,Merzouga
2024-11-24,21.2,10.3,0.0,Merzouga
2024-11-25,21.0,9.4,0.0,Merzouga
2024-11-26,22.4,8.3,0.0,Merzouga
2024-11-27,22.3,9.6,0.0,Merzouga
2024-11-28,23.4,9.2,0.0,Merzouga
2024-11-29,25.4,8.8,0.0,Merzouga
2024-11-30,23.5,9.9,0.0,Merzouga
2024-12-01,22.3,8.2,0.0,Merzouga
2024-12-02,22.6,8.4,0.0,Merzouga
2024-12-03,21.7,7.9,0.0,Merzouga
2024-12-04,23.3,8.1,0.0,Merzouga
2024-12-05,19.5,6.5,0.0,Merzouga
2024-12-06,20.9,5.7,0.0,Merzouga
2024-12-07,22.4,6.3,0.0,Merzouga
2024-12-08,23.0,7.2,0.0,Merzouga
2024-12-09,21.4,7.9,0.0,Merzouga
2024-12-10,17.4,6.1,0.0,Merzouga
2024-12-11,16.5,3.6,0.0,Merzouga
2024-12-12,18.1,5.9,0.0,Merzouga
2024-12-13,18.3,5.7,0.0,Merzouga
2024-12-14,18.1,3.4,0.0,Merzouga
2024-12-15,17.6,3.6,0.0,Merzouga
2024-12-16,15.4,5.7,0.0,Merzouga
2024-12-17,14.0,1.0,0.0,Merzouga
2024-12-18,14.8,1.2,0.0,Merzouga
2024-12-19,19.1,2.6,0.0,Merzouga
2024-12-20,22.3,5.9,0.0,Merzouga
2024-12-21,17.6,7.1,0.0,Merzouga
2024-12-22,16.9,7.7,0.0,Merzouga
2024-12-23,19.6,4.5,0.0,Merzouga
2024-12-24,18.9,4.1,0.0,Merzouga
2024-12-25,16.9,4.4,0.0,Merzouga
2024-12-26,17.3,4.5,0.0,Merzouga
2024-12-27,17.1,3.5,0.0,Merzouga
2024-12-28,13.4,4.4,0.0,Merzouga
2024-12-29,12.2,5.3,0.0,Merzouga
2024-12-30,12.6,2.4,0.0,Merzouga
2024-12-31,13.2,3.8,0.0,Merzouga
2025-01-01,13.8,1.7,0.0,Merzouga
2025-01-02,15.6,4.2,0.0,Merzouga
2025-01-03,14.7,1.9,0.0,Merzouga
2025-01-04,16.7,1.7,0.0,Merzouga
2025-01-05,16.2,4.5,0.0,Merzouga
2025-01-06,18.0,3.7,0.0,Merzouga
2025-01-07,18.7,4.5,0.0,Merzouga
2025-01-08,19.2,4.1,0.0,Merzouga
2025-01-09,19.9,3.4,0.0,Merzouga
2025-01-10,20.9,3.8,0.0,Merzouga
2025-01-11,21.0,4.1,0.0,Merzouga
2025-01-12,21.7,5.6,0.0,Merzouga
2025-01-13,15.7,8.2,0.0,Merzouga
2025-01-14,12.2,4.0,0.0,Merzouga
2025-01-15,11.7,1.0,0.0,Merzouga
2025-01-16,13.8,-0.8,0.0,Merzouga
2025-01-17,14.8,2.4,0.0,Merzouga
2025-01-18,13.6,2.6,0.0,Merzouga
2025-01-19,14.5,0.2,0.0,Merzouga
2025-01-20,17.1,2.9,0.0,Merzouga
2025-01-21,18.4,4.9,0.0,Merzouga
2025-01-22,18.7,5.5,0.0,Merzouga
2025-01-23,19.1,3.6,0.0,Merzouga
2025-01-24,21.4,3.8,0.0,Merzouga
2025-01-25,20.0,7.3,0.3,Merzouga
2025-01-26,21.4,5.7,0.0,Merzouga
2025-01-27,23.3,8.5,0.0,Merzouga
2025-01-28,24.4,7.0,0.0,Merzouga
2025-01-29,21.6,4.3,0.0,Merzouga
2025-01-30,17.8,7.9,0.0,Merzouga
2025-01-31,15.8,4.6,0.0,Merzouga
2025-02-01,15.5,3.6,0.0,Merzouga
2025-02-02,18.0,3.1,0.0,Merzouga
2025-02-03,18.5,5.3,0.0,Merzouga
2025-02-04,17.3,6.2,0.0,Merzouga
2025-02-05,16.2,5.2,0.0,Merzouga
2025-02-06,15.7,4.3,0.0,Merzouga
2025-02-07,18.2,2.8,0.0,Merzouga
2025-02-08,19.7,5.6,0.0,Merzouga
2025-02-09,20.0,5.1,0.0,Merzouga
2025-02-10,19.7,4.7,0.0,Merzouga
2025-02-11,18.7,5.1,0.0,Merzouga
2025-02-12,18.7,5.5,0.0,Merzouga
2025-02-13,21.6,5.4,0.0,Merzouga
2025-02-14,22.5,7.8,0.0,Merzouga
2025-02-15,21.7,7.8,0.0,Merzouga
2025-02-16,15.0,9.0,3.3,Merzouga
2025-02-17,19.0,5.8,0.0,Merzouga
2025-02-18,19.3,6.1,0.0,Merzouga
2025-02-19,15.2,9.4,13.3,Merzouga
2025-02-20,18.9,6.4,0.0,Merzouga
2025-02-21,18.8,5.6,0.0,Merzouga
2025-02-22,19.1,6.3,0.0,Merzouga
2025-02-23,18.2,5.7,0.0,Merzouga
2025-02-24,18.4,5.9,0.0,Merzouga
2025-02-25,20.8,5.3,0.0,Merzouga
2025-02-26,22.2,8.0,0.0,Merzouga
2025-02-27,23.2,8.9,0.0,Merzouga
2025-02-28,23.2,11.3,0.9,Merzouga
2025-03-01,18.8,8.2,0.1,Merzouga
2025-03-02,20.6,7.4,0.0,Merzouga
2025-03-03,23.7,8.7,0.5,Merzouga
2025-03-04,22.8,11.6,1.7,Merzouga
2025-03-05,22.0,10.0,0.0,Merzouga
2025-03-06,21.3,10.1,0.0,Merzouga
2025-03-07,21.6,8.0,0.0,Merzouga
2025-03-08,24.2,10.1,0.0,Merzouga
2025-03-09,22.3,12.0,0.0,Merzouga
2025-03-10,23.9,9.9,0.0,Merzouga
2025-03-11,24.5,11.3,0.0,Merzouga
2025-03-12,25.9,12.5,0.0,Merzouga
2025-03-13,26.2,12.1,0.0,Merzouga
2025-03-14,22.4,12.7,0.0,Merzouga
2025-03-15,21.6,9.1,0.0,Merzouga
2025-03-16,24.4,8.9,0.0,Merzouga
2025-03-17,26.3,10.9,0.0,Merzouga
2025-03-18,23.8,12.2,0.0,Merzouga
2025-03-19,26.6,11.8,0.0,Merzouga
2025-03-20,30.7,12.4,0.0,Merzouga
2025-03-21,29.8,16.3,0.0,Merzouga
2025-03-22,26.9,12.2,0.0,Merzouga
2025-03-23,23.6,11.7,0.0,Merzouga
2025-03-24,22.0,11.0,0.0,Merzouga
2025-03-25,18.7,9.0,3.7,Merzouga
2025-03-26,20.1,10.8,0.1,Merzouga
2025-03-27,24.1,8.5,0.0,Merzouga
2025-03-28,26.1,11.3,0.0,Merzouga
2025-03-29,27.8,13.2,0.0,Merzouga
2025-03-30,28.4,10.8,0.0,Merzouga
2025-03-31,28.0,12.0,0.0,Merzouga
2025-04-01,28.5,17.2,0.0,Merzouga
2025-04-02,28.0,13.2,0.0,Merzouga
2025-04-03,27.4,14.4,0.0,Merzouga
2025-04-04,29.4,15.8,0.0,Merzouga
2025-04-05,27.5,15.9,0.0,Merzouga
2025-04-06,26.6,16.1,0.0,Merzouga
2025-04-07,26.6,14.8,0.0,Merzouga
2025-04-08,28.9,15.4,0.0,Merzouga
2025-04-09,29.9,16.7,0.5,Merzouga
2025-04-10,27.6,15.8,0.3,Merzouga
2025-04-11,29.9,16.9,4.9,Merzouga
2025-04-12,21.1,16.3,10.8,Merzouga
2025-04-13,22.0,13.7,17.5,Merzouga
2025-04-14,23.1,11.0,0.0,Merzouga
2025-04-15,25.8,11.6,0.0,Merzouga
2025-04-16,23.6,11.2,0.0,Merzouga
2025-04-17,24.4,10.4,0.0,Merzouga
2025-04-18,27.5,12.0,0.0,Merzouga
2025-04-19,30.4,14.8,0.0,Merzouga
2025-04-20,27.9,14.7,0.0,Merzouga
2025-04-21,25.8,11.8,0.0,Merzouga
2025-04-22,29.6,14.1,0.0,Merzouga
2025-04-23,31.6,14.5,0.0,Merzouga
2025-04-24,29.5,17.4,0.8,Merzouga
2025-04-25,28.4,13.1,2.9,Merzouga
2025-04-26,29.3,15.1,0.0,Merzouga
2025-04-27,32.2,16.2,0.0,Merzouga
2025-04-28,33.4,18.2,0.0,Merzouga
2025-04-29,31.6,21.0,0.3,Merzouga
2025-04-30,26.9,17.5,1.3,Merzouga
2025-05-01,27.5,17.3,9.6,Merzouga
2025-05-02,31.2,17.3,0.0,Merzouga
2025-05-03,31.9,15.0,0.0,Merzouga
2025-05-04,30.5,15.9,0.0,Merzouga
2025-05-05,31.2,16.6,0.0,Merzouga
2025-05-06,31.1,18.9,0.0,Merzouga
2025-05-07,33.9,19.8,0.0,Merzouga
2025-05-08,30.4,19.4,0.0,Merzouga
2025-05-09,30.8,18.5,0.0,Merzouga
2025-05-10,27.1,22.3,0.0,Merzouga
2025-05-11,30.1,18.2,0.0,Merzouga
2025-05-12,30.2,16.1,0.0,Merzouga
2025-05-13,32.5,17.9,0.0,Merzouga
2025-05-14,24.7,15.0,0.0,Merzouga
2025-05-15,27.6,13.4,0.0,Merzouga
2025-05-16,31.3,16.7,0.0,Merzouga
2025-05-17,32.7,19.4,0.0,Merzouga
2025-05-18,34.7,19.9,0.0,Merzouga
2025-05-19,36.6,22.7,0.0,Merzouga
2025-05-20,36.1,19.8,0.0,Merzouga
2025-05-21,36.3,21.7,0.0,Merzouga
2025-05-22,36.0,21.7,0.0,Merzouga
2025-05-23,34.2,22.4,0.0,Merzouga
2025-05-24,30.1,18.6,0.0,Merzouga
2025-05-25,31.4,18.8,0.0,Merzouga
2025-05-26,34.2,19.8,0.0,Merzouga
2025-05-27,35.5,21.5,0.0,Merzouga
2025-05-28,36.1,22.3,0.0,Merzouga
2025-05-29,36.2,23.1,0.0,Merzouga
2025-05-30,37.1,23.9,0.0,Merzouga
2025-05-31,36.9,23.2,0.0,Merzouga
2025-06-01,36.2,24.7,0.0,Merzouga
2025-06-02,35.6,23.4,0.0,Merzouga
2025-06-03,36.0,23.0,0.0,Merzouga
2025-06-04,36.4,23.5,0.0,Merzouga
2025-06-05,37.7,24.7,0.0,Merzouga
2025-06-06,37.5,24.9,0.0,Merzouga
2025-06-07,38.8,25.5,0.0,Merzouga
2025-06-08,39.5,26.2,0.0,Merzouga
2025-06-09,40.0,25.9,0.0,Merzouga
2025-06-10,40.0,26.5,0.0,Merzouga
2025-06-11,41.1,27.3,0.0,Merzouga
2025-06-12,41.6,27.6,0.0,Merzouga
2025-06-13,41.2,26.6,0.0,Merzouga
2025-06-14,39.2,27.8,0.0,Merzouga
2025-06-15,38.4,26.0,0.0,Merzouga
2025-06-16,39.1,26.7,0.0,Merzouga
2025-06-17,39.6,26.8,0.1,Merzouga
2025-06-18,39.4,28.5,0.0,Merzouga
2025-06-19,38.0,27.9,0.0,Merzouga
2025-06-20,37.7,28.4,0.0,Merzouga
2025-06-21,38.5,26.4,0.0,Merzouga
2025-06-22,38.1,25.3,0.0,Merzouga
2025-06-23,38.3,26.1,0.0,Merzouga
2025-06-24,38.6,26.7,0.0,Merzouga
2025-06-25,38.7,26.2,0.0,Merzouga
2025-06-26,39.7,26.0,0.0,Merzouga
2025-06-27,40.1,28.4,0.0,Merzouga
2025-06-28,40.5,28.1,0.0,Merzouga
2025-06-29,41.6,28.3,0.0,Merzouga
2025-06-30,39.9,27.4,0.0,Merzouga
2025-07-01,39.7,26.7,0.0,Merzouga
2025-07-02,41.0,27.4,0.0,Merzouga
2025-07-03,41.6,28.5,0.0,Merzouga
2025-07-04,40.9,29.4,0.0,Merzouga
2025-07-05,42.3,27.6,0.0,Merzouga
2025-07-06,41.0,29.3,0.0,Merzouga
2025-07-07,42.2,28.8,0.0,Merzouga
2025-07-08,43.1,29.6,0.0,Merzouga
2025-07-09,42.3,29.4,0.0,Merzouga
2025-07-10,41.8,28.3,0.1,Merzouga
2025-07-11,40.1,28.6,0.0,Merzouga
2025-07-12,41.8,27.7,0.0,Merzouga
2025-07-13,41.8,25.2,0.0,Merzouga
2025-07-14,42.0,28.1,0.0,Merzouga
2025-07-15,41.9,29.3,0.0,Merzouga
2025-07-16,43.6,31.1,0.0,Merzouga
2025-07-17,41.2,30.1,0.0,Merzouga
2025-07-18,41.9,27.5,0.0,Merzouga
2025-07-19,42.7,28.6,0.0,Merzouga
2025-07-20,42.6,30.0,0.0,Merzouga
2025-07-21,42.8,28.8,0.0,Merzouga
2025-07-22,43.6,28.9,0.0,Merzouga
2025-07-23,41.9,30.4,0.0,Merzouga
2025-07-24,41.1,27.2,0.0,Merzouga
2025-07-25,43.3,28.8,0.0,Merzouga
2025-07-26,43.2,27.3,0.0,Merzouga
2025-07-27,42.4,30.0,0.0,Merzouga
2025-07-28,42.5,29.7,0.0,Merzouga
2025-07-29,42.8,30.7,0.0,Merzouga
2025-07-30,43.6,27.8,0.0,Merzouga
2025-07-31,44.3,31.5,0.0,Merzouga
2025-08-01,43.2,31.2,0.0,Merzouga
2025-08-02,41.3,31.8,0.0,Merzouga
2025-08-03,40.3,26.3,0.0,Merzouga
2025-08-04,39.6,26.9,0.2,Merzouga
2025-08-05,40.5,27.6,0.0,Merzouga
2025-08-06,40.5,28.3,0.0,Merzouga
2025-08-07,39.1,26.7,0.0,Merzouga
2025-08-08,37.9,26.1,0.0,Merzouga
2025-08-09,39.1,25.6,0.0,Merzouga
2025-08-10,40.6,26.2,0.0,Merzouga
2025-08-11,39.8,27.6,0.0,Merzouga
2025-08-12,40.1,25.9,0.0,Merzouga
2025-08-13,41.3,28.6,0.0,Merzouga
2025-08-14,41.7,28.1,0.0,Merzouga
2025-08-15,42.0,27.9,0.0,Merzouga
2025-08-16,41.0,29.8,0.0,Merzouga
2025-08-17,38.7,27.5,0.0,Merzouga
2025-08-18,38.8,24.8,0.0,Merzouga
2025-08-19,39.4,26.1,0.0,Merzouga
2025-08-20,40.8,27.0,0.0,Merzouga
2025-08-21,42.1,26.7,0.0,Merzouga
2025-08-22,41.5,29.3,0.0,Merzouga
2025-08-23,38.0,28.1,0.0,Merzouga
2025-08-24,40.4,26.8,0.0,Merzouga
2025-08-25,41.4,28.0,0.0,Merzouga
2025-08-26,41.3,27.8,0.0,Merzouga
2025-08-27,40.7,26.2,0.0,Merzouga
2025-08-28,40.1,28.6,0.0,Merzouga
2025-08-29,37.5,24.6,0.0,Merzouga
2025-08-30,38.1,24.3,0.0,Merzouga
2025-08-31,40.8,24.4,0.0,Merzouga
2025-09-01,42.0,26.7,0.0,Merzouga
2025-09-02,39.2,24.7,0.0,Merzouga
2025-09-03,41.6,26.8,0.0,Merzouga
2025-09-04,42.3,24.5,0.0,Merzouga
2025-09-05,37.3,29.9,0.0,Merzouga
2025-09-06,39.8,24.2,0.0,Merzouga
2025-09-07,33.4,24.0,0.8,Merzouga
2025-09-08,35.1,20.6,0.1,Merzouga
2025-09-09,35.5,23.8,0.3,Merzouga
2025-09-10,32.6,20.4,0.0,Merzouga
2025-09-11,34.7,21.0,0.0,Merzouga
2025-09-12,35.3,22.3,0.0,Merzouga
2025-09-13,34.1,22.4,0.0,Merzouga
2025-09-14,35.4,22.1,0.0,Merzouga
2025-09-15,36.4,22.6,0.0,Merzouga
2025-09-16,36.0,23.7,0.0,Merzouga
2025-09-17,36.7,21.7,0.0,Merzouga
2025-09-18,36.7,21.8,0.0,Merzouga
2025-09-19,36.2,24.5,0.0,Merzouga
2025-09-20,35.4,23.2,0.0,Merzouga
2025-09-21,35.3,22.4,0.0,Merzouga
2025-09-22,34.8,20.6,0.0,Merzouga
2025-09-23,34.3,21.8,0.2,Merzouga
2025-09-24,34.4,19.7,0.0,Merzouga
2025-09-25,34.0,21.0,0.0,Merzouga
2025-09-26,32.2,18.5,0.0,Merzouga
2025-09-27,31.7,21.2,0.0,Merzouga
2025-09-28,32.8,20.2,0.0,Merzouga
2025-09-29,33.2,22.8,0.0,Merzouga
2025-09-30,32.3,20.1,0.0,Merzouga
2025-10-01,32.7,17.8,0.0,Merzouga
2025-10-02,33.4,19.5,0.0,Merzouga
2025-10-03,33.8,19.3,0.0,Merzouga
2025-10-04,32.7,19.5,0.0,Merzouga
2025-10-05,31.0,19.2,0.0,Merzouga
2025-10-06,31.2,17.6,0.0,Merzouga
2025-10-07,31.7,18.6,0.0,Merzouga
2025-10-08,33.1,18.6,0.0,Merzouga
2025-10-09,34.0,20.3,0.0,Merzouga
2025-10-10,33.4,21.0,0.0,Merzouga
2025-10-11,29.7,20.2,0.0,Merzouga
2025-10-12,30.7,19.0,0.0,Merzouga
2025-10-13,31.6,18.9,0.0,Merzouga
2025-10-14,32.9,16.6,0.0,Merzouga
2025-10-15,33.1,16.3,0.0,Merzouga
2025-10-16,28.3,20.2,0.0,Merzouga
2025-10-17,26.9,17.4,0.0,Merzouga
2025-10-18,27.5,17.1,0.0,Merzouga
2025-10-19,30.1,16.9,0.0,Merzouga
2025-10-20,31.6,17.5,0.0,Merzouga
2025-10-21,32.3,19.0,0.0,Merzouga
2025-10-22,33.1,19.1,0.0,Merzouga
2025-10-23,33.1,18.3,0.0,Merzouga
2025-10-24,33.0,18.4,0.0,Merzouga
2025-10-25,32.7,18.3,0.0,Merzouga
2025-10-26,32.6,17.0,0.0,Merzouga
2025-10-27,28.5,18.9,0.0,Merzouga
2025-10-28,28.7,15.7,0.0,Merzouga
2025-10-29,29.0,18.3,0.2,Merzouga
2025-10-30,27.4,17.7,0.0,Merzouga
2025-10-31,28.4,14.1,0.0,Merzouga
2025-11-01,29.4,14.4,0.0,Merzouga
2025-11-02,29.8,15.0,0.0,Merzouga
2025-11-03,28.0,15.3,0.0,Merzouga
2025-11-04,27.4,13.4,0.0,Merzouga
2025-11-05,26.3,12.6,0.0,Merzouga
2025-11-06,27.9,13.7,0.0,Merzouga
2025-11-07,26.4,13.7,0.0,Merzouga
2025-11-08,27.2,14.2,0.0,Merzouga
2025-11-09,27.8,12.7,0.0,Merzouga
2025-11-10,27.8,11.7,0.0,Merzouga
2025-11-11,28.6,13.1,0.0,Merzouga
2025-11-12,28.3,14.3,0.0,Merzouga
2025-11-13,26.0,15.9,0.2,Merzouga
2025-11-14,26.3,19.3,0.0,Merzouga
2025-11-15,24.4,12.1,0.0,Merzouga
2025-11-16,24.8,10.8,0.0,Merzouga
2025-11-17,23.8,11.9,0.0,Merzouga
2025-11-18,16.7,10.6,4.8,Merzouga
2025-11-19,17.0,6.9,0.0,Merzouga
2025-11-20,17.6,7.1,0.0,Merzouga
2025-11-21,19.9,6.4,0.0,Merzouga
2025-11-22,18.5,7.0,0.0,Merzouga
2025-11-23,19.7,4.0,0.0,Merzouga
2025-11-24,22.2,5.9,0.0,Merzouga
2025-11-25,22.1,6.3,0.0,Merzouga
2025-11-26,21.2,6.4,0.0,Merzouga
2025-11-27,18.2,6.5,0.0,Merzouga
2025-11-28,18.8,4.4,0.0,Merzouga
2025-11-29,19.3,4.9,0.0,Merzouga
2025-11-30,18.2,5.9,0.0,Merzouga
2025-12-01,17.9,9.4,0.2,Merzouga
2025-12-02,18.3,4.9,0.0,Merzouga
2025-12-03,21.4,3.6,0.0,Merzouga
2025-12-04,17.3,4.3,0.0,Merzouga
2025-12-05,19.0,3.4,0.0,Merzouga
2025-12-06,19.2,4.2,0.0,Merzouga
2025-12-07,18.5,4.3,0.0,Merzouga
2025-12-08,20.1,5.0,0.0,Merzouga
2025-12-09,19.4,4.9,0.0,Merzouga
2025-12-10,17.2,4.4,0.8,Merzouga
2025-12-11,14.1,8.3,0.8,Merzouga
2025-12-12,15.3,6.3,0.0,Merzouga
2025-12-13,14.0,8.5,17.2,Merzouga
2025-12-14,12.0,5.7,10.6,Merzouga
2025-12-15,12.4,4.6,0.4,Merzouga
2025-12-16,12.4,6.3,0.1,Merzouga
2025-12-17,11.4,2.5,0.2,Merzouga
2025-12-18,13.2,5.6,0.0,Merzouga
2025-12-19,15.2,4.4,0.0,Merzouga
2025-12-20,16.1,3.6,0.0,Merzouga
2025-12-21,15.3,2.9,0.0,Merzouga
2025-12-22,16.0,3.8,0.0,Merzouga
2025-12-23,14.4,2.9,0.0,Merzouga
2025-12-24,17.5,4.6,0.0,Merzouga
2025-12-25,15.7,5.5,0.0,Merzouga
2025-12-26,15.3,2.8,0.0,Merzouga
2025-12-27,16.1,4.8,0.0,Merzouga
2025-12-28,15.1,5.9,0.6,Merzouga
2025-12-29,15.5,3.1,0.0,Merzouga
2025-12-30,15.8,3.3,0.0,Merzouga
2025-12-31,18.0,4.3,0.0,Merzouga
2026-01-01,18.9,6.9,0.0,Merzouga
2026-01-02,17.6,7.5,0.0,Merzouga
2026-01-03,15.9,10.9,3.6,Merzouga
2026-01-04,18.2,9.8,0.1,Merzouga
2026-01-05,17.0,7.1,0.0,Merzouga
2026-01-06,14.1,5.6,0.0,Merzouga
2026-01-07,12.9,-0.2,0.0,Merzouga
2026-01-08,13.3,0.5,0.0,Merzouga
2026-01-09,15.3,0.8,0.0,Merzouga
2026-01-10,18.7,1.2,0.0,Merzouga
2026-01-11,17.9,3.7,0.0,Merzouga
2026-01-12,17.0,2.1,0.0,Merzouga
2026-01-13,14.4,1.9,0.0,Merzouga
2026-01-14,12.2,2.1,0.0,Merzouga
2026-01-15,15.6,3.2,0.0,Merzouga
2026-01-16,17.4,4.6,0.0,Merzouga
2026-01-17,12.1,5.7,0.8,Merzouga
2026-01-18,11.9,2.8,5.3,Merzouga
2026-01-19,12.8,4.3,0.0,Merzouga
2026-01-20,13.7,0.3,0.0,Merzouga
2026-01-21,16.4,3.3,0.0,Merzouga
2026-01-22,19.6,6.0,0.0,Merzouga
2026-01-23,19.0,5.5,0.0,Merzouga
2026-01-24,15.3,9.9,0.3,Merzouga
2026-01-25,17.7,4.9,0.0,Merzouga
2026-01-26,19.6,4.1,0.0,Merzouga
2026-01-27,23.3,6.9,0.0,Merzouga
2026-01-28,23.2,8.6,0.0,Merzouga
2026-01-29,24.9,11.8,0.0,Merzouga
2026-01-30,25.3,12.0,0.0,Merzouga
2026-01-31,23.5,13.9,0.0,Merzouga
2026-02-01,23.2,8.2,0.0,Merzouga
2026-02-02,24.3,10.5,0.0,Merzouga
2026-02-03,19.8,7.6,0.0,Merzouga
2026-02-04,23.5,7.9,0.0,Merzouga
2026-02-05,25.5,8.6,0.0,Merzouga
2026-02-06,24.5,8.8,0.0,Merzouga
2026-02-07,21.7,9.2,0.0,Merzouga
2026-02-08,22.8,9.8,0.0,Merzouga
2026-02-09,24.0,10.0,0.0,Merzouga
2026-02-10,25.1,11.5,0.0,Merzouga
2026-02-11,27.6,11.0,0.0,Merzouga
2026-02-12,29.1,11.4,0.0,Merzouga
2026-02-13,31.0,13.5,0.0,Merzouga
2026-02-14,17.7,11.7,0.0,Merzouga
2026-02-15,20.1,3.9,0.0,Merzouga
2026-02-16,25.5,5.8,0.0,Merzouga
2026-02-17,26.9,7.0,0.0,Merzouga
2026-02-18,26.8,9.1,0.0,Merzouga
2026-02-19,26.5,10.2,0.0,Merzouga
2026-02-20,24.5,10.3,0.0,Merzouga
2026-02-21,24.2,6.7,0.0,Merzouga
2026-02-22,22.4,8.2,0.0,Merzouga
2026-02-23,23.1,8.2,0.0,Merzouga
2026-02-24,22.5,7.3,0.0,Merzouga
2026-02-25,21.9,6.6,0.0,Merzouga
2026-02-26,23.0,9.9,0.0,Merzouga
2026-02-27,23.0,12.6,0.0,Merzouga
2026-02-28,21.5,11.6,0.0,Merzouga
2026-03-01,21.1,14.2,0.5,Merzouga
2026-03-02,22.7,12.5,0.0,Merzouga
2026-03-03,19.6,10.3,2.0,Merzouga
2026-03-04,15.6,6.6,0.8,Merzouga
2026-03-05,18.8,4.8,0.0,Merzouga
2026-03-06,22.3,7.2,0.0,Merzouga
2026-03-07,22.8,8.7,0.0,Merzouga
2026-03-08,23.6,10.9,0.0,Merzouga
2026-03-09,23.1,10.8,0.0,Merzouga
2026-03-10,22.4,10.4,0.0,Merzouga
2026-03-11,12.9,6.6,2.9,Merzouga
2026-03-12,18.7,7.7,0.0,Merzouga
2026-03-13,19.6,7.8,0.0,Merzouga
2026-03-14,23.7,7.7,0.0,Merzouga
2026-03-15,24.3,9.0,0.0,Merzouga
2026-03-16,21.1,10.7,0.0,Merzouga
2026-03-17,22.9,9.3,0.0,Merzouga
2026-03-18,20.4,11.3,3.3,Merzouga
2026-03-19,23.6,11.2,0.0,Merzouga
2026-03-20,25.8,11.9,0.0,Merzouga
2026-03-21,25.5,15.1,0.0,Merzouga
2026-03-22,25.0,14.7,0.0,Merzouga
2026-03-23,25.4,13.8,0.0,Merzouga
2026-03-24,25.2,13.2,0.0,Merzouga
2026-03-25,20.9,13.3,4.7,Merzouga
2026-03-26,20.4,12.8,7.1,Merzouga
2026-03-27,18.2,12.0,8.0,Merzouga
2026-03-28,18.6,9.9,0.1,Merzouga
2026-03-29,22.2,8.8,0.0,Merzouga
2026-03-30,17.5,6.6,0.1,Merzouga
2026-03-31,22.5,6.3,0.0,Merzouga
2026-04-01,24.7,8.3,0.0,Merzouga
2026-04-02,25.2,11.4,0.0,Merzouga
2026-04-03,24.3,13.0,0.0,Merzouga
2026-04-04,25.2,12.2,0.0,Merzouga
2026-04-05,25.7,11.9,0.0,Merzouga
2026-04-06,24.5,12.1,0.0,Merzouga
2026-04-07,23.8,15.9,0.0,Merzouga
2026-04-08,27.9,11.8,0.0,Merzouga
2026-04-09,25.7,15.9,0.0,Merzouga
2026-04-10,24.1,12.7,0.0,Merzouga
2026-04-11,21.9,12.0,0.0,Merzouga
2026-04-12,25.8,12.8,0.0,Merzouga
2026-04-13,26.3,10.6,0.0,Merzouga
2026-04-14,23.2,10.7,0.0,Merzouga
2026-04-15,25.6,12.4,0.0,Merzouga
2026-04-16,26.9,14.2,0.0,Merzouga
2026-04-17,28.6,14.8,0.0,Merzouga
2026-04-18,29.4,15.1,0.0,Merzouga
2026-04-19,30.1,16.6,0.0,Merzouga
2026-04-20,30.4,17.4,0.0,Merzouga
2026-04-21,31.3,17.2,0.0,Merzouga
2026-04-22,32.9,19.1,0.0,Merzouga
2026-04-23,33.0,19.1,0.0,Merzouga
2026-04-24,32.1,18.7,0.0,Merzouga
2026-04-25,29.0,16.5,0.0,Merzouga
2026-04-26,30.1,17.9,0.0,Merzouga
2026-04-27,32.5,18.4,0.0,Merzouga
2026-04-28,30.1,18.3,0.0,Merzouga
2026-04-29,30.8,18.0,0.0,Merzouga
2026-04-30,31.3,17.3,0.0,Merzouga
2026-05-01,31.9,18.6,0.0,Merzouga
2026-05-02,32.9,19.1,0.0,Merzouga
2026-05-03,32.3,19.9,0.0,Merzouga
2026-05-04,34.4,19.5,0.0,Merzouga
2026-05-05,31.8,20.0,0.0,Merzouga
2026-05-06,31.3,18.9,0.0,Merzouga
2026-05-07,29.7,17.3,0.0,Merzouga
2026-05-08,31.2,18.2,0.0,Merzouga
2026-05-09,31.0,18.4,0.0,Merzouga
2026-05-10,33.9,18.0,0.0,Merzouga
2026-05-11,33.4,22.2,0.0,Merzouga
2026-05-12,30.7,22.6,0.0,Merzouga
2026-05-13,33.9,18.2,0.0,Merzouga
2026-05-14,29.0,20.2,4.4,Merzouga
2026-05-15,33.0,17.1,1.7,Merzouga
2026-05-16,24.7,15.3,0.0,Merzouga
2026-05-17,26.9,13.6,0.0,Merzouga
2026-05-18,30.0,18.1,0.0,Merzouga
2026-05-19,33.0,19.5,0.0,Merzouga
2026-05-20,33.2,20.3,0.0,Merzouga
2026-05-21,34.5,20.4,0.0,Merzouga
2026-05-22,34.3,21.4,0.0,Merzouga
2026-05-23,35.0,21.5,0.0,Merzouga
2026-05-24,35.6,24.1,0.0,Merzouga
2026-05-25,34.9,22.2,0.0,Merzouga
2026-05-26,34.5,23.0,0.0,Merzouga
2026-05-27,34.0,23.1,0.0,Merzouga
2026-05-28,35.6,21.8,0.0,Merzouga
2026-05-29,36.2,25.0,6.1,Merzouga
2026-05-30,35.7,21.8,0.0,Merzouga
2026-05-31,37.4,23.9,0.0,Merzouga
2026-06-01,38.5,23.6,0.0,Merzouga
2026-06-02,39.8,24.6,0.0,Merzouga
2026-06-03,40.3,24.6,0.0,Merzouga
2026-06-04,40.4,24.3,0.0,Merzouga
2026-06-05,38.4,25.6,0.0,Merzouga
2026-06-06,39.4,23.1,0.0,Merzouga
2026-06-07,39.0,24.1,0.0,Merzouga
2026-06-08,41.2,24.9,0.0,Merzouga
2026-06-09,41.8,26.2,0.0,Merzouga
2026-06-10,40.4,24.8,0.0,Merzouga
2026-06-11,40.8,26.5,0.0,Merzouga
2026-06-12,40.6,25.6,0.0,Merzouga
2026-06-13,40.5,25.5,0.2,Merzouga
2026-06-14,39.0,25.3,0.0,Merzouga
2026-06-15,39.0,24.2,0.0,Merzouga
2026-06-16,39.2,25.1,0.0,Merzouga
2026-06-17,39.5,24.6,0.0,Merzouga
2026-06-18,38.6,23.6,0.0,Merzouga
2026-06-19,38.6,24.4,0.0,Merzouga
2026-06-20,39.1,23.9,0.0,Merzouga
2026-06-21,40.5,27.5,4.6,Merzouga
2026-06-22,40.7,25.3,0.0,Merzouga
2026-06-23,40.7,28.2,0.0,Merzouga
2026-06-24,41.8,29.1,0.0,Merzouga
2026-06-25,42.5,27.9,0.0,Merzouga
2026-06-26,42.3,28.0,0.0,Merzouga
2026-06-27,42.1,28.1,0.2,Merzouga
2026-06-28,41.8,28.4,0.1,Merzouga
2026-06-29,38.9,25.9,0.0,Merzouga
2026-06-30,39.1,26.9,0.0,Merzouga
2026-07-01,37.0,26.4,0.0,Merzouga
2026-07-02,38.1,24.8,0.0,Merzouga
2026-07-03,39.8,27.3,0.0,Merzouga
2026-07-04,39.7,28.6,0.0,Merzouga
2026-07-05,40.0,28.5,0.0,Merzouga
2026-07-06,39.4,26.1,0.0,Merzouga
2026-07-07,39.7,28.1,0.0,Merzouga
2026-07-08,40.6,26.4,0.0,Merzouga
2026-07-09,41.9,27.7,0.0,Merzouga
2026-07-10,41.8,29.0,0.0,Merzouga
2026-07-11,42.0,28.1,0.0,Merzouga
2026-07-12,41.6,26.9,0.0,Merzouga
2026-07-13,42.7,27.8,0.0,Merzouga
2026-07-14,42.7,28.3,0.0,Merzouga
2026-07-15,43.7,30.7,0.0,Merzouga
2026-07-16,41.4,27.4,0.0,Merzouga
2026-07-17,42.4,28.4,0.0,Merzouga
2026-07-18,42.2,30.6,0.0,Merzouga
2026-07-19,42.7,28.2,0.0,Merzouga
2026-07-20,42.8,28.1,0.0,Merzouga
2026-07-21,42.9,28.5,0.0,Merzouga
2026-07-22,43.3,28.8,0.0,Merzouga
2026-07-23,43.7,27.8,0.0,Merzouga
2026-07-24,43.5,27.7,0.0,Merzouga
2026-07-25,43.6,28.3,0.0,Merzouga
2026-07-26,43.7,27.8,0.0,Merzouga
2026-07-27,43.7,29.1,0.0,Merzouga
2026-07-28,43.8,31.8,0.0,Merzouga
2026-07-29,44.1,30.2,0.0,Merzouga
2026-07-30,42.4,31.0,0.1,Merzouga
2026-07-31,42.0,28.8,0.0,Merzouga
2026-08-01,43.0,29.9,0.8,Merzouga
